doe_replicate_id,block_seeds,latency_protocol_id,point_id,x1,x2,x3,x4,learning_rate,max_depth,subsample,reg_lambda,evaluation_count,validation_rmse_mean,validation_rmse_standard_deviation,predict_latency_us_mean,predict_latency_us_standard_deviation
0,"[3001, 3002, 3003, 3004, 3005]",single_sample_latency_online_search_v1,1,-1.0,-1.0,-1.0,-1.0,0.010000000000000004,3,0.5,0.09999999999999998,5,0.7982356286064951,0.006444307389559233,114.39200000000001,5.863191963427427
0,"[3001, 3002, 3003, 3004, 3005]",single_sample_latency_online_search_v1,2,1.0,-1.0,-1.0,-1.0,0.30000000000000004,3,0.5,0.09999999999999998,5,0.4986206496072306,0.010260271992210844,116.77000000000001,5.2185630206025015
0,"[3001, 3002, 3003, 3004, 3005]",single_sample_latency_online_search_v1,3,-1.0,1.0,-1.0,-1.0,0.010000000000000004,9,0.5,0.09999999999999998,5,0.6566604300353958,0.0060186235492830946,226.81799999999998,13.405167660271918
0,"[3001, 3002, 3003, 3004, 3005]",single_sample_latency_online_search_v1,4,1.0,1.0,-1.0,-1.0,0.30000000000000004,9,0.5,0.09999999999999998,5,0.5359683385744407,0.006830709901565379,194.974,12.732402758317052
0,"[3001, 3002, 3003, 3004, 3005]",single_sample_latency_online_search_v1,5,-1.0,-1.0,1.0,-1.0,0.010000000000000004,3,1.0,0.09999999999999998,5,0.8003695509448164,0.0057300321826040486,116.194,5.334260023658392
0,"[3001, 3002, 3003, 3004, 3005]",single_sample_latency_online_search_v1,6,1.0,-1.0,1.0,-1.0,0.30000000000000004,3,1.0,0.09999999999999998,5,0.48612626124920205,0.007919664044521144,116.28400000000002,4.701651837386512
0,"[3001, 3002, 3003, 3004, 3005]",single_sample_latency_online_search_v1,7,-1.0,1.0,1.0,-1.0,0.010000000000000004,9,1.0,0.09999999999999998,5,0.6578889981139382,0.006317248657828764,239.166,14.968806899683091
0,"[3001, 3002, 3003, 3004, 3005]",single_sample_latency_online_search_v1,8,1.0,1.0,1.0,-1.0,0.30000000000000004,9,1.0,0.09999999999999998,5,0.4956937674990721,0.00740409802074001,199.572,10.42189378184215
0,"[3001, 3002, 3003, 3004, 3005]",single_sample_latency_online_search_v1,9,-1.0,-1.0,-1.0,1.0,0.010000000000000004,3,0.5,10.000000000000002,5,0.8023452954738115,0.006727121576341738,124.36399999999999,7.380462722621116
0,"[3001, 3002, 3003, 3004, 3005]",single_sample_latency_online_search_v1,10,1.0,-1.0,-1.0,1.0,0.30000000000000004,3,0.5,10.000000000000002,5,0.49494601843014163,0.009125760544638444,120.732,9.545727840243506
0,"[3001, 3002, 3003, 3004, 3005]",single_sample_latency_online_search_v1,11,-1.0,1.0,-1.0,1.0,0.010000000000000004,9,0.5,10.000000000000002,5,0.6927846151489394,0.006129795896745984,202.426,16.724865619788993
0,"[3001, 3002, 3003, 3004, 3005]",single_sample_latency_online_search_v1,12,1.0,1.0,-1.0,1.0,0.30000000000000004,9,0.5,10.000000000000002,5,0.4865299929339928,0.007034440780237428,195.278,13.63784330456982
0,"[3001, 3002, 3003, 3004, 3005]",single_sample_latency_online_search_v1,13,-1.0,-1.0,1.0,1.0,0.010000000000000004,3,1.0,10.000000000000002,5,0.8026587053752687,0.005794921332985538,115.80999999999999,6.114470541265204
0,"[3001, 3002, 3003, 3004, 3005]",single_sample_latency_online_search_v1,14,1.0,-1.0,1.0,1.0,0.30000000000000004,3,1.0,10.000000000000002,5,0.4906288480232795,0.007403983753318664,120.35,8.718425890033139
0,"[3001, 3002, 3003, 3004, 3005]",single_sample_latency_online_search_v1,15,-1.0,1.0,1.0,1.0,0.010000000000000004,9,1.0,10.000000000000002,5,0.6839791993712456,0.00547660548303282,205.594,10.782899888248986
0,"[3001, 3002, 3003, 3004, 3005]",single_sample_latency_online_search_v1,16,1.0,1.0,1.0,1.0,0.30000000000000004,9,1.0,10.000000000000002,5,0.4693422111918455,0.007063779869448291,192.882,14.394539589719438
0,"[3001, 3002, 3003, 3004, 3005]",single_sample_latency_online_search_v1,17,0.0,0.0,0.0,0.0,0.05477225575051663,6,0.75,1.0000000000000002,20,0.4850212349321419,0.00670541274805925,137.369,8.157122106026828
0,"[3001, 3002, 3003, 3004, 3005]",single_sample_latency_online_search_v1,18,-1.0,0.0,0.0,0.0,0.010000000000000004,6,0.75,1.0000000000000002,5,0.7056122049566185,0.005625117628416477,135.166,11.111353652908365
0,"[3001, 3002, 3003, 3004, 3005]",single_sample_latency_online_search_v1,19,1.0,0.0,0.0,0.0,0.30000000000000004,6,0.75,1.0000000000000002,5,0.47599352932412853,0.009294262239613854,130.666,6.3786464081339345
0,"[3001, 3002, 3003, 3004, 3005]",single_sample_latency_online_search_v1,20,0.0,-1.0,0.0,0.0,0.05477225575051663,3,0.75,1.0000000000000002,5,0.5535665230254874,0.0067671756206527595,119.458,10.432977523219344
0,"[3001, 3002, 3003, 3004, 3005]",single_sample_latency_online_search_v1,21,0.0,1.0,0.0,0.0,0.05477225575051663,9,0.75,1.0000000000000002,5,0.4657669019693421,0.005302103154266523,211.35999999999999,13.865534609238843
0,"[3001, 3002, 3003, 3004, 3005]",single_sample_latency_online_search_v1,22,0.0,0.0,-1.0,0.0,0.05477225575051663,6,0.5,1.0000000000000002,5,0.484119567760909,0.007062832129350623,140.846,10.868384424559158
0,"[3001, 3002, 3003, 3004, 3005]",single_sample_latency_online_search_v1,23,0.0,0.0,1.0,0.0,0.05477225575051663,6,1.0,1.0000000000000002,5,0.4884853396016277,0.00818446754708372,130.418,7.630633656518961
0,"[3001, 3002, 3003, 3004, 3005]",single_sample_latency_online_search_v1,24,0.0,0.0,0.0,-1.0,0.05477225575051663,6,0.75,0.09999999999999998,5,0.48400539202683757,0.009265166446513536,136.668,9.237146204320908
0,"[3001, 3002, 3003, 3004, 3005]",single_sample_latency_online_search_v1,25,0.0,0.0,0.0,1.0,0.05477225575051663,6,0.75,10.000000000000002,5,0.48902368716300215,0.00736877269898904,143.96599999999998,11.929251024268043
1,"[3006, 3007, 3008, 3009, 3010]",single_sample_latency_online_search_v1,1,-1.0,-1.0,-1.0,-1.0,0.010000000000000004,3,0.5,0.09999999999999998,5,0.8093770997986663,0.004541751339723044,113.076,8.589637943475845
1,"[3006, 3007, 3008, 3009, 3010]",single_sample_latency_online_search_v1,2,1.0,-1.0,-1.0,-1.0,0.30000000000000004,3,0.5,0.09999999999999998,5,0.5049718767659728,0.01605764338125624,113.446,3.8050532190759148
1,"[3006, 3007, 3008, 3009, 3010]",single_sample_latency_online_search_v1,3,-1.0,1.0,-1.0,-1.0,0.010000000000000004,9,0.5,0.09999999999999998,5,0.6659845535979667,0.006509799065312884,214.106,7.427525159836217
1,"[3006, 3007, 3008, 3009, 3010]",single_sample_latency_online_search_v1,4,1.0,1.0,-1.0,-1.0,0.30000000000000004,9,0.5,0.09999999999999998,5,0.5437798367751393,0.0061964752016587755,196.81199999999998,15.211958125106698
1,"[3006, 3007, 3008, 3009, 3010]",single_sample_latency_online_search_v1,5,-1.0,-1.0,1.0,-1.0,0.010000000000000004,3,1.0,0.09999999999999998,5,0.8112884567419124,0.00445445631006816,128.382,9.702987684213559
1,"[3006, 3007, 3008, 3009, 3010]",single_sample_latency_online_search_v1,6,1.0,-1.0,1.0,-1.0,0.30000000000000004,3,1.0,0.09999999999999998,5,0.49129200143873736,0.009729025267223813,119.30199999999999,12.014987307525546
1,"[3006, 3007, 3008, 3009, 3010]",single_sample_latency_online_search_v1,7,-1.0,1.0,1.0,-1.0,0.010000000000000004,9,1.0,0.09999999999999998,5,0.6682384675420613,0.007764678948110715,233.882,20.69526201815284
1,"[3006, 3007, 3008, 3009, 3010]",single_sample_latency_online_search_v1,8,1.0,1.0,1.0,-1.0,0.30000000000000004,9,1.0,0.09999999999999998,5,0.49815151165760846,0.0122824790552661,203.086,4.07284053211023
1,"[3006, 3007, 3008, 3009, 3010]",single_sample_latency_online_search_v1,9,-1.0,-1.0,-1.0,1.0,0.010000000000000004,3,0.5,10.000000000000002,5,0.813790090335867,0.0049952915957940155,120.04,6.545391508534841
1,"[3006, 3007, 3008, 3009, 3010]",single_sample_latency_online_search_v1,10,1.0,-1.0,-1.0,1.0,0.30000000000000004,3,0.5,10.000000000000002,5,0.4978753397087786,0.009753888928075567,118.998,10.008102717298613
1,"[3006, 3007, 3008, 3009, 3010]",single_sample_latency_online_search_v1,11,-1.0,1.0,-1.0,1.0,0.010000000000000004,9,0.5,10.000000000000002,5,0.7030894260882712,0.006559238998506031,201.352,9.581363159801418
1,"[3006, 3007, 3008, 3009, 3010]",single_sample_latency_online_search_v1,12,1.0,1.0,-1.0,1.0,0.30000000000000004,9,0.5,10.000000000000002,5,0.49223546275560637,0.009857925127898032,184.784,5.493498885045859
1,"[3006, 3007, 3008, 3009, 3010]",single_sample_latency_online_search_v1,13,-1.0,-1.0,1.0,1.0,0.010000000000000004,3,1.0,10.000000000000002,5,0.8137051075894565,0.004708638837701008,114.066,5.681542924241615
1,"[3006, 3007, 3008, 3009, 3010]",single_sample_latency_online_search_v1,14,1.0,-1.0,1.0,1.0,0.30000000000000004,3,1.0,10.000000000000002,5,0.4921790806121561,0.007934620919713769,116.048,7.738298908674951
1,"[3006, 3007, 3008, 3009, 3010]",single_sample_latency_online_search_v1,15,-1.0,1.0,1.0,1.0,0.010000000000000004,9,1.0,10.000000000000002,5,0.6932894266558379,0.006877267769089601,210.132,8.200251215664068
1,"[3006, 3007, 3008, 3009, 3010]",single_sample_latency_online_search_v1,16,1.0,1.0,1.0,1.0,0.30000000000000004,9,1.0,10.000000000000002,5,0.4711822393942491,0.01206256922719893,197.102,19.18436264252737
1,"[3006, 3007, 3008, 3009, 3010]",single_sample_latency_online_search_v1,17,0.0,0.0,0.0,0.0,0.05477225575051663,6,0.75,1.0000000000000002,20,0.48895972550446964,0.008627886758689182,137.22,8.97045677414713
1,"[3006, 3007, 3008, 3009, 3010]",single_sample_latency_online_search_v1,18,-1.0,0.0,0.0,0.0,0.010000000000000004,6,0.75,1.0000000000000002,5,0.7150111367117755,0.005594993858963804,148.5,25.192087051294493
1,"[3006, 3007, 3008, 3009, 3010]",single_sample_latency_online_search_v1,19,1.0,0.0,0.0,0.0,0.30000000000000004,6,0.75,1.0000000000000002,5,0.47931326333076213,0.011253059664583403,139.818,12.482310282956437
1,"[3006, 3007, 3008, 3009, 3010]",single_sample_latency_online_search_v1,20,0.0,-1.0,0.0,0.0,0.05477225575051663,3,0.75,1.0000000000000002,5,0.5596251375668819,0.0062845620680178835,121.776,8.316731930271649
1,"[3006, 3007, 3008, 3009, 3010]",single_sample_latency_online_search_v1,21,0.0,1.0,0.0,0.0,0.05477225575051663,9,0.75,1.0000000000000002,5,0.47129177572648356,0.012112266541033824,216.084,14.82761039412622
1,"[3006, 3007, 3008, 3009, 3010]",single_sample_latency_online_search_v1,22,0.0,0.0,-1.0,0.0,0.05477225575051663,6,0.5,1.0000000000000002,5,0.4895027864615412,0.010154601382187371,133.186,7.48984846308655
1,"[3006, 3007, 3008, 3009, 3010]",single_sample_latency_online_search_v1,23,0.0,0.0,1.0,0.0,0.05477225575051663,6,1.0,1.0000000000000002,5,0.4912283289339997,0.00939421846103078,138.698,9.777508373813856
1,"[3006, 3007, 3008, 3009, 3010]",single_sample_latency_online_search_v1,24,0.0,0.0,0.0,-1.0,0.05477225575051663,6,0.75,0.09999999999999998,5,0.4879398266610086,0.009444970068289121,141.57999999999998,14.725924419200307
1,"[3006, 3007, 3008, 3009, 3010]",single_sample_latency_online_search_v1,25,0.0,0.0,0.0,1.0,0.05477225575051663,6,0.75,10.000000000000002,5,0.49251613143698947,0.009788230589169316,135.288,6.448292021923329
2,"[3011, 3012, 3013, 3014, 3015]",single_sample_latency_online_search_v1,1,-1.0,-1.0,-1.0,-1.0,0.010000000000000004,3,0.5,0.09999999999999998,5,0.8042172040757525,0.010064372484107109,121.83,9.364835823440794
2,"[3011, 3012, 3013, 3014, 3015]",single_sample_latency_online_search_v1,2,1.0,-1.0,-1.0,-1.0,0.30000000000000004,3,0.5,0.09999999999999998,5,0.5118171168410897,0.007251085240099264,119.724,5.499279952866558
2,"[3011, 3012, 3013, 3014, 3015]",single_sample_latency_online_search_v1,3,-1.0,1.0,-1.0,-1.0,0.010000000000000004,9,0.5,0.09999999999999998,5,0.6622840072902644,0.0064390456461867925,228.26399999999998,5.918710163540705
2,"[3011, 3012, 3013, 3014, 3015]",single_sample_latency_online_search_v1,4,1.0,1.0,-1.0,-1.0,0.30000000000000004,9,0.5,0.09999999999999998,5,0.5419082115001013,0.00894767694794937,189.072,12.821628991668732
2,"[3011, 3012, 3013, 3014, 3015]",single_sample_latency_online_search_v1,5,-1.0,-1.0,1.0,-1.0,0.010000000000000004,3,1.0,0.09999999999999998,5,0.8064780516816175,0.010008787636908134,120.054,8.316828121345297
2,"[3011, 3012, 3013, 3014, 3015]",single_sample_latency_online_search_v1,6,1.0,-1.0,1.0,-1.0,0.30000000000000004,3,1.0,0.09999999999999998,5,0.49296434238800063,0.004617505627898257,122.78,8.873254757979169
2,"[3011, 3012, 3013, 3014, 3015]",single_sample_latency_online_search_v1,7,-1.0,1.0,1.0,-1.0,0.010000000000000004,9,1.0,0.09999999999999998,5,0.6653166065443299,0.006696031993752992,242.99,13.014937571882546
2,"[3011, 3012, 3013, 3014, 3015]",single_sample_latency_online_search_v1,8,1.0,1.0,1.0,-1.0,0.30000000000000004,9,1.0,0.09999999999999998,5,0.4983807770749301,0.00443904373773872,204.88400000000001,13.818512220930296
2,"[3011, 3012, 3013, 3014, 3015]",single_sample_latency_online_search_v1,9,-1.0,-1.0,-1.0,1.0,0.010000000000000004,3,0.5,10.000000000000002,5,0.8088329225993016,0.009873238717908085,117.92,4.3351412895083365
2,"[3011, 3012, 3013, 3014, 3015]",single_sample_latency_online_search_v1,10,1.0,-1.0,-1.0,1.0,0.30000000000000004,3,0.5,10.000000000000002,5,0.5018076270847365,0.0023406789169783874,123.896,10.023463972100668
2,"[3011, 3012, 3013, 3014, 3015]",single_sample_latency_online_search_v1,11,-1.0,1.0,-1.0,1.0,0.010000000000000004,9,0.5,10.000000000000002,5,0.6981497106283208,0.00817558024882021,190.49,9.720347216020635
2,"[3011, 3012, 3013, 3014, 3015]",single_sample_latency_online_search_v1,12,1.0,1.0,-1.0,1.0,0.30000000000000004,9,0.5,10.000000000000002,5,0.49174070257406777,0.007602879560472576,183.908,5.298520548228541
2,"[3011, 3012, 3013, 3014, 3015]",single_sample_latency_online_search_v1,13,-1.0,-1.0,1.0,1.0,0.010000000000000004,3,1.0,10.000000000000002,5,0.8089788730879153,0.010072402527147075,121.292,9.433974242067867
2,"[3011, 3012, 3013, 3014, 3015]",single_sample_latency_online_search_v1,14,1.0,-1.0,1.0,1.0,0.30000000000000004,3,1.0,10.000000000000002,5,0.4903480640104009,0.0018531645351152629,115.88399999999999,6.326466628379539
2,"[3011, 3012, 3013, 3014, 3015]",single_sample_latency_online_search_v1,15,-1.0,1.0,1.0,1.0,0.010000000000000004,9,1.0,10.000000000000002,5,0.6886598818704907,0.007675740354549248,204.622,11.777188543960742
2,"[3011, 3012, 3013, 3014, 3015]",single_sample_latency_online_search_v1,16,1.0,1.0,1.0,1.0,0.30000000000000004,9,1.0,10.000000000000002,5,0.47335750216226485,0.0051044682568094175,199.464,20.66949515590547
2,"[3011, 3012, 3013, 3014, 3015]",single_sample_latency_online_search_v1,17,0.0,0.0,0.0,0.0,0.05477225575051663,6,0.75,1.0000000000000002,20,0.49018038889427834,0.0030531954508596763,137.32049999999998,6.311493671740549
2,"[3011, 3012, 3013, 3014, 3015]",single_sample_latency_online_search_v1,18,-1.0,0.0,0.0,0.0,0.010000000000000004,6,0.75,1.0000000000000002,5,0.710655227200665,0.0074397601475924904,138.422,7.3673244804338545
2,"[3011, 3012, 3013, 3014, 3015]",single_sample_latency_online_search_v1,19,1.0,0.0,0.0,0.0,0.30000000000000004,6,0.75,1.0000000000000002,5,0.47916043931775754,0.0033246565821721087,136.542,8.903997416890903
2,"[3011, 3012, 3013, 3014, 3015]",single_sample_latency_online_search_v1,20,0.0,-1.0,0.0,0.0,0.05477225575051663,3,0.75,1.0000000000000002,5,0.5610408975817414,0.00580597637611475,121.35,8.00127489841463
2,"[3011, 3012, 3013, 3014, 3015]",single_sample_latency_online_search_v1,21,0.0,1.0,0.0,0.0,0.05477225575051663,9,0.75,1.0000000000000002,5,0.4722808052109656,0.005434946382275049,207.404,11.98086516074694
2,"[3011, 3012, 3013, 3014, 3015]",single_sample_latency_online_search_v1,22,0.0,0.0,-1.0,0.0,0.05477225575051663,6,0.5,1.0000000000000002,5,0.4921239165467057,0.0018421733038656426,137.978,10.390207890124243
2,"[3011, 3012, 3013, 3014, 3015]",single_sample_latency_online_search_v1,23,0.0,0.0,1.0,0.0,0.05477225575051663,6,1.0,1.0000000000000002,5,0.4926675788792383,0.0027596206787724314,139.504,9.382314746372568
2,"[3011, 3012, 3013, 3014, 3015]",single_sample_latency_online_search_v1,24,0.0,0.0,0.0,-1.0,0.05477225575051663,6,0.75,0.09999999999999998,5,0.49053884410649573,0.0013321952788071705,143.98200000000003,13.459332078524554
2,"[3011, 3012, 3013, 3014, 3015]",single_sample_latency_online_search_v1,25,0.0,0.0,0.0,1.0,0.05477225575051663,6,0.75,10.000000000000002,5,0.4948936897123537,0.0028182770496276537,134.68800000000002,7.7022931650255915
3,"[3016, 3017, 3018, 3019, 3020]",single_sample_latency_online_search_v1,1,-1.0,-1.0,-1.0,-1.0,0.010000000000000004,3,0.5,0.09999999999999998,5,0.8166365894086294,0.016617686229573117,120.872,5.775449766035545
3,"[3016, 3017, 3018, 3019, 3020]",single_sample_latency_online_search_v1,2,1.0,-1.0,-1.0,-1.0,0.30000000000000004,3,0.5,0.09999999999999998,5,0.5116514082723096,0.0045536744497099435,122.85999999999999,12.889561668264747
3,"[3016, 3017, 3018, 3019, 3020]",single_sample_latency_online_search_v1,3,-1.0,1.0,-1.0,-1.0,0.010000000000000004,9,0.5,0.09999999999999998,5,0.6729662669738108,0.009937734630520514,231.998,25.808257786995238
3,"[3016, 3017, 3018, 3019, 3020]",single_sample_latency_online_search_v1,4,1.0,1.0,-1.0,-1.0,0.30000000000000004,9,0.5,0.09999999999999998,5,0.5436439812545701,0.007919928935956264,191.85,7.197336312831301
3,"[3016, 3017, 3018, 3019, 3020]",single_sample_latency_online_search_v1,5,-1.0,-1.0,1.0,-1.0,0.010000000000000004,3,1.0,0.09999999999999998,5,0.8184561734849574,0.016551312509723477,120.752,9.898925194181432
3,"[3016, 3017, 3018, 3019, 3020]",single_sample_latency_online_search_v1,6,1.0,-1.0,1.0,-1.0,0.30000000000000004,3,1.0,0.09999999999999998,5,0.49940885509416894,0.006009253507698895,118.468,10.31650716085633
3,"[3016, 3017, 3018, 3019, 3020]",single_sample_latency_online_search_v1,7,-1.0,1.0,1.0,-1.0,0.010000000000000004,9,1.0,0.09999999999999998,5,0.6739566615295297,0.012176246515280181,232.06199999999998,12.249655913534882
3,"[3016, 3017, 3018, 3019, 3020]",single_sample_latency_online_search_v1,8,1.0,1.0,1.0,-1.0,0.30000000000000004,9,1.0,0.09999999999999998,5,0.5021819202748309,0.013503676801571794,200.536,5.985083959310842
3,"[3016, 3017, 3018, 3019, 3020]",single_sample_latency_online_search_v1,9,-1.0,-1.0,-1.0,1.0,0.010000000000000004,3,0.5,10.000000000000002,5,0.8211366090105887,0.016850968751717946,122.44800000000001,7.0064948440714625
3,"[3016, 3017, 3018, 3019, 3020]",single_sample_latency_online_search_v1,10,1.0,-1.0,-1.0,1.0,0.30000000000000004,3,0.5,10.000000000000002,5,0.5080512848019388,0.007118494074959834,114.304,8.322471387754968
3,"[3016, 3017, 3018, 3019, 3020]",single_sample_latency_online_search_v1,11,-1.0,1.0,-1.0,1.0,0.010000000000000004,9,0.5,10.000000000000002,5,0.708353925660855,0.012351138163077905,193.368,8.96492721665937
3,"[3016, 3017, 3018, 3019, 3020]",single_sample_latency_online_search_v1,12,1.0,1.0,-1.0,1.0,0.30000000000000004,9,0.5,10.000000000000002,5,0.499033625914295,0.009077895938809923,191.8,8.024646409655686
3,"[3016, 3017, 3018, 3019, 3020]",single_sample_latency_online_search_v1,13,-1.0,-1.0,1.0,1.0,0.010000000000000004,3,1.0,10.000000000000002,5,0.8210184739281802,0.016690850694808898,117.022,7.218152118097817
3,"[3016, 3017, 3018, 3019, 3020]",single_sample_latency_online_search_v1,14,1.0,-1.0,1.0,1.0,0.30000000000000004,3,1.0,10.000000000000002,5,0.4968182249516973,0.007690980285986013,114.494,6.03717069495306
3,"[3016, 3017, 3018, 3019, 3020]",single_sample_latency_online_search_v1,15,-1.0,1.0,1.0,1.0,0.010000000000000004,9,1.0,10.000000000000002,5,0.6986882307895026,0.011723937404707271,214.848,8.238390012617751
3,"[3016, 3017, 3018, 3019, 3020]",single_sample_latency_online_search_v1,16,1.0,1.0,1.0,1.0,0.30000000000000004,9,1.0,10.000000000000002,5,0.4802084690700716,0.0066055603471544076,194.514,4.4906992773954535
3,"[3016, 3017, 3018, 3019, 3020]",single_sample_latency_online_search_v1,17,0.0,0.0,0.0,0.0,0.05477225575051663,6,0.75,1.0000000000000002,20,0.49718585929342235,0.0071391340211993705,138.50799999999998,14.795891890727829
3,"[3016, 3017, 3018, 3019, 3020]",single_sample_latency_online_search_v1,18,-1.0,0.0,0.0,0.0,0.010000000000000004,6,0.75,1.0000000000000002,5,0.7218487440036732,0.01206619716859248,136.83599999999998,5.06607639105452
3,"[3016, 3017, 3018, 3019, 3020]",single_sample_latency_online_search_v1,19,1.0,0.0,0.0,0.0,0.30000000000000004,6,0.75,1.0000000000000002,5,0.48973886438631886,0.008115067317388855,140.43599999999998,10.87716323312287
3,"[3016, 3017, 3018, 3019, 3020]",single_sample_latency_online_search_v1,20,0.0,-1.0,0.0,0.0,0.05477225575051663,3,0.75,1.0000000000000002,5,0.5689134037586163,0.011815461928526848,118.64000000000001,7.6711765720781075
3,"[3016, 3017, 3018, 3019, 3020]",single_sample_latency_online_search_v1,21,0.0,1.0,0.0,0.0,0.05477225575051663,9,0.75,1.0000000000000002,5,0.4795909291159316,0.010459281154938127,211.724,7.935107434685439
3,"[3016, 3017, 3018, 3019, 3020]",single_sample_latency_online_search_v1,22,0.0,0.0,-1.0,0.0,0.05477225575051663,6,0.5,1.0000000000000002,5,0.4975867335269301,0.007060679390428383,137.05,10.684565971531088
3,"[3016, 3017, 3018, 3019, 3020]",single_sample_latency_online_search_v1,23,0.0,0.0,1.0,0.0,0.05477225575051663,6,1.0,1.0000000000000002,5,0.4990976172954171,0.009097766872780248,139.616,8.655231366058338
3,"[3016, 3017, 3018, 3019, 3020]",single_sample_latency_online_search_v1,24,0.0,0.0,0.0,-1.0,0.05477225575051663,6,0.75,0.09999999999999998,5,0.4978807173903975,0.007256862954182828,137.058,7.851029868749701
3,"[3016, 3017, 3018, 3019, 3020]",single_sample_latency_online_search_v1,25,0.0,0.0,0.0,1.0,0.05477225575051663,6,0.75,10.000000000000002,5,0.5014300922487283,0.006778369046476818,133.852,5.990197826449477
4,"[3021, 3022, 3023, 3024, 3025]",single_sample_latency_online_search_v1,1,-1.0,-1.0,-1.0,-1.0,0.010000000000000004,3,0.5,0.09999999999999998,5,0.8063472419978271,0.008340459355099649,116.734,9.619476596988012
4,"[3021, 3022, 3023, 3024, 3025]",single_sample_latency_online_search_v1,2,1.0,-1.0,-1.0,-1.0,0.30000000000000004,3,0.5,0.09999999999999998,5,0.5033303248774613,0.005932851312556142,111.57000000000001,5.245007149661478
4,"[3021, 3022, 3023, 3024, 3025]",single_sample_latency_online_search_v1,3,-1.0,1.0,-1.0,-1.0,0.010000000000000004,9,0.5,0.09999999999999998,5,0.6634009220089234,0.010269583016858107,222.39000000000001,16.632349503302287
4,"[3021, 3022, 3023, 3024, 3025]",single_sample_latency_online_search_v1,4,1.0,1.0,-1.0,-1.0,0.30000000000000004,9,0.5,0.09999999999999998,5,0.5416825786212128,0.010604108007895298,192.648,10.468938341589384
4,"[3021, 3022, 3023, 3024, 3025]",single_sample_latency_online_search_v1,5,-1.0,-1.0,1.0,-1.0,0.010000000000000004,3,1.0,0.09999999999999998,5,0.808501546444462,0.007884070684636738,129.3,4.950691870839873
4,"[3021, 3022, 3023, 3024, 3025]",single_sample_latency_online_search_v1,6,1.0,-1.0,1.0,-1.0,0.30000000000000004,3,1.0,0.09999999999999998,5,0.48821815278223823,0.009019135193158376,119.846,6.881019546549773
4,"[3021, 3022, 3023, 3024, 3025]",single_sample_latency_online_search_v1,7,-1.0,1.0,1.0,-1.0,0.010000000000000004,9,1.0,0.09999999999999998,5,0.6653790277887481,0.010823574705120634,238.83200000000002,20.553125553063694
4,"[3021, 3022, 3023, 3024, 3025]",single_sample_latency_online_search_v1,8,1.0,1.0,1.0,-1.0,0.30000000000000004,9,1.0,0.09999999999999998,5,0.4959024921559306,0.013986065196701359,200.038,11.603608059564916
4,"[3021, 3022, 3023, 3024, 3025]",single_sample_latency_online_search_v1,9,-1.0,-1.0,-1.0,1.0,0.010000000000000004,3,0.5,10.000000000000002,5,0.8110185302422469,0.00805462980980821,114.732,7.296901397168524
4,"[3021, 3022, 3023, 3024, 3025]",single_sample_latency_online_search_v1,10,1.0,-1.0,-1.0,1.0,0.30000000000000004,3,0.5,10.000000000000002,5,0.4962627328594481,0.0058223592984490355,125.86399999999999,19.020874848439544
4,"[3021, 3022, 3023, 3024, 3025]",single_sample_latency_online_search_v1,11,-1.0,1.0,-1.0,1.0,0.010000000000000004,9,0.5,10.000000000000002,5,0.699351888200767,0.010373576439800072,194.418,12.760755071703235
4,"[3021, 3022, 3023, 3024, 3025]",single_sample_latency_online_search_v1,12,1.0,1.0,-1.0,1.0,0.30000000000000004,9,0.5,10.000000000000002,5,0.48877922335484714,0.007935400877279421,221.8,61.89196030180334
4,"[3021, 3022, 3023, 3024, 3025]",single_sample_latency_online_search_v1,13,-1.0,-1.0,1.0,1.0,0.010000000000000004,3,1.0,10.000000000000002,5,0.8109215590704453,0.0077251892869716655,121.53,6.1730543493476615
4,"[3021, 3022, 3023, 3024, 3025]",single_sample_latency_online_search_v1,14,1.0,-1.0,1.0,1.0,0.30000000000000004,3,1.0,10.000000000000002,5,0.4883603629279133,0.00932515529410505,120.224,6.252142032935598
4,"[3021, 3022, 3023, 3024, 3025]",single_sample_latency_online_search_v1,15,-1.0,1.0,1.0,1.0,0.010000000000000004,9,1.0,10.000000000000002,5,0.6899885829770835,0.010351223914801679,206.974,7.652423145644783
4,"[3021, 3022, 3023, 3024, 3025]",single_sample_latency_online_search_v1,16,1.0,1.0,1.0,1.0,0.30000000000000004,9,1.0,10.000000000000002,5,0.471941753461124,0.010225231940350923,219.002,67.08801062783127
4,"[3021, 3022, 3023, 3024, 3025]",single_sample_latency_online_search_v1,17,0.0,0.0,0.0,0.0,0.05477225575051663,6,0.75,1.0000000000000002,20,0.4884695782851944,0.00974021945417863,137.4105,9.560988428862471
4,"[3021, 3022, 3023, 3024, 3025]",single_sample_latency_online_search_v1,18,-1.0,0.0,0.0,0.0,0.010000000000000004,6,0.75,1.0000000000000002,5,0.7134370089864717,0.009179023064715075,136.48600000000002,8.742787312979756
4,"[3021, 3022, 3023, 3024, 3025]",single_sample_latency_online_search_v1,19,1.0,0.0,0.0,0.0,0.30000000000000004,6,0.75,1.0000000000000002,5,0.4807660302281332,0.010096410515099682,137.204,10.801728102484345
4,"[3021, 3022, 3023, 3024, 3025]",single_sample_latency_online_search_v1,20,0.0,-1.0,0.0,0.0,0.05477225575051663,3,0.75,1.0000000000000002,5,0.5565037304002631,0.009588761891460918,115.88600000000001,5.548709759935187
4,"[3021, 3022, 3023, 3024, 3025]",single_sample_latency_online_search_v1,21,0.0,1.0,0.0,0.0,0.05477225575051663,9,0.75,1.0000000000000002,5,0.46948512494421096,0.014662782476202592,198.88,12.476235409770057
4,"[3021, 3022, 3023, 3024, 3025]",single_sample_latency_online_search_v1,22,0.0,0.0,-1.0,0.0,0.05477225575051663,6,0.5,1.0000000000000002,5,0.48978910942551773,0.009488857187830614,133.38,6.605210064789763
4,"[3021, 3022, 3023, 3024, 3025]",single_sample_latency_online_search_v1,23,0.0,0.0,1.0,0.0,0.05477225575051663,6,1.0,1.0000000000000002,5,0.49083466870064996,0.00931007826709744,130.478,6.382783092037512
4,"[3021, 3022, 3023, 3024, 3025]",single_sample_latency_online_search_v1,24,0.0,0.0,0.0,-1.0,0.05477225575051663,6,0.75,0.09999999999999998,5,0.4885562254367321,0.009560352626457009,138.078,5.212448560897265
4,"[3021, 3022, 3023, 3024, 3025]",single_sample_latency_online_search_v1,25,0.0,0.0,0.0,1.0,0.05477225575051663,6,0.75,10.000000000000002,5,0.4930674307422606,0.01049559798879685,139.57,8.176640508179382
5,"[3026, 3027, 3028, 3029, 3030]",single_sample_latency_online_search_v1,1,-1.0,-1.0,-1.0,-1.0,0.010000000000000004,3,0.5,0.09999999999999998,5,0.809091714588026,0.011412971038212875,123.66199999999999,7.892405843594215
5,"[3026, 3027, 3028, 3029, 3030]",single_sample_latency_online_search_v1,2,1.0,-1.0,-1.0,-1.0,0.30000000000000004,3,0.5,0.09999999999999998,5,0.5108441212882276,0.013744792617161427,124.38199999999999,13.159256057999631
5,"[3026, 3027, 3028, 3029, 3030]",single_sample_latency_online_search_v1,3,-1.0,1.0,-1.0,-1.0,0.010000000000000004,9,0.5,0.09999999999999998,5,0.6662357219665905,0.012240592952986887,228.098,14.1559093667627
5,"[3026, 3027, 3028, 3029, 3030]",single_sample_latency_online_search_v1,4,1.0,1.0,-1.0,-1.0,0.30000000000000004,9,0.5,0.09999999999999998,5,0.5416167467257624,0.009397877078454096,187.874,13.665245332594653
5,"[3026, 3027, 3028, 3029, 3030]",single_sample_latency_online_search_v1,5,-1.0,-1.0,1.0,-1.0,0.010000000000000004,3,1.0,0.09999999999999998,5,0.8111134422350913,0.011079848666505642,114.41199999999999,9.537199274420134
5,"[3026, 3027, 3028, 3029, 3030]",single_sample_latency_online_search_v1,6,1.0,-1.0,1.0,-1.0,0.30000000000000004,3,1.0,0.09999999999999998,5,0.4935005525547057,0.012865680347982342,122.92999999999999,5.450885249204946
5,"[3026, 3027, 3028, 3029, 3030]",single_sample_latency_online_search_v1,7,-1.0,1.0,1.0,-1.0,0.010000000000000004,9,1.0,0.09999999999999998,5,0.6699722021494144,0.012057060099207238,224.37800000000001,5.800204306746445
5,"[3026, 3027, 3028, 3029, 3030]",single_sample_latency_online_search_v1,8,1.0,1.0,1.0,-1.0,0.30000000000000004,9,1.0,0.09999999999999998,5,0.502093169805731,0.012597059673735343,203.524,11.092670102369402
5,"[3026, 3027, 3028, 3029, 3030]",single_sample_latency_online_search_v1,9,-1.0,-1.0,-1.0,1.0,0.010000000000000004,3,0.5,10.000000000000002,5,0.8136483565549651,0.01138239134555672,115.484,6.945525898015203
5,"[3026, 3027, 3028, 3029, 3030]",single_sample_latency_online_search_v1,10,1.0,-1.0,-1.0,1.0,0.30000000000000004,3,0.5,10.000000000000002,5,0.49911059486911735,0.014761732971267445,119.566,11.00719900792204
5,"[3026, 3027, 3028, 3029, 3030]",single_sample_latency_online_search_v1,11,-1.0,1.0,-1.0,1.0,0.010000000000000004,9,0.5,10.000000000000002,5,0.7006242013561514,0.0112613753650888,198.62,15.815524019140176
5,"[3026, 3027, 3028, 3029, 3030]",single_sample_latency_online_search_v1,12,1.0,1.0,-1.0,1.0,0.30000000000000004,9,0.5,10.000000000000002,5,0.492495469805389,0.00948307877850932,196.98399999999998,10.341502792147766
5,"[3026, 3027, 3028, 3029, 3030]",single_sample_latency_online_search_v1,13,-1.0,-1.0,1.0,1.0,0.010000000000000004,3,1.0,10.000000000000002,5,0.81332641527399,0.011023985096979282,115.582,7.02923680067758
5,"[3026, 3027, 3028, 3029, 3030]",single_sample_latency_online_search_v1,14,1.0,-1.0,1.0,1.0,0.30000000000000004,3,1.0,10.000000000000002,5,0.4936490209858803,0.012801465760189817,117.64200000000001,8.121802139919437
5,"[3026, 3027, 3028, 3029, 3030]",single_sample_latency_online_search_v1,15,-1.0,1.0,1.0,1.0,0.010000000000000004,9,1.0,10.000000000000002,5,0.6927528751686401,0.012039853391611054,209.044,20.480435298108294
5,"[3026, 3027, 3028, 3029, 3030]",single_sample_latency_online_search_v1,16,1.0,1.0,1.0,1.0,0.30000000000000004,9,1.0,10.000000000000002,5,0.47358947189018874,0.014205900355728983,210.848,19.45998638231796
5,"[3026, 3027, 3028, 3029, 3030]",single_sample_latency_online_search_v1,17,0.0,0.0,0.0,0.0,0.05477225575051663,6,0.75,1.0000000000000002,20,0.49180097655806004,0.012154641134786068,136.76,7.1648564829347805
5,"[3026, 3027, 3028, 3029, 3030]",single_sample_latency_online_search_v1,18,-1.0,0.0,0.0,0.0,0.010000000000000004,6,0.75,1.0000000000000002,5,0.7155758450625771,0.01067059505682322,144.474,32.90129070416539
5,"[3026, 3027, 3028, 3029, 3030]",single_sample_latency_online_search_v1,19,1.0,0.0,0.0,0.0,0.30000000000000004,6,0.75,1.0000000000000002,5,0.48371701744048534,0.009564663400577107,141.74,13.173141235104103
5,"[3026, 3027, 3028, 3029, 3030]",single_sample_latency_online_search_v1,20,0.0,-1.0,0.0,0.0,0.05477225575051663,3,0.75,1.0000000000000002,5,0.56470296012342,0.015219909306229884,116.252,10.533592454618697
5,"[3026, 3027, 3028, 3029, 3030]",single_sample_latency_online_search_v1,21,0.0,1.0,0.0,0.0,0.05477225575051663,9,0.75,1.0000000000000002,5,0.4718373107180264,0.01318967081773323,211.78199999999998,15.821560289680669
5,"[3026, 3027, 3028, 3029, 3030]",single_sample_latency_online_search_v1,22,0.0,0.0,-1.0,0.0,0.05477225575051663,6,0.5,1.0000000000000002,5,0.49201365051872037,0.011235989139017582,135.63000000000002,14.39256926333864
5,"[3026, 3027, 3028, 3029, 3030]",single_sample_latency_online_search_v1,23,0.0,0.0,1.0,0.0,0.05477225575051663,6,1.0,1.0000000000000002,5,0.4953194894995138,0.01256959830032882,144.74200000000002,8.527052245647374
5,"[3026, 3027, 3028, 3029, 3030]",single_sample_latency_online_search_v1,24,0.0,0.0,0.0,-1.0,0.05477225575051663,6,0.75,0.09999999999999998,5,0.4928891561581886,0.012620742246119688,136.10999999999999,6.500023076882106
5,"[3026, 3027, 3028, 3029, 3030]",single_sample_latency_online_search_v1,25,0.0,0.0,0.0,1.0,0.05477225575051663,6,0.75,10.000000000000002,5,0.4964064332335741,0.012544500939308225,135.948,6.804400781847004
6,"[3031, 3032, 3033, 3034, 3035]",single_sample_latency_online_search_v1,1,-1.0,-1.0,-1.0,-1.0,0.010000000000000004,3,0.5,0.09999999999999998,5,0.8050788751982034,0.007850445359366416,113.78,8.547493784730122
6,"[3031, 3032, 3033, 3034, 3035]",single_sample_latency_online_search_v1,2,1.0,-1.0,-1.0,-1.0,0.30000000000000004,3,0.5,0.09999999999999998,5,0.5090183106251784,0.006190913987773394,120.03599999999999,8.937369859192357
6,"[3031, 3032, 3033, 3034, 3035]",single_sample_latency_online_search_v1,3,-1.0,1.0,-1.0,-1.0,0.010000000000000004,9,0.5,0.09999999999999998,5,0.6659952257488231,0.007316818938336844,222.98600000000002,15.264435135307169
6,"[3031, 3032, 3033, 3034, 3035]",single_sample_latency_online_search_v1,4,1.0,1.0,-1.0,-1.0,0.30000000000000004,9,0.5,0.09999999999999998,5,0.5492845098940186,0.008071258442072538,196.2,13.582777698247153
6,"[3031, 3032, 3033, 3034, 3035]",single_sample_latency_online_search_v1,5,-1.0,-1.0,1.0,-1.0,0.010000000000000004,3,1.0,0.09999999999999998,5,0.8071781738137835,0.0075960920094069245,114.374,7.610143231240787
6,"[3031, 3032, 3033, 3034, 3035]",single_sample_latency_online_search_v1,6,1.0,-1.0,1.0,-1.0,0.30000000000000004,3,1.0,0.09999999999999998,5,0.497045359801535,0.007383087883276579,120.01199999999999,9.544688051476596
6,"[3031, 3032, 3033, 3034, 3035]",single_sample_latency_online_search_v1,7,-1.0,1.0,1.0,-1.0,0.010000000000000004,9,1.0,0.09999999999999998,5,0.6690153539354003,0.00813755458074483,231.56,12.942038092974375
6,"[3031, 3032, 3033, 3034, 3035]",single_sample_latency_online_search_v1,8,1.0,1.0,1.0,-1.0,0.30000000000000004,9,1.0,0.09999999999999998,5,0.5027941899441657,0.004680822897484138,202.004,9.341342515934212
6,"[3031, 3032, 3033, 3034, 3035]",single_sample_latency_online_search_v1,9,-1.0,-1.0,-1.0,1.0,0.010000000000000004,3,0.5,10.000000000000002,5,0.8095308987065086,0.007895953754689726,120.46600000000001,4.869813138098834
6,"[3031, 3032, 3033, 3034, 3035]",single_sample_latency_online_search_v1,10,1.0,-1.0,-1.0,1.0,0.30000000000000004,3,0.5,10.000000000000002,5,0.5039128352790707,0.008811882221462765,114.018,3.9773068777754594
6,"[3031, 3032, 3033, 3034, 3035]",single_sample_latency_online_search_v1,11,-1.0,1.0,-1.0,1.0,0.010000000000000004,9,0.5,10.000000000000002,5,0.7017021794313251,0.008287775348800602,194.226,10.590468828149211
6,"[3031, 3032, 3033, 3034, 3035]",single_sample_latency_online_search_v1,12,1.0,1.0,-1.0,1.0,0.30000000000000004,9,0.5,10.000000000000002,5,0.4980548010031545,0.005596078330560585,185.706,4.64447844219348
6,"[3031, 3032, 3033, 3034, 3035]",single_sample_latency_online_search_v1,13,-1.0,-1.0,1.0,1.0,0.010000000000000004,3,1.0,10.000000000000002,5,0.8094488885478128,0.007607926842794573,117.85799999999999,5.3801552022223245
6,"[3031, 3032, 3033, 3034, 3035]",single_sample_latency_online_search_v1,14,1.0,-1.0,1.0,1.0,0.30000000000000004,3,1.0,10.000000000000002,5,0.49731476880971837,0.006147910913079441,119.994,9.071630503939195
6,"[3031, 3032, 3033, 3034, 3035]",single_sample_latency_online_search_v1,15,-1.0,1.0,1.0,1.0,0.010000000000000004,9,1.0,10.000000000000002,5,0.6916864033646545,0.007974746083930949,223.99,18.607266053883368
6,"[3031, 3032, 3033, 3034, 3035]",single_sample_latency_online_search_v1,16,1.0,1.0,1.0,1.0,0.30000000000000004,9,1.0,10.000000000000002,5,0.4782809802049949,0.006459099203241743,189.81,6.6668545806849595
6,"[3031, 3032, 3033, 3034, 3035]",single_sample_latency_online_search_v1,17,0.0,0.0,0.0,0.0,0.05477225575051663,6,0.75,1.0000000000000002,20,0.49530362970238884,0.00706611252172153,136.811,7.77378110262817
6,"[3031, 3032, 3033, 3034, 3035]",single_sample_latency_online_search_v1,18,-1.0,0.0,0.0,0.0,0.010000000000000004,6,0.75,1.0000000000000002,5,0.7149467087625112,0.007708760177772178,131.804,5.200440365969021
6,"[3031, 3032, 3033, 3034, 3035]",single_sample_latency_online_search_v1,19,1.0,0.0,0.0,0.0,0.30000000000000004,6,0.75,1.0000000000000002,5,0.48396651444138516,0.008265993268732423,144.862,8.22036921311932
6,"[3031, 3032, 3033, 3034, 3035]",single_sample_latency_online_search_v1,20,0.0,-1.0,0.0,0.0,0.05477225575051663,3,0.75,1.0000000000000002,5,0.5646328043470403,0.010422891425200103,120.33800000000001,14.108985434821319
6,"[3031, 3032, 3033, 3034, 3035]",single_sample_latency_online_search_v1,21,0.0,1.0,0.0,0.0,0.05477225575051663,9,0.75,1.0000000000000002,5,0.4783182869758108,0.005923201963566746,207.31799999999998,12.174909445248455
6,"[3031, 3032, 3033, 3034, 3035]",single_sample_latency_online_search_v1,22,0.0,0.0,-1.0,0.0,0.05477225575051663,6,0.5,1.0000000000000002,5,0.4957856685019545,0.008560451204579655,136.432,13.642656266284803
6,"[3031, 3032, 3033, 3034, 3035]",single_sample_latency_online_search_v1,23,0.0,0.0,1.0,0.0,0.05477225575051663,6,1.0,1.0000000000000002,5,0.49794086599629067,0.008578705898203509,136.656,8.153924208624941
6,"[3031, 3032, 3033, 3034, 3035]",single_sample_latency_online_search_v1,24,0.0,0.0,0.0,-1.0,0.05477225575051663,6,0.75,0.09999999999999998,5,0.4937651935908483,0.007725288708079492,136.89600000000002,7.855585910675278
6,"[3031, 3032, 3033, 3034, 3035]",single_sample_latency_online_search_v1,25,0.0,0.0,0.0,1.0,0.05477225575051663,6,0.75,10.000000000000002,5,0.4972163834844013,0.008768748060638567,140.34,2.2997825984209923
7,"[3036, 3037, 3038, 3039, 3040]",single_sample_latency_online_search_v1,1,-1.0,-1.0,-1.0,-1.0,0.010000000000000004,3,0.5,0.09999999999999998,5,0.8154615010226038,0.012971006125201866,123.61800000000001,15.480515818279441
7,"[3036, 3037, 3038, 3039, 3040]",single_sample_latency_online_search_v1,2,1.0,-1.0,-1.0,-1.0,0.30000000000000004,3,0.5,0.09999999999999998,5,0.5154854863996894,0.013258656793705626,117.11599999999999,8.735781590676359
7,"[3036, 3037, 3038, 3039, 3040]",single_sample_latency_online_search_v1,3,-1.0,1.0,-1.0,-1.0,0.010000000000000004,9,0.5,0.09999999999999998,5,0.674143097558287,0.012307893320067669,219.73200000000003,11.715179042592561
7,"[3036, 3037, 3038, 3039, 3040]",single_sample_latency_online_search_v1,4,1.0,1.0,-1.0,-1.0,0.30000000000000004,9,0.5,0.09999999999999998,5,0.5518860882385472,0.012532848212946321,200.78,13.915159000169558
7,"[3036, 3037, 3038, 3039, 3040]",single_sample_latency_online_search_v1,5,-1.0,-1.0,1.0,-1.0,0.010000000000000004,3,1.0,0.09999999999999998,5,0.8176727309207023,0.013128695674013854,117.38399999999999,2.8706584610503505
7,"[3036, 3037, 3038, 3039, 3040]",single_sample_latency_online_search_v1,6,1.0,-1.0,1.0,-1.0,0.30000000000000004,3,1.0,0.09999999999999998,5,0.5047712882116648,0.01325225551984959,114.42,7.332035870070468
7,"[3036, 3037, 3038, 3039, 3040]",single_sample_latency_online_search_v1,7,-1.0,1.0,1.0,-1.0,0.010000000000000004,9,1.0,0.09999999999999998,5,0.6749256251647848,0.010967172228655979,240.962,14.869845997857539
7,"[3036, 3037, 3038, 3039, 3040]",single_sample_latency_online_search_v1,8,1.0,1.0,1.0,-1.0,0.30000000000000004,9,1.0,0.09999999999999998,5,0.5102337361099468,0.014208446622815942,200.486,17.235339567296027
7,"[3036, 3037, 3038, 3039, 3040]",single_sample_latency_online_search_v1,9,-1.0,-1.0,-1.0,1.0,0.010000000000000004,3,0.5,10.000000000000002,5,0.8200325995166201,0.012828885188952395,111.74000000000001,3.3996691015450358
7,"[3036, 3037, 3038, 3039, 3040]",single_sample_latency_online_search_v1,10,1.0,-1.0,-1.0,1.0,0.30000000000000004,3,0.5,10.000000000000002,5,0.512407965511974,0.010268268963493539,118.242,10.587434533445766
7,"[3036, 3037, 3038, 3039, 3040]",single_sample_latency_online_search_v1,11,-1.0,1.0,-1.0,1.0,0.010000000000000004,9,0.5,10.000000000000002,5,0.7092651417487774,0.012281729306111978,184.624,10.266144846046155
7,"[3036, 3037, 3038, 3039, 3040]",single_sample_latency_online_search_v1,12,1.0,1.0,-1.0,1.0,0.30000000000000004,9,0.5,10.000000000000002,5,0.5053215256757358,0.011640259197440356,191.228,8.042709120688126
7,"[3036, 3037, 3038, 3039, 3040]",single_sample_latency_online_search_v1,13,-1.0,-1.0,1.0,1.0,0.010000000000000004,3,1.0,10.000000000000002,5,0.8199976865619402,0.013061850120200153,115.34,6.482052144190147
7,"[3036, 3037, 3038, 3039, 3040]",single_sample_latency_online_search_v1,14,1.0,-1.0,1.0,1.0,0.30000000000000004,3,1.0,10.000000000000002,5,0.5072269493017258,0.011851591734718992,128.45,13.323132139253145
7,"[3036, 3037, 3038, 3039, 3040]",single_sample_latency_online_search_v1,15,-1.0,1.0,1.0,1.0,0.010000000000000004,9,1.0,10.000000000000002,5,0.6990097023752708,0.01127476144048155,213.11999999999998,11.575141467818005
7,"[3036, 3037, 3038, 3039, 3040]",single_sample_latency_online_search_v1,16,1.0,1.0,1.0,1.0,0.30000000000000004,9,1.0,10.000000000000002,5,0.48871201133495246,0.010710433245460288,188.33800000000002,3.9038852442150414
7,"[3036, 3037, 3038, 3039, 3040]",single_sample_latency_online_search_v1,17,0.0,0.0,0.0,0.0,0.05477225575051663,6,0.75,1.0000000000000002,20,0.5036440950394994,0.011891027940671517,135.63600000000002,9.169983871879289
7,"[3036, 3037, 3038, 3039, 3040]",single_sample_latency_online_search_v1,18,-1.0,0.0,0.0,0.0,0.010000000000000004,6,0.75,1.0000000000000002,5,0.7235735032487469,0.011821538794681577,137.664,5.593856451501042
7,"[3036, 3037, 3038, 3039, 3040]",single_sample_latency_online_search_v1,19,1.0,0.0,0.0,0.0,0.30000000000000004,6,0.75,1.0000000000000002,5,0.4942798734447251,0.010792624103141576,150.174,10.933591816050205
7,"[3036, 3037, 3038, 3039, 3040]",single_sample_latency_online_search_v1,20,0.0,-1.0,0.0,0.0,0.05477225575051663,3,0.75,1.0000000000000002,5,0.5737359750792737,0.012864097433335988,111.34400000000001,3.559990168525752
7,"[3036, 3037, 3038, 3039, 3040]",single_sample_latency_online_search_v1,21,0.0,1.0,0.0,0.0,0.05477225575051663,9,0.75,1.0000000000000002,5,0.487655273353197,0.011527027549891109,202.132,10.279920719538655
7,"[3036, 3037, 3038, 3039, 3040]",single_sample_latency_online_search_v1,22,0.0,0.0,-1.0,0.0,0.05477225575051663,6,0.5,1.0000000000000002,5,0.5057240469516368,0.012505358789709015,140.11399999999998,11.986954575704367
7,"[3036, 3037, 3038, 3039, 3040]",single_sample_latency_online_search_v1,23,0.0,0.0,1.0,0.0,0.05477225575051663,6,1.0,1.0000000000000002,5,0.5053948860215256,0.013378702562014132,141.82,11.24357816711388
7,"[3036, 3037, 3038, 3039, 3040]",single_sample_latency_online_search_v1,24,0.0,0.0,0.0,-1.0,0.05477225575051663,6,0.75,0.09999999999999998,5,0.5043440086423729,0.013750686994159335,134.622,9.7352077533045
7,"[3036, 3037, 3038, 3039, 3040]",single_sample_latency_online_search_v1,25,0.0,0.0,0.0,1.0,0.05477225575051663,6,0.75,10.000000000000002,5,0.5074835346949642,0.012725397061909522,134.33,9.95020602801771
8,"[3041, 3042, 3043, 3044, 3045]",single_sample_latency_online_search_v1,1,-1.0,-1.0,-1.0,-1.0,0.010000000000000004,3,0.5,0.09999999999999998,5,0.8034843146981728,0.008292070176748623,129.43200000000002,11.39776820259123
8,"[3041, 3042, 3043, 3044, 3045]",single_sample_latency_online_search_v1,2,1.0,-1.0,-1.0,-1.0,0.30000000000000004,3,0.5,0.09999999999999998,5,0.5115654361952003,0.011708209354951746,116.804,5.662555076994835
8,"[3041, 3042, 3043, 3044, 3045]",single_sample_latency_online_search_v1,3,-1.0,1.0,-1.0,-1.0,0.010000000000000004,9,0.5,0.09999999999999998,5,0.6642046889334308,0.003926973462004693,224.496,12.702426146213178
8,"[3041, 3042, 3043, 3044, 3045]",single_sample_latency_online_search_v1,4,1.0,1.0,-1.0,-1.0,0.30000000000000004,9,0.5,0.09999999999999998,5,0.5396500549748694,0.011222852059385374,187.554,13.202788720569606
8,"[3041, 3042, 3043, 3044, 3045]",single_sample_latency_online_search_v1,5,-1.0,-1.0,1.0,-1.0,0.010000000000000004,3,1.0,0.09999999999999998,5,0.8059558073780929,0.008411653616596957,121.33,12.052686422536679
8,"[3041, 3042, 3043, 3044, 3045]",single_sample_latency_online_search_v1,6,1.0,-1.0,1.0,-1.0,0.30000000000000004,3,1.0,0.09999999999999998,5,0.4969062779404327,0.014246307235100605,126.29400000000001,12.858068673016168
8,"[3041, 3042, 3043, 3044, 3045]",single_sample_latency_online_search_v1,7,-1.0,1.0,1.0,-1.0,0.010000000000000004,9,1.0,0.09999999999999998,5,0.6655530971369227,0.005034206542453561,245.41,11.45407569383056
8,"[3041, 3042, 3043, 3044, 3045]",single_sample_latency_online_search_v1,8,1.0,1.0,1.0,-1.0,0.30000000000000004,9,1.0,0.09999999999999998,5,0.4986500377557165,0.015117150524328417,200.802,12.155861549063482
8,"[3041, 3042, 3043, 3044, 3045]",single_sample_latency_online_search_v1,9,-1.0,-1.0,-1.0,1.0,0.010000000000000004,3,0.5,10.000000000000002,5,0.8078843801365803,0.008777566564209657,119.41199999999999,6.271576356865952
8,"[3041, 3042, 3043, 3044, 3045]",single_sample_latency_online_search_v1,10,1.0,-1.0,-1.0,1.0,0.30000000000000004,3,0.5,10.000000000000002,5,0.5048268050448511,0.012526380044993648,116.40799999999999,5.193175329218144
8,"[3041, 3042, 3043, 3044, 3045]",single_sample_latency_online_search_v1,11,-1.0,1.0,-1.0,1.0,0.010000000000000004,9,0.5,10.000000000000002,5,0.6992360829726433,0.006817417194145282,194.996,10.553493734304304
8,"[3041, 3042, 3043, 3044, 3045]",single_sample_latency_online_search_v1,12,1.0,1.0,-1.0,1.0,0.30000000000000004,9,0.5,10.000000000000002,5,0.49674595514528735,0.01923401767806827,189.002,7.166409142659943
8,"[3041, 3042, 3043, 3044, 3045]",single_sample_latency_online_search_v1,13,-1.0,-1.0,1.0,1.0,0.010000000000000004,3,1.0,10.000000000000002,5,0.8081463787281246,0.008667480884066972,122.26200000000001,10.991490799705018
8,"[3041, 3042, 3043, 3044, 3045]",single_sample_latency_online_search_v1,14,1.0,-1.0,1.0,1.0,0.30000000000000004,3,1.0,10.000000000000002,5,0.4965302609953934,0.013380872254803394,118.66600000000001,7.139756998665991
8,"[3041, 3042, 3043, 3044, 3045]",single_sample_latency_online_search_v1,15,-1.0,1.0,1.0,1.0,0.010000000000000004,9,1.0,10.000000000000002,5,0.6907941270739842,0.00754895649350813,213.496,12.56284919912677
8,"[3041, 3042, 3043, 3044, 3045]",single_sample_latency_online_search_v1,16,1.0,1.0,1.0,1.0,0.30000000000000004,9,1.0,10.000000000000002,5,0.47774979133264256,0.01394209037055389,185.97199999999998,9.225791022996344
8,"[3041, 3042, 3043, 3044, 3045]",single_sample_latency_online_search_v1,17,0.0,0.0,0.0,0.0,0.05477225575051663,6,0.75,1.0000000000000002,20,0.49274022333779327,0.012184666270195736,139.8645,8.764328103469374
8,"[3041, 3042, 3043, 3044, 3045]",single_sample_latency_online_search_v1,18,-1.0,0.0,0.0,0.0,0.010000000000000004,6,0.75,1.0000000000000002,5,0.7127983042857031,0.006204852120065627,140.372,11.221745407912268
8,"[3041, 3042, 3043, 3044, 3045]",single_sample_latency_online_search_v1,19,1.0,0.0,0.0,0.0,0.30000000000000004,6,0.75,1.0000000000000002,5,0.4832010890446766,0.02009365613599289,136.82,8.274357981136653
8,"[3041, 3042, 3043, 3044, 3045]",single_sample_latency_online_search_v1,20,0.0,-1.0,0.0,0.0,0.05477225575051663,3,0.75,1.0000000000000002,5,0.5613470413160778,0.011581790757424352,122.16600000000001,10.18659560402788
8,"[3041, 3042, 3043, 3044, 3045]",single_sample_latency_online_search_v1,21,0.0,1.0,0.0,0.0,0.05477225575051663,9,0.75,1.0000000000000002,5,0.4760520883309568,0.01384070976735272,210.844,9.412190499559598
8,"[3041, 3042, 3043, 3044, 3045]",single_sample_latency_online_search_v1,22,0.0,0.0,-1.0,0.0,0.05477225575051663,6,0.5,1.0000000000000002,5,0.49498882012581813,0.012605922946145468,135.196,9.29537142883489
8,"[3041, 3042, 3043, 3044, 3045]",single_sample_latency_online_search_v1,23,0.0,0.0,1.0,0.0,0.05477225575051663,6,1.0,1.0000000000000002,5,0.4946768036595198,0.012103706677682636,136.044,9.949220069935127
8,"[3041, 3042, 3043, 3044, 3045]",single_sample_latency_online_search_v1,24,0.0,0.0,0.0,-1.0,0.05477225575051663,6,0.75,0.09999999999999998,5,0.4931067847118117,0.013045489570843373,129.846,3.607939855374549
8,"[3041, 3042, 3043, 3044, 3045]",single_sample_latency_online_search_v1,25,0.0,0.0,0.0,1.0,0.05477225575051663,6,0.75,10.000000000000002,5,0.49693241040264907,0.013946013154265996,133.704,7.468700020753277
9,"[3046, 3047, 3048, 3049, 3050]",single_sample_latency_online_search_v1,1,-1.0,-1.0,-1.0,-1.0,0.010000000000000004,3,0.5,0.09999999999999998,5,0.8110689020421867,0.016930099047963377,118.51599999999999,7.791779642674704
9,"[3046, 3047, 3048, 3049, 3050]",single_sample_latency_online_search_v1,2,1.0,-1.0,-1.0,-1.0,0.30000000000000004,3,0.5,0.09999999999999998,5,0.5097317248805697,0.010096860944284282,124.542,10.764356460095517
9,"[3046, 3047, 3048, 3049, 3050]",single_sample_latency_online_search_v1,3,-1.0,1.0,-1.0,-1.0,0.010000000000000004,9,0.5,0.09999999999999998,5,0.6684156391966279,0.014873481322154193,229.792,8.85013389729217
9,"[3046, 3047, 3048, 3049, 3050]",single_sample_latency_online_search_v1,4,1.0,1.0,-1.0,-1.0,0.30000000000000004,9,0.5,0.09999999999999998,5,0.5498483782921382,0.011981676557336845,194.244,5.95258599265899
9,"[3046, 3047, 3048, 3049, 3050]",single_sample_latency_online_search_v1,5,-1.0,-1.0,1.0,-1.0,0.010000000000000004,3,1.0,0.09999999999999998,5,0.8131268176936605,0.016621284370661918,118.398,4.875025128140372
9,"[3046, 3047, 3048, 3049, 3050]",single_sample_latency_online_search_v1,6,1.0,-1.0,1.0,-1.0,0.30000000000000004,3,1.0,0.09999999999999998,5,0.4966339581982546,0.015070397585723299,123.148,8.89705681672315
9,"[3046, 3047, 3048, 3049, 3050]",single_sample_latency_online_search_v1,7,-1.0,1.0,1.0,-1.0,0.010000000000000004,9,1.0,0.09999999999999998,5,0.6728582418564082,0.01381304316264912,235.41199999999998,12.17637343382667
9,"[3046, 3047, 3048, 3049, 3050]",single_sample_latency_online_search_v1,8,1.0,1.0,1.0,-1.0,0.30000000000000004,9,1.0,0.09999999999999998,5,0.50867855306655,0.013673374319033134,203.672,9.386288936528638
9,"[3046, 3047, 3048, 3049, 3050]",single_sample_latency_online_search_v1,9,-1.0,-1.0,-1.0,1.0,0.010000000000000004,3,0.5,10.000000000000002,5,0.81573896023299,0.01706532501185185,127.23999999999998,11.75261034834389
9,"[3046, 3047, 3048, 3049, 3050]",single_sample_latency_online_search_v1,10,1.0,-1.0,-1.0,1.0,0.30000000000000004,3,0.5,10.000000000000002,5,0.5047424255284859,0.01476893771352524,122.64200000000001,9.482463814853183
9,"[3046, 3047, 3048, 3049, 3050]",single_sample_latency_online_search_v1,11,-1.0,1.0,-1.0,1.0,0.010000000000000004,9,0.5,10.000000000000002,5,0.7038212632162574,0.015545419565605512,197.64600000000002,11.080190882832287
9,"[3046, 3047, 3048, 3049, 3050]",single_sample_latency_online_search_v1,12,1.0,1.0,-1.0,1.0,0.30000000000000004,9,0.5,10.000000000000002,5,0.49741526137518255,0.015781608351913775,182.118,6.686439261669853
9,"[3046, 3047, 3048, 3049, 3050]",single_sample_latency_online_search_v1,13,-1.0,-1.0,1.0,1.0,0.010000000000000004,3,1.0,10.000000000000002,5,0.8154355191783221,0.01683947916325432,125.63399999999999,6.43988586855388
9,"[3046, 3047, 3048, 3049, 3050]",single_sample_latency_online_search_v1,14,1.0,-1.0,1.0,1.0,0.30000000000000004,3,1.0,10.000000000000002,5,0.49788001094974854,0.01517262962874902,118.41199999999999,9.590652741080767
9,"[3046, 3047, 3048, 3049, 3050]",single_sample_latency_online_search_v1,15,-1.0,1.0,1.0,1.0,0.010000000000000004,9,1.0,10.000000000000002,5,0.6962582476583344,0.015791267511494622,216.564,11.551315076648207
9,"[3046, 3047, 3048, 3049, 3050]",single_sample_latency_online_search_v1,16,1.0,1.0,1.0,1.0,0.30000000000000004,9,1.0,10.000000000000002,5,0.48107112779886735,0.01315439362185513,194.344,10.457013435967262
9,"[3046, 3047, 3048, 3049, 3050]",single_sample_latency_online_search_v1,17,0.0,0.0,0.0,0.0,0.05477225575051663,6,0.75,1.0000000000000002,20,0.4957735254540448,0.012662224688913122,136.725,6.479842834351362
9,"[3046, 3047, 3048, 3049, 3050]",single_sample_latency_online_search_v1,18,-1.0,0.0,0.0,0.0,0.010000000000000004,6,0.75,1.0000000000000002,5,0.7165136082524528,0.015340496455655717,139.788,14.088710728806944
9,"[3046, 3047, 3048, 3049, 3050]",single_sample_latency_online_search_v1,19,1.0,0.0,0.0,0.0,0.30000000000000004,6,0.75,1.0000000000000002,5,0.48945161815030264,0.013491247803461498,137.6,9.686002787527986
9,"[3046, 3047, 3048, 3049, 3050]",single_sample_latency_online_search_v1,20,0.0,-1.0,0.0,0.0,0.05477225575051663,3,0.75,1.0000000000000002,5,0.5611112517206994,0.013764404901107781,130.27,13.143738052776317
9,"[3046, 3047, 3048, 3049, 3050]",single_sample_latency_online_search_v1,21,0.0,1.0,0.0,0.0,0.05477225575051663,9,0.75,1.0000000000000002,5,0.48087713613351146,0.015195377785308767,203.82,8.997263472856618
9,"[3046, 3047, 3048, 3049, 3050]",single_sample_latency_online_search_v1,22,0.0,0.0,-1.0,0.0,0.05477225575051663,6,0.5,1.0000000000000002,5,0.49535327398251716,0.013244549247993124,137.004,6.849998540145832
9,"[3046, 3047, 3048, 3049, 3050]",single_sample_latency_online_search_v1,23,0.0,0.0,1.0,0.0,0.05477225575051663,6,1.0,1.0000000000000002,5,0.4976367102630571,0.012056829147234735,149.39600000000002,25.269602885680644
9,"[3046, 3047, 3048, 3049, 3050]",single_sample_latency_online_search_v1,24,0.0,0.0,0.0,-1.0,0.05477225575051663,6,0.75,0.09999999999999998,5,0.4957757393825871,0.012206283433325237,136.018,8.666093122047558
9,"[3046, 3047, 3048, 3049, 3050]",single_sample_latency_online_search_v1,25,0.0,0.0,0.0,1.0,0.05477225575051663,6,0.75,10.000000000000002,5,0.4989602766503358,0.01296367295543658,135.188,10.14702271604829
10,"[3051, 3052, 3053, 3054, 3055]",single_sample_latency_online_search_v1,1,-1.0,-1.0,-1.0,-1.0,0.010000000000000004,3,0.5,0.09999999999999998,5,0.8131889021831915,0.008177777065464277,121.478,4.550441736798747
10,"[3051, 3052, 3053, 3054, 3055]",single_sample_latency_online_search_v1,2,1.0,-1.0,-1.0,-1.0,0.30000000000000004,3,0.5,0.09999999999999998,5,0.5114256290228332,0.007611769638333487,119.744,6.953260386322376
10,"[3051, 3052, 3053, 3054, 3055]",single_sample_latency_online_search_v1,3,-1.0,1.0,-1.0,-1.0,0.010000000000000004,9,0.5,0.09999999999999998,5,0.6687430924355627,0.007366714589973378,224.218,3.5504816574656592
10,"[3051, 3052, 3053, 3054, 3055]",single_sample_latency_online_search_v1,4,1.0,1.0,-1.0,-1.0,0.30000000000000004,9,0.5,0.09999999999999998,5,0.5466094002397127,0.01077786627526417,188.522,8.36270111865777
10,"[3051, 3052, 3053, 3054, 3055]",single_sample_latency_online_search_v1,5,-1.0,-1.0,1.0,-1.0,0.010000000000000004,3,1.0,0.09999999999999998,5,0.8149305073483616,0.008693459601318338,120.39000000000001,8.69043727323315
10,"[3051, 3052, 3053, 3054, 3055]",single_sample_latency_online_search_v1,6,1.0,-1.0,1.0,-1.0,0.30000000000000004,3,1.0,0.09999999999999998,5,0.4950222821938765,0.006782176869436684,116.922,4.715927268311081
10,"[3051, 3052, 3053, 3054, 3055]",single_sample_latency_online_search_v1,7,-1.0,1.0,1.0,-1.0,0.010000000000000004,9,1.0,0.09999999999999998,5,0.6711519818509666,0.007837267688898895,241.39000000000001,10.65203501684068
10,"[3051, 3052, 3053, 3054, 3055]",single_sample_latency_online_search_v1,8,1.0,1.0,1.0,-1.0,0.30000000000000004,9,1.0,0.09999999999999998,5,0.49955586021641774,0.00464181736284024,199.98399999999998,8.840522043408967
10,"[3051, 3052, 3053, 3054, 3055]",single_sample_latency_online_search_v1,9,-1.0,-1.0,-1.0,1.0,0.010000000000000004,3,0.5,10.000000000000002,5,0.8179684618023876,0.008644917879077434,115.91199999999999,5.5204229910397284
10,"[3051, 3052, 3053, 3054, 3055]",single_sample_latency_online_search_v1,10,1.0,-1.0,-1.0,1.0,0.30000000000000004,3,0.5,10.000000000000002,5,0.5017891055012401,0.009219531142663695,122.66,8.59190025547317
10,"[3051, 3052, 3053, 3054, 3055]",single_sample_latency_online_search_v1,11,-1.0,1.0,-1.0,1.0,0.010000000000000004,9,0.5,10.000000000000002,5,0.7044519468201086,0.008047442348895649,192.106,6.5393218302817875
10,"[3051, 3052, 3053, 3054, 3055]",single_sample_latency_online_search_v1,12,1.0,1.0,-1.0,1.0,0.30000000000000004,9,0.5,10.000000000000002,5,0.49175973142262797,0.007627528771841898,205.204,34.441277996032596
10,"[3051, 3052, 3053, 3054, 3055]",single_sample_latency_online_search_v1,13,-1.0,-1.0,1.0,1.0,0.010000000000000004,3,1.0,10.000000000000002,5,0.8172123663590181,0.008839344475322121,121.65,9.417051024604248
10,"[3051, 3052, 3053, 3054, 3055]",single_sample_latency_online_search_v1,14,1.0,-1.0,1.0,1.0,0.30000000000000004,3,1.0,10.000000000000002,5,0.4945802427121723,0.008468407670166182,121.57000000000001,10.678932530922745
10,"[3051, 3052, 3053, 3054, 3055]",single_sample_latency_online_search_v1,15,-1.0,1.0,1.0,1.0,0.010000000000000004,9,1.0,10.000000000000002,5,0.6944777540562697,0.007539631840395086,217.81,11.76018069589069
10,"[3051, 3052, 3053, 3054, 3055]",single_sample_latency_online_search_v1,16,1.0,1.0,1.0,1.0,0.30000000000000004,9,1.0,10.000000000000002,5,0.47322243335392733,0.005852006524378896,191.878,8.276591689820153
10,"[3051, 3052, 3053, 3054, 3055]",single_sample_latency_online_search_v1,17,0.0,0.0,0.0,0.0,0.05477225575051663,6,0.75,1.0000000000000002,20,0.49236602221308556,0.0063699537071263915,139.433,8.314031323137128
10,"[3051, 3052, 3053, 3054, 3055]",single_sample_latency_online_search_v1,18,-1.0,0.0,0.0,0.0,0.010000000000000004,6,0.75,1.0000000000000002,5,0.7187833367149197,0.006207260245691569,133.38600000000002,5.179037555376482
10,"[3051, 3052, 3053, 3054, 3055]",single_sample_latency_online_search_v1,19,1.0,0.0,0.0,0.0,0.30000000000000004,6,0.75,1.0000000000000002,5,0.48128466183674357,0.009713198155400907,136.908,9.611075382078736
10,"[3051, 3052, 3053, 3054, 3055]",single_sample_latency_online_search_v1,20,0.0,-1.0,0.0,0.0,0.05477225575051663,3,0.75,1.0000000000000002,5,0.5653218852094198,0.006149424615741881,125.03600000000002,6.2352810682438315
10,"[3051, 3052, 3053, 3054, 3055]",single_sample_latency_online_search_v1,21,0.0,1.0,0.0,0.0,0.05477225575051663,9,0.75,1.0000000000000002,5,0.4730816915777344,0.007678830903679208,209.62600000000003,7.582340008203283
10,"[3051, 3052, 3053, 3054, 3055]",single_sample_latency_online_search_v1,22,0.0,0.0,-1.0,0.0,0.05477225575051663,6,0.5,1.0000000000000002,5,0.49264012844324956,0.007685404527320377,138.204,7.250019310319102
10,"[3051, 3052, 3053, 3054, 3055]",single_sample_latency_online_search_v1,23,0.0,0.0,1.0,0.0,0.05477225575051663,6,1.0,1.0000000000000002,5,0.4938778599962298,0.007008147721427749,143.43800000000002,9.18966375881077
10,"[3051, 3052, 3053, 3054, 3055]",single_sample_latency_online_search_v1,24,0.0,0.0,0.0,-1.0,0.05477225575051663,6,0.75,0.09999999999999998,5,0.4926937746432728,0.007016912971489826,140.814,5.668168134415206
10,"[3051, 3052, 3053, 3054, 3055]",single_sample_latency_online_search_v1,25,0.0,0.0,0.0,1.0,0.05477225575051663,6,0.75,10.000000000000002,5,0.4970107757438937,0.007627078563958631,146.276,16.290218844447736
11,"[3056, 3057, 3058, 3059, 3060]",single_sample_latency_online_search_v1,1,-1.0,-1.0,-1.0,-1.0,0.010000000000000004,3,0.5,0.09999999999999998,5,0.816222500583897,0.01382006076163362,122.56999999999998,9.300900494038197
11,"[3056, 3057, 3058, 3059, 3060]",single_sample_latency_online_search_v1,2,1.0,-1.0,-1.0,-1.0,0.30000000000000004,3,0.5,0.09999999999999998,5,0.5167005707875179,0.01323891227165475,117.758,6.994778052232966
11,"[3056, 3057, 3058, 3059, 3060]",single_sample_latency_online_search_v1,3,-1.0,1.0,-1.0,-1.0,0.010000000000000004,9,0.5,0.09999999999999998,5,0.6718792648239779,0.014940731433635227,223.496,16.555078676949858
11,"[3056, 3057, 3058, 3059, 3060]",single_sample_latency_online_search_v1,4,1.0,1.0,-1.0,-1.0,0.30000000000000004,9,0.5,0.09999999999999998,5,0.5557983254862275,0.012916277389640025,189.16000000000003,12.297204966983356
11,"[3056, 3057, 3058, 3059, 3060]",single_sample_latency_online_search_v1,5,-1.0,-1.0,1.0,-1.0,0.010000000000000004,3,1.0,0.09999999999999998,5,0.8182520364199337,0.014399686698357094,125.13,6.600946901770985
11,"[3056, 3057, 3058, 3059, 3060]",single_sample_latency_online_search_v1,6,1.0,-1.0,1.0,-1.0,0.30000000000000004,3,1.0,0.09999999999999998,5,0.4996370587438747,0.012785937684114351,119.444,10.2251371628942
11,"[3056, 3057, 3058, 3059, 3060]",single_sample_latency_online_search_v1,7,-1.0,1.0,1.0,-1.0,0.010000000000000004,9,1.0,0.09999999999999998,5,0.6774144086968097,0.01661746810915397,233.602,17.01291480023338
11,"[3056, 3057, 3058, 3059, 3060]",single_sample_latency_online_search_v1,8,1.0,1.0,1.0,-1.0,0.30000000000000004,9,1.0,0.09999999999999998,5,0.5093198756643161,0.009811736434326935,217.3,10.073095353465083
11,"[3056, 3057, 3058, 3059, 3060]",single_sample_latency_online_search_v1,9,-1.0,-1.0,-1.0,1.0,0.010000000000000004,3,0.5,10.000000000000002,5,0.8210672302486351,0.013963569864052297,121.276,8.924638928270427
11,"[3056, 3057, 3058, 3059, 3060]",single_sample_latency_online_search_v1,10,1.0,-1.0,-1.0,1.0,0.30000000000000004,3,0.5,10.000000000000002,5,0.5066188382781666,0.008990753322844531,116.3,4.672269255939767
11,"[3056, 3057, 3058, 3059, 3060]",single_sample_latency_online_search_v1,11,-1.0,1.0,-1.0,1.0,0.010000000000000004,9,0.5,10.000000000000002,5,0.7090281277827959,0.014104855112697962,190.816,14.93086836054756
11,"[3056, 3057, 3058, 3059, 3060]",single_sample_latency_online_search_v1,12,1.0,1.0,-1.0,1.0,0.30000000000000004,9,0.5,10.000000000000002,5,0.501276414337889,0.009418790134689234,181.554,12.070100662380575
11,"[3056, 3057, 3058, 3059, 3060]",single_sample_latency_online_search_v1,13,-1.0,-1.0,1.0,1.0,0.010000000000000004,3,1.0,10.000000000000002,5,0.8207006384255882,0.014381093020715776,115.816,6.830371878602219
11,"[3056, 3057, 3058, 3059, 3060]",single_sample_latency_online_search_v1,14,1.0,-1.0,1.0,1.0,0.30000000000000004,3,1.0,10.000000000000002,5,0.4992140101771424,0.009528688234989518,114.522,5.159968023156733
11,"[3056, 3057, 3058, 3059, 3060]",single_sample_latency_online_search_v1,15,-1.0,1.0,1.0,1.0,0.010000000000000004,9,1.0,10.000000000000002,5,0.7013495132220784,0.01577749693430883,209.906,15.583097573974179
11,"[3056, 3057, 3058, 3059, 3060]",single_sample_latency_online_search_v1,16,1.0,1.0,1.0,1.0,0.30000000000000004,9,1.0,10.000000000000002,5,0.4823432575660962,0.00993664405973985,193.99,6.682645434257308
11,"[3056, 3057, 3058, 3059, 3060]",single_sample_latency_online_search_v1,17,0.0,0.0,0.0,0.0,0.05477225575051663,6,0.75,1.0000000000000002,20,0.4984391349720164,0.00835281279776193,136.57750000000001,7.801602315179269
11,"[3056, 3057, 3058, 3059, 3060]",single_sample_latency_online_search_v1,18,-1.0,0.0,0.0,0.0,0.010000000000000004,6,0.75,1.0000000000000002,5,0.720707180233783,0.015323613360345307,141.844,10.052625527691763
11,"[3056, 3057, 3058, 3059, 3060]",single_sample_latency_online_search_v1,19,1.0,0.0,0.0,0.0,0.30000000000000004,6,0.75,1.0000000000000002,5,0.48814257638488723,0.011671313697071863,135.422,7.782279229120475
11,"[3056, 3057, 3058, 3059, 3060]",single_sample_latency_online_search_v1,20,0.0,-1.0,0.0,0.0,0.05477225575051663,3,0.75,1.0000000000000002,5,0.567344516683548,0.009893649998223415,123.89000000000001,8.800999943188279
11,"[3056, 3057, 3058, 3059, 3060]",single_sample_latency_online_search_v1,21,0.0,1.0,0.0,0.0,0.05477225575051663,9,0.75,1.0000000000000002,5,0.4815938012406261,0.01107775419849508,208.304,10.799158763533388
11,"[3056, 3057, 3058, 3059, 3060]",single_sample_latency_online_search_v1,22,0.0,0.0,-1.0,0.0,0.05477225575051663,6,0.5,1.0000000000000002,5,0.5001918571780384,0.009336855176257926,141.848,6.6205037572680245
11,"[3056, 3057, 3058, 3059, 3060]",single_sample_latency_online_search_v1,23,0.0,0.0,1.0,0.0,0.05477225575051663,6,1.0,1.0000000000000002,5,0.5010438678674024,0.010545685836127612,135.09,8.628980241025005
11,"[3056, 3057, 3058, 3059, 3060]",single_sample_latency_online_search_v1,24,0.0,0.0,0.0,-1.0,0.05477225575051663,6,0.75,0.09999999999999998,5,0.49885806847882,0.00947866311594649,156.28799999999998,23.949635070288647
11,"[3056, 3057, 3058, 3059, 3060]",single_sample_latency_online_search_v1,25,0.0,0.0,0.0,1.0,0.05477225575051663,6,0.75,10.000000000000002,5,0.5032639120025346,0.009260247188169035,140.07999999999998,8.247438996440051
12,"[3061, 3062, 3063, 3064, 3065]",single_sample_latency_online_search_v1,1,-1.0,-1.0,-1.0,-1.0,0.010000000000000004,3,0.5,0.09999999999999998,5,0.8066383743775478,0.003612663700607477,120.848,7.8972887752696455
12,"[3061, 3062, 3063, 3064, 3065]",single_sample_latency_online_search_v1,2,1.0,-1.0,-1.0,-1.0,0.30000000000000004,3,0.5,0.09999999999999998,5,0.5108919167761009,0.008216070512339496,120.16,18.0648263207815
12,"[3061, 3062, 3063, 3064, 3065]",single_sample_latency_online_search_v1,3,-1.0,1.0,-1.0,-1.0,0.010000000000000004,9,0.5,0.09999999999999998,5,0.6669472625203795,0.003598356687621307,226.63400000000001,13.525924367672626
12,"[3061, 3062, 3063, 3064, 3065]",single_sample_latency_online_search_v1,4,1.0,1.0,-1.0,-1.0,0.30000000000000004,9,0.5,0.09999999999999998,5,0.5524412883775244,0.013612826024726056,188.35999999999999,8.523382544506612
12,"[3061, 3062, 3063, 3064, 3065]",single_sample_latency_online_search_v1,5,-1.0,-1.0,1.0,-1.0,0.010000000000000004,3,1.0,0.09999999999999998,5,0.8086260282684312,0.0033982325866526945,120.0,6.211589973589696
12,"[3061, 3062, 3063, 3064, 3065]",single_sample_latency_online_search_v1,6,1.0,-1.0,1.0,-1.0,0.30000000000000004,3,1.0,0.09999999999999998,5,0.4979430538553423,0.00981029157807254,122.578,12.446090550851702
12,"[3061, 3062, 3063, 3064, 3065]",single_sample_latency_online_search_v1,7,-1.0,1.0,1.0,-1.0,0.010000000000000004,9,1.0,0.09999999999999998,5,0.6704485833194261,0.0032503512382442584,245.954,17.691627398292102
12,"[3061, 3062, 3063, 3064, 3065]",single_sample_latency_online_search_v1,8,1.0,1.0,1.0,-1.0,0.30000000000000004,9,1.0,0.09999999999999998,5,0.508986941106222,0.009180158997988748,202.126,13.481262181264778
12,"[3061, 3062, 3063, 3064, 3065]",single_sample_latency_online_search_v1,9,-1.0,-1.0,-1.0,1.0,0.010000000000000004,3,0.5,10.000000000000002,5,0.811074445486037,0.0037225662654252743,120.888,9.181191099198402
12,"[3061, 3062, 3063, 3064, 3065]",single_sample_latency_online_search_v1,10,1.0,-1.0,-1.0,1.0,0.30000000000000004,3,0.5,10.000000000000002,5,0.5069149645517511,0.012116494866098136,117.936,6.74638644016188
12,"[3061, 3062, 3063, 3064, 3065]",single_sample_latency_online_search_v1,11,-1.0,1.0,-1.0,1.0,0.010000000000000004,9,0.5,10.000000000000002,5,0.7017353159427733,0.00418820320398963,190.852,6.417801025273376
12,"[3061, 3062, 3063, 3064, 3065]",single_sample_latency_online_search_v1,12,1.0,1.0,-1.0,1.0,0.30000000000000004,9,0.5,10.000000000000002,5,0.5022775929983136,0.010956371054309397,187.098,10.787676765643292
12,"[3061, 3062, 3063, 3064, 3065]",single_sample_latency_online_search_v1,13,-1.0,-1.0,1.0,1.0,0.010000000000000004,3,1.0,10.000000000000002,5,0.811045390561539,0.0035387552745656053,113.18800000000002,3.6981711696458817
12,"[3061, 3062, 3063, 3064, 3065]",single_sample_latency_online_search_v1,14,1.0,-1.0,1.0,1.0,0.30000000000000004,3,1.0,10.000000000000002,5,0.4992285413359657,0.007819111021962028,121.51400000000001,13.014450814383222
12,"[3061, 3062, 3063, 3064, 3065]",single_sample_latency_online_search_v1,15,-1.0,1.0,1.0,1.0,0.010000000000000004,9,1.0,10.000000000000002,5,0.6930952373977836,0.00477166884905189,217.618,12.384472939935709
12,"[3061, 3062, 3063, 3064, 3065]",single_sample_latency_online_search_v1,16,1.0,1.0,1.0,1.0,0.30000000000000004,9,1.0,10.000000000000002,5,0.48020130156911717,0.011935618109359234,188.846,7.0270285327441195
12,"[3061, 3062, 3063, 3064, 3065]",single_sample_latency_online_search_v1,17,0.0,0.0,0.0,0.0,0.05477225575051663,6,0.75,1.0000000000000002,20,0.49632687765991657,0.007013710255144691,137.6965,9.903345141920486
12,"[3061, 3062, 3063, 3064, 3065]",single_sample_latency_online_search_v1,18,-1.0,0.0,0.0,0.0,0.010000000000000004,6,0.75,1.0000000000000002,5,0.7156221960694606,0.004329590197667959,137.394,9.086981346960048
12,"[3061, 3062, 3063, 3064, 3065]",single_sample_latency_online_search_v1,19,1.0,0.0,0.0,0.0,0.30000000000000004,6,0.75,1.0000000000000002,5,0.48574530051053416,0.010316586022467523,155.64000000000001,12.404972793198699
12,"[3061, 3062, 3063, 3064, 3065]",single_sample_latency_online_search_v1,20,0.0,-1.0,0.0,0.0,0.05477225575051663,3,0.75,1.0000000000000002,5,0.5640811213910009,0.0043427912402523765,126.95,14.272920163722628
12,"[3061, 3062, 3063, 3064, 3065]",single_sample_latency_online_search_v1,21,0.0,1.0,0.0,0.0,0.05477225575051663,9,0.75,1.0000000000000002,5,0.48092558997704565,0.00946085385538358,219.504,13.484277140432855
12,"[3061, 3062, 3063, 3064, 3065]",single_sample_latency_online_search_v1,22,0.0,0.0,-1.0,0.0,0.05477225575051663,6,0.5,1.0000000000000002,5,0.49716743366753235,0.004119048911905946,135.356,7.879211889522959
12,"[3061, 3062, 3063, 3064, 3065]",single_sample_latency_online_search_v1,23,0.0,0.0,1.0,0.0,0.05477225575051663,6,1.0,1.0000000000000002,5,0.5012627464404737,0.008776746002698245,139.828,7.567011959816109
12,"[3061, 3062, 3063, 3064, 3065]",single_sample_latency_online_search_v1,24,0.0,0.0,0.0,-1.0,0.05477225575051663,6,0.75,0.09999999999999998,5,0.4963629213307909,0.0071846539485677695,137.342,6.136755657511559
12,"[3061, 3062, 3063, 3064, 3065]",single_sample_latency_online_search_v1,25,0.0,0.0,0.0,1.0,0.05477225575051663,6,0.75,10.000000000000002,5,0.4994637577830483,0.0063057829787142635,139.692,5.339650737641925
13,"[3066, 3067, 3068, 3069, 3070]",single_sample_latency_online_search_v1,1,-1.0,-1.0,-1.0,-1.0,0.010000000000000004,3,0.5,0.09999999999999998,5,0.8093404781105145,0.00667867522489302,123.52000000000001,10.068324090929925
13,"[3066, 3067, 3068, 3069, 3070]",single_sample_latency_online_search_v1,2,1.0,-1.0,-1.0,-1.0,0.30000000000000004,3,0.5,0.09999999999999998,5,0.5115679363764578,0.010174802209196086,119.49600000000001,11.489348545500743
13,"[3066, 3067, 3068, 3069, 3070]",single_sample_latency_online_search_v1,3,-1.0,1.0,-1.0,-1.0,0.010000000000000004,9,0.5,0.09999999999999998,5,0.6652584255553636,0.004204489534216675,218.55599999999998,8.876205833575508
13,"[3066, 3067, 3068, 3069, 3070]",single_sample_latency_online_search_v1,4,1.0,1.0,-1.0,-1.0,0.30000000000000004,9,0.5,0.09999999999999998,5,0.5476910067411671,0.007978090306156609,196.698,19.41627332934926
13,"[3066, 3067, 3068, 3069, 3070]",single_sample_latency_online_search_v1,5,-1.0,-1.0,1.0,-1.0,0.010000000000000004,3,1.0,0.09999999999999998,5,0.8116566621055143,0.00660676829281749,120.89000000000001,9.33661608935486
13,"[3066, 3067, 3068, 3069, 3070]",single_sample_latency_online_search_v1,6,1.0,-1.0,1.0,-1.0,0.30000000000000004,3,1.0,0.09999999999999998,5,0.497726686973056,0.007196304828963105,115.726,5.021083548398691
13,"[3066, 3067, 3068, 3069, 3070]",single_sample_latency_online_search_v1,7,-1.0,1.0,1.0,-1.0,0.010000000000000004,9,1.0,0.09999999999999998,5,0.6667234680224846,0.004951968866162774,240.61599999999999,16.197236801380654
13,"[3066, 3067, 3068, 3069, 3070]",single_sample_latency_online_search_v1,8,1.0,1.0,1.0,-1.0,0.30000000000000004,9,1.0,0.09999999999999998,5,0.5011883681011791,0.0062559488136334825,206.81,17.86077825851941
13,"[3066, 3067, 3068, 3069, 3070]",single_sample_latency_online_search_v1,9,-1.0,-1.0,-1.0,1.0,0.010000000000000004,3,0.5,10.000000000000002,5,0.8139583010249855,0.006805745592241811,112.852,3.605006241326085
13,"[3066, 3067, 3068, 3069, 3070]",single_sample_latency_online_search_v1,10,1.0,-1.0,-1.0,1.0,0.30000000000000004,3,0.5,10.000000000000002,5,0.5043843548669916,0.00812801101399348,125.05799999999999,5.66511871014192
13,"[3066, 3067, 3068, 3069, 3070]",single_sample_latency_online_search_v1,11,-1.0,1.0,-1.0,1.0,0.010000000000000004,9,0.5,10.000000000000002,5,0.7014416144996278,0.0037411683816082303,190.346,5.174304784219813
13,"[3066, 3067, 3068, 3069, 3070]",single_sample_latency_online_search_v1,12,1.0,1.0,-1.0,1.0,0.30000000000000004,9,0.5,10.000000000000002,5,0.49348417881339124,0.00844240431674108,193.666,4.749339954140997
13,"[3066, 3067, 3068, 3069, 3070]",single_sample_latency_online_search_v1,13,-1.0,-1.0,1.0,1.0,0.010000000000000004,3,1.0,10.000000000000002,5,0.8141474700471643,0.0066465735778626685,117.24600000000001,4.401616748423247
13,"[3066, 3067, 3068, 3069, 3070]",single_sample_latency_online_search_v1,14,1.0,-1.0,1.0,1.0,0.30000000000000004,3,1.0,10.000000000000002,5,0.4947042835875548,0.007321023808548783,119.95,8.539148083971844
13,"[3066, 3067, 3068, 3069, 3070]",single_sample_latency_online_search_v1,15,-1.0,1.0,1.0,1.0,0.010000000000000004,9,1.0,10.000000000000002,5,0.6922916273023079,0.00443881188008806,204.404,11.758823495571312
13,"[3066, 3067, 3068, 3069, 3070]",single_sample_latency_online_search_v1,16,1.0,1.0,1.0,1.0,0.30000000000000004,9,1.0,10.000000000000002,5,0.47367660051400434,0.006841983688876734,189.41,2.9197773887746896
13,"[3066, 3067, 3068, 3069, 3070]",single_sample_latency_online_search_v1,17,0.0,0.0,0.0,0.0,0.05477225575051663,6,0.75,1.0000000000000002,20,0.4932793808619471,0.005595052282651679,138.3995,8.048034395526585
13,"[3066, 3067, 3068, 3069, 3070]",single_sample_latency_online_search_v1,18,-1.0,0.0,0.0,0.0,0.010000000000000004,6,0.75,1.0000000000000002,5,0.7163297067753568,0.005660866675039306,137.28199999999998,10.804499988430752
13,"[3066, 3067, 3068, 3069, 3070]",single_sample_latency_online_search_v1,19,1.0,0.0,0.0,0.0,0.30000000000000004,6,0.75,1.0000000000000002,5,0.4840649369545675,0.00814519132068869,138.022,5.907395365133441
13,"[3066, 3067, 3068, 3069, 3070]",single_sample_latency_online_search_v1,20,0.0,-1.0,0.0,0.0,0.05477225575051663,3,0.75,1.0000000000000002,5,0.5627801090848159,0.00957580478620829,113.798,3.856937904607747
13,"[3066, 3067, 3068, 3069, 3070]",single_sample_latency_online_search_v1,21,0.0,1.0,0.0,0.0,0.05477225575051663,9,0.75,1.0000000000000002,5,0.47384085457957853,0.005190834027024554,206.08200000000002,7.046908542048778
13,"[3066, 3067, 3068, 3069, 3070]",single_sample_latency_online_search_v1,22,0.0,0.0,-1.0,0.0,0.05477225575051663,6,0.5,1.0000000000000002,5,0.4936772333243734,0.005497387359365415,146.628,9.939138292628797
13,"[3066, 3067, 3068, 3069, 3070]",single_sample_latency_online_search_v1,23,0.0,0.0,1.0,0.0,0.05477225575051663,6,1.0,1.0000000000000002,5,0.49566900337448383,0.006268200745114863,138.442,9.635931195271173
13,"[3066, 3067, 3068, 3069, 3070]",single_sample_latency_online_search_v1,24,0.0,0.0,0.0,-1.0,0.05477225575051663,6,0.75,0.09999999999999998,5,0.4928127929971854,0.00654881459449985,140.522,13.288796785262376
13,"[3066, 3067, 3068, 3069, 3070]",single_sample_latency_online_search_v1,25,0.0,0.0,0.0,1.0,0.05477225575051663,6,0.75,10.000000000000002,5,0.4955613093281033,0.004610473804480101,149.328,10.564822289087502
14,"[3071, 3072, 3073, 3074, 3075]",single_sample_latency_online_search_v1,1,-1.0,-1.0,-1.0,-1.0,0.010000000000000004,3,0.5,0.09999999999999998,5,0.8108999886038053,0.003964560489729086,130.726,6.456433225860854
14,"[3071, 3072, 3073, 3074, 3075]",single_sample_latency_online_search_v1,2,1.0,-1.0,-1.0,-1.0,0.30000000000000004,3,0.5,0.09999999999999998,5,0.5144160078866296,0.010226810557507222,114.872,3.3257134572900315
14,"[3071, 3072, 3073, 3074, 3075]",single_sample_latency_online_search_v1,3,-1.0,1.0,-1.0,-1.0,0.010000000000000004,9,0.5,0.09999999999999998,5,0.6724291851435463,0.0039366083120203075,218.63600000000002,9.773173998246419
14,"[3071, 3072, 3073, 3074, 3075]",single_sample_latency_online_search_v1,4,1.0,1.0,-1.0,-1.0,0.30000000000000004,9,0.5,0.09999999999999998,5,0.5509552893555896,0.010955891860853901,185.88400000000001,5.897192552393045
14,"[3071, 3072, 3073, 3074, 3075]",single_sample_latency_online_search_v1,5,-1.0,-1.0,1.0,-1.0,0.010000000000000004,3,1.0,0.09999999999999998,5,0.8128473389781199,0.004134271347897238,122.16,10.413147939024013
14,"[3071, 3072, 3073, 3074, 3075]",single_sample_latency_online_search_v1,6,1.0,-1.0,1.0,-1.0,0.30000000000000004,3,1.0,0.09999999999999998,5,0.502726994948328,0.007019989374125885,119.726,7.632219860564811
14,"[3071, 3072, 3073, 3074, 3075]",single_sample_latency_online_search_v1,7,-1.0,1.0,1.0,-1.0,0.010000000000000004,9,1.0,0.09999999999999998,5,0.6781073028470507,0.006573578653195172,246.952,16.377121847259968
14,"[3071, 3072, 3073, 3074, 3075]",single_sample_latency_online_search_v1,8,1.0,1.0,1.0,-1.0,0.30000000000000004,9,1.0,0.09999999999999998,5,0.5166119256795623,0.010640224017446877,197.33800000000002,8.25157378928408
14,"[3071, 3072, 3073, 3074, 3075]",single_sample_latency_online_search_v1,9,-1.0,-1.0,-1.0,1.0,0.010000000000000004,3,0.5,10.000000000000002,5,0.8154918529462384,0.003946003121514484,116.97,4.589308226737449
14,"[3071, 3072, 3073, 3074, 3075]",single_sample_latency_online_search_v1,10,1.0,-1.0,-1.0,1.0,0.30000000000000004,3,0.5,10.000000000000002,5,0.5122364187548725,0.011611158222044737,120.326,12.51815601436569
14,"[3071, 3072, 3073, 3074, 3075]",single_sample_latency_online_search_v1,11,-1.0,1.0,-1.0,1.0,0.010000000000000004,9,0.5,10.000000000000002,5,0.7067199162729788,0.0056109411572502965,193.87399999999997,10.428711809231284
14,"[3071, 3072, 3073, 3074, 3075]",single_sample_latency_online_search_v1,12,1.0,1.0,-1.0,1.0,0.30000000000000004,9,0.5,10.000000000000002,5,0.5076289344039371,0.01143427854595459,186.81199999999998,6.927295287484144
14,"[3071, 3072, 3073, 3074, 3075]",single_sample_latency_online_search_v1,13,-1.0,-1.0,1.0,1.0,0.010000000000000004,3,1.0,10.000000000000002,5,0.8151750261029871,0.004021239057979392,116.954,3.310223557405152
14,"[3071, 3072, 3073, 3074, 3075]",single_sample_latency_online_search_v1,14,1.0,-1.0,1.0,1.0,0.30000000000000004,3,1.0,10.000000000000002,5,0.5020918055003986,0.010443222311577932,121.96600000000001,8.178892345544106
14,"[3071, 3072, 3073, 3074, 3075]",single_sample_latency_online_search_v1,15,-1.0,1.0,1.0,1.0,0.010000000000000004,9,1.0,10.000000000000002,5,0.7009917709367798,0.006606702854550424,212.20999999999998,13.862777499476792
14,"[3071, 3072, 3073, 3074, 3075]",single_sample_latency_online_search_v1,16,1.0,1.0,1.0,1.0,0.30000000000000004,9,1.0,10.000000000000002,5,0.4875314474303588,0.010343153215137083,201.51399999999998,9.392317605362367
14,"[3071, 3072, 3073, 3074, 3075]",single_sample_latency_online_search_v1,17,0.0,0.0,0.0,0.0,0.05477225575051663,6,0.75,1.0000000000000002,20,0.5009822009536931,0.009205940550550289,141.78050000000002,12.093583107103582
14,"[3071, 3072, 3073, 3074, 3075]",single_sample_latency_online_search_v1,18,-1.0,0.0,0.0,0.0,0.010000000000000004,6,0.75,1.0000000000000002,5,0.7220270167562,0.006076856954265928,141.57999999999998,11.04427679841465
14,"[3071, 3072, 3073, 3074, 3075]",single_sample_latency_online_search_v1,19,1.0,0.0,0.0,0.0,0.30000000000000004,6,0.75,1.0000000000000002,5,0.49434450308936934,0.008026019887123516,157.582,32.11958857146212
14,"[3071, 3072, 3073, 3074, 3075]",single_sample_latency_online_search_v1,20,0.0,-1.0,0.0,0.0,0.05477225575051663,3,0.75,1.0000000000000002,5,0.5680321197395879,0.012152322020203637,123.59400000000001,7.601409737673662
14,"[3071, 3072, 3073, 3074, 3075]",single_sample_latency_online_search_v1,21,0.0,1.0,0.0,0.0,0.05477225575051663,9,0.75,1.0000000000000002,5,0.4849455748990608,0.009200177306222268,205.004,10.951896182853446
14,"[3071, 3072, 3073, 3074, 3075]",single_sample_latency_online_search_v1,22,0.0,0.0,-1.0,0.0,0.05477225575051663,6,0.5,1.0000000000000002,5,0.5029268336216814,0.0077994457985356615,134.624,3.2296253652707048
14,"[3071, 3072, 3073, 3074, 3075]",single_sample_latency_online_search_v1,23,0.0,0.0,1.0,0.0,0.05477225575051663,6,1.0,1.0000000000000002,5,0.5033229513927578,0.010584368444314521,136.516,5.22635915336863
14,"[3071, 3072, 3073, 3074, 3075]",single_sample_latency_online_search_v1,24,0.0,0.0,0.0,-1.0,0.05477225575051663,6,0.75,0.09999999999999998,5,0.5030598886047284,0.010034730919161017,143.24200000000002,10.135618876023306
14,"[3071, 3072, 3073, 3074, 3075]",single_sample_latency_online_search_v1,25,0.0,0.0,0.0,1.0,0.05477225575051663,6,0.75,10.000000000000002,5,0.506938862958245,0.010547004959102671,134.842,6.019656966970804
15,"[3076, 3077, 3078, 3079, 3080]",single_sample_latency_online_search_v1,1,-1.0,-1.0,-1.0,-1.0,0.010000000000000004,3,0.5,0.09999999999999998,5,0.8081857023311269,0.009776476993174773,118.242,10.524348910977816
15,"[3076, 3077, 3078, 3079, 3080]",single_sample_latency_online_search_v1,2,1.0,-1.0,-1.0,-1.0,0.30000000000000004,3,0.5,0.09999999999999998,5,0.5050308379755345,0.010050753641190017,121.94000000000001,7.204797013101755
15,"[3076, 3077, 3078, 3079, 3080]",single_sample_latency_online_search_v1,3,-1.0,1.0,-1.0,-1.0,0.010000000000000004,9,0.5,0.09999999999999998,5,0.6664713249113094,0.00713751436414324,223.286,8.145018723121508
15,"[3076, 3077, 3078, 3079, 3080]",single_sample_latency_online_search_v1,4,1.0,1.0,-1.0,-1.0,0.30000000000000004,9,0.5,0.09999999999999998,5,0.5418231463852147,0.013886024407496617,187.744,8.918045189389884
15,"[3076, 3077, 3078, 3079, 3080]",single_sample_latency_online_search_v1,5,-1.0,-1.0,1.0,-1.0,0.010000000000000004,3,1.0,0.09999999999999998,5,0.8095003882771609,0.00942646910428542,116.24600000000001,6.3462177712398065
15,"[3076, 3077, 3078, 3079, 3080]",single_sample_latency_online_search_v1,6,1.0,-1.0,1.0,-1.0,0.30000000000000004,3,1.0,0.09999999999999998,5,0.4964417666438761,0.010418216624194147,122.282,6.3244106444790535
15,"[3076, 3077, 3078, 3079, 3080]",single_sample_latency_online_search_v1,7,-1.0,1.0,1.0,-1.0,0.010000000000000004,9,1.0,0.09999999999999998,5,0.6666522099634532,0.007494451667505417,234.97200000000004,11.566623102703739
15,"[3076, 3077, 3078, 3079, 3080]",single_sample_latency_online_search_v1,8,1.0,1.0,1.0,-1.0,0.30000000000000004,9,1.0,0.09999999999999998,5,0.5017065976383448,0.007168134347553363,207.038,11.818888272591456
15,"[3076, 3077, 3078, 3079, 3080]",single_sample_latency_online_search_v1,9,-1.0,-1.0,-1.0,1.0,0.010000000000000004,3,0.5,10.000000000000002,5,0.8122119631897992,0.009873371381946902,120.47200000000001,8.523169598218729
15,"[3076, 3077, 3078, 3079, 3080]",single_sample_latency_online_search_v1,10,1.0,-1.0,-1.0,1.0,0.30000000000000004,3,0.5,10.000000000000002,5,0.5000613203650504,0.009336093518227138,118.78800000000001,6.818436037684886
15,"[3076, 3077, 3078, 3079, 3080]",single_sample_latency_online_search_v1,11,-1.0,1.0,-1.0,1.0,0.010000000000000004,9,0.5,10.000000000000002,5,0.7005766341514763,0.008347365866107724,190.062,10.138420488419285
15,"[3076, 3077, 3078, 3079, 3080]",single_sample_latency_online_search_v1,12,1.0,1.0,-1.0,1.0,0.30000000000000004,9,0.5,10.000000000000002,5,0.49710503371244635,0.004789890962246344,181.27,5.234658537096764
15,"[3076, 3077, 3078, 3079, 3080]",single_sample_latency_online_search_v1,13,-1.0,-1.0,1.0,1.0,0.010000000000000004,3,1.0,10.000000000000002,5,0.8116459007325915,0.009433755696051729,121.39200000000001,6.647745482492548
15,"[3076, 3077, 3078, 3079, 3080]",single_sample_latency_online_search_v1,14,1.0,-1.0,1.0,1.0,0.30000000000000004,3,1.0,10.000000000000002,5,0.49699486343377447,0.012647844236003446,122.41400000000002,9.06756472268051
15,"[3076, 3077, 3078, 3079, 3080]",single_sample_latency_online_search_v1,15,-1.0,1.0,1.0,1.0,0.010000000000000004,9,1.0,10.000000000000002,5,0.6913006680326157,0.008777594772949968,206.01999999999998,7.310300951397274
15,"[3076, 3077, 3078, 3079, 3080]",single_sample_latency_online_search_v1,16,1.0,1.0,1.0,1.0,0.30000000000000004,9,1.0,10.000000000000002,5,0.47768863827331487,0.007992981940800715,192.876,12.867584466402397
15,"[3076, 3077, 3078, 3079, 3080]",single_sample_latency_online_search_v1,17,0.0,0.0,0.0,0.0,0.05477225575051663,6,0.75,1.0000000000000002,20,0.4931615532390808,0.009609354093946,138.611,9.372284392657
15,"[3076, 3077, 3078, 3079, 3080]",single_sample_latency_online_search_v1,18,-1.0,0.0,0.0,0.0,0.010000000000000004,6,0.75,1.0000000000000002,5,0.7150915528689687,0.009027432733493091,141.31,11.637407357311165
15,"[3076, 3077, 3078, 3079, 3080]",single_sample_latency_online_search_v1,19,1.0,0.0,0.0,0.0,0.30000000000000004,6,0.75,1.0000000000000002,5,0.4841953869674943,0.012897439023787028,134.948,10.7067254564596
15,"[3076, 3077, 3078, 3079, 3080]",single_sample_latency_online_search_v1,20,0.0,-1.0,0.0,0.0,0.05477225575051663,3,0.75,1.0000000000000002,5,0.5634041489514102,0.007805181661854106,124.71399999999998,5.61411435580003
15,"[3076, 3077, 3078, 3079, 3080]",single_sample_latency_online_search_v1,21,0.0,1.0,0.0,0.0,0.05477225575051663,9,0.75,1.0000000000000002,5,0.47629518136722104,0.010400938944626474,215.66199999999998,13.841404191771877
15,"[3076, 3077, 3078, 3079, 3080]",single_sample_latency_online_search_v1,22,0.0,0.0,-1.0,0.0,0.05477225575051663,6,0.5,1.0000000000000002,5,0.49290196355886734,0.009400419878942868,130.44,4.045627269039993
15,"[3076, 3077, 3078, 3079, 3080]",single_sample_latency_online_search_v1,23,0.0,0.0,1.0,0.0,0.05477225575051663,6,1.0,1.0000000000000002,5,0.496909086193052,0.009338730919449171,141.398,6.94313833939667
15,"[3076, 3077, 3078, 3079, 3080]",single_sample_latency_online_search_v1,24,0.0,0.0,0.0,-1.0,0.05477225575051663,6,0.75,0.09999999999999998,5,0.4942003965762372,0.010232071593299492,139.536,6.227762840699698
15,"[3076, 3077, 3078, 3079, 3080]",single_sample_latency_online_search_v1,25,0.0,0.0,0.0,1.0,0.05477225575051663,6,0.75,10.000000000000002,5,0.49815407104463516,0.009669348783050655,137.858,6.848672864139441
16,"[3081, 3082, 3083, 3084, 3085]",single_sample_latency_online_search_v1,1,-1.0,-1.0,-1.0,-1.0,0.010000000000000004,3,0.5,0.09999999999999998,5,0.8124485051174146,0.012146151134364364,120.18800000000002,8.865803404091478
16,"[3081, 3082, 3083, 3084, 3085]",single_sample_latency_online_search_v1,2,1.0,-1.0,-1.0,-1.0,0.30000000000000004,3,0.5,0.09999999999999998,5,0.5149254039052071,0.008281326684582199,119.46,12.955720744134608
16,"[3081, 3082, 3083, 3084, 3085]",single_sample_latency_online_search_v1,3,-1.0,1.0,-1.0,-1.0,0.010000000000000004,9,0.5,0.09999999999999998,5,0.6692713346024921,0.01152099529684526,221.734,12.366140464995535
16,"[3081, 3082, 3083, 3084, 3085]",single_sample_latency_online_search_v1,4,1.0,1.0,-1.0,-1.0,0.30000000000000004,9,0.5,0.09999999999999998,5,0.5472344601792507,0.01757297016164287,194.216,5.646041090888389
16,"[3081, 3082, 3083, 3084, 3085]",single_sample_latency_online_search_v1,5,-1.0,-1.0,1.0,-1.0,0.010000000000000004,3,1.0,0.09999999999999998,5,0.8143425516429194,0.012111930144233373,122.168,8.66532861465738
16,"[3081, 3082, 3083, 3084, 3085]",single_sample_latency_online_search_v1,6,1.0,-1.0,1.0,-1.0,0.30000000000000004,3,1.0,0.09999999999999998,5,0.500577476123947,0.010513974563497962,121.468,5.120768497012925
16,"[3081, 3082, 3083, 3084, 3085]",single_sample_latency_online_search_v1,7,-1.0,1.0,1.0,-1.0,0.010000000000000004,9,1.0,0.09999999999999998,5,0.6712901172098065,0.013078911594284877,243.598,11.5038632641387
16,"[3081, 3082, 3083, 3084, 3085]",single_sample_latency_online_search_v1,8,1.0,1.0,1.0,-1.0,0.30000000000000004,9,1.0,0.09999999999999998,5,0.5072669252226951,0.012551381581231518,202.52,10.0158699073021
16,"[3081, 3082, 3083, 3084, 3085]",single_sample_latency_online_search_v1,9,-1.0,-1.0,-1.0,1.0,0.010000000000000004,3,0.5,10.000000000000002,5,0.8169986415974935,0.011808723184308971,118.782,8.370777741643847
16,"[3081, 3082, 3083, 3084, 3085]",single_sample_latency_online_search_v1,10,1.0,-1.0,-1.0,1.0,0.30000000000000004,3,0.5,10.000000000000002,5,0.5065525423492593,0.010830134533594996,123.71,8.297213387638035
16,"[3081, 3082, 3083, 3084, 3085]",single_sample_latency_online_search_v1,11,-1.0,1.0,-1.0,1.0,0.010000000000000004,9,0.5,10.000000000000002,5,0.7053266496918754,0.01041729812041104,191.24200000000002,9.621063870487502
16,"[3081, 3082, 3083, 3084, 3085]",single_sample_latency_online_search_v1,12,1.0,1.0,-1.0,1.0,0.30000000000000004,9,0.5,10.000000000000002,5,0.5013477903475992,0.00807853925758748,185.57999999999998,5.151213449275808
16,"[3081, 3082, 3083, 3084, 3085]",single_sample_latency_online_search_v1,13,-1.0,-1.0,1.0,1.0,0.010000000000000004,3,1.0,10.000000000000002,5,0.8167035179953878,0.011949909662076293,117.88,4.496003781137197
16,"[3081, 3082, 3083, 3084, 3085]",single_sample_latency_online_search_v1,14,1.0,-1.0,1.0,1.0,0.30000000000000004,3,1.0,10.000000000000002,5,0.49985585236426744,0.009008924572554242,123.60799999999999,10.98268500868526
16,"[3081, 3082, 3083, 3084, 3085]",single_sample_latency_online_search_v1,15,-1.0,1.0,1.0,1.0,0.010000000000000004,9,1.0,10.000000000000002,5,0.6949673512086731,0.010786406430105257,202.844,9.605239715905054
16,"[3081, 3082, 3083, 3084, 3085]",single_sample_latency_online_search_v1,16,1.0,1.0,1.0,1.0,0.30000000000000004,9,1.0,10.000000000000002,5,0.4821504279549368,0.01229796295432534,201.0,11.41540625645886
16,"[3081, 3082, 3083, 3084, 3085]",single_sample_latency_online_search_v1,17,0.0,0.0,0.0,0.0,0.05477225575051663,6,0.75,1.0000000000000002,20,0.49775468507830845,0.012857486373075128,141.02349999999998,8.222183264290505
16,"[3081, 3082, 3083, 3084, 3085]",single_sample_latency_online_search_v1,18,-1.0,0.0,0.0,0.0,0.010000000000000004,6,0.75,1.0000000000000002,5,0.7187034258148803,0.012094846860696224,144.784,10.885645594083982
16,"[3081, 3082, 3083, 3084, 3085]",single_sample_latency_online_search_v1,19,1.0,0.0,0.0,0.0,0.30000000000000004,6,0.75,1.0000000000000002,5,0.489210269445881,0.014345752234774928,134.69,7.409996626180065
16,"[3081, 3082, 3083, 3084, 3085]",single_sample_latency_online_search_v1,20,0.0,-1.0,0.0,0.0,0.05477225575051663,3,0.75,1.0000000000000002,5,0.567402431791041,0.013920535058247648,119.394,4.182759854450168
16,"[3081, 3082, 3083, 3084, 3085]",single_sample_latency_online_search_v1,21,0.0,1.0,0.0,0.0,0.05477225575051663,9,0.75,1.0000000000000002,5,0.47996658361820455,0.014428567293085798,207.26,10.213067609685153
16,"[3081, 3082, 3083, 3084, 3085]",single_sample_latency_online_search_v1,22,0.0,0.0,-1.0,0.0,0.05477225575051663,6,0.5,1.0000000000000002,5,0.4969604351256723,0.01263609561985678,143.29,6.488751806010152
16,"[3081, 3082, 3083, 3084, 3085]",single_sample_latency_online_search_v1,23,0.0,0.0,1.0,0.0,0.05477225575051663,6,1.0,1.0000000000000002,5,0.5013201052494092,0.013301382560739558,144.916,13.947882635009506
16,"[3081, 3082, 3083, 3084, 3085]",single_sample_latency_online_search_v1,24,0.0,0.0,0.0,-1.0,0.05477225575051663,6,0.75,0.09999999999999998,5,0.4978128658509622,0.013077540705987448,143.872,19.72363734203201
16,"[3081, 3082, 3083, 3084, 3085]",single_sample_latency_online_search_v1,25,0.0,0.0,0.0,1.0,0.05477225575051663,6,0.75,10.000000000000002,5,0.5008515306181808,0.013045879286504804,139.2,12.062825125152067
17,"[3086, 3087, 3088, 3089, 3090]",single_sample_latency_online_search_v1,1,-1.0,-1.0,-1.0,-1.0,0.010000000000000004,3,0.5,0.09999999999999998,5,0.8118903519145315,0.016270366988944077,116.598,6.9484293189180475
17,"[3086, 3087, 3088, 3089, 3090]",single_sample_latency_online_search_v1,2,1.0,-1.0,-1.0,-1.0,0.30000000000000004,3,0.5,0.09999999999999998,5,0.5079577751155147,0.014943982489360914,122.128,5.1128289625216325
17,"[3086, 3087, 3088, 3089, 3090]",single_sample_latency_online_search_v1,3,-1.0,1.0,-1.0,-1.0,0.010000000000000004,9,0.5,0.09999999999999998,5,0.6695187925871509,0.017638971661016682,225.52599999999998,15.431877073123676
17,"[3086, 3087, 3088, 3089, 3090]",single_sample_latency_online_search_v1,4,1.0,1.0,-1.0,-1.0,0.30000000000000004,9,0.5,0.09999999999999998,5,0.5485248744783978,0.012587065220102988,191.34,11.106432820667479
17,"[3086, 3087, 3088, 3089, 3090]",single_sample_latency_online_search_v1,5,-1.0,-1.0,1.0,-1.0,0.010000000000000004,3,1.0,0.09999999999999998,5,0.8137506733736112,0.016127638010547278,119.832,6.42516692390167
17,"[3086, 3087, 3088, 3089, 3090]",single_sample_latency_online_search_v1,6,1.0,-1.0,1.0,-1.0,0.30000000000000004,3,1.0,0.09999999999999998,5,0.4936846102723541,0.01470322775177833,120.13199999999999,3.952153843159444
17,"[3086, 3087, 3088, 3089, 3090]",single_sample_latency_online_search_v1,7,-1.0,1.0,1.0,-1.0,0.010000000000000004,9,1.0,0.09999999999999998,5,0.6713728106842363,0.01673520034610455,244.648,15.818532485663779
17,"[3086, 3087, 3088, 3089, 3090]",single_sample_latency_online_search_v1,8,1.0,1.0,1.0,-1.0,0.30000000000000004,9,1.0,0.09999999999999998,5,0.4962039803508461,0.011898683635048625,193.23000000000002,8.176148237403739
17,"[3086, 3087, 3088, 3089, 3090]",single_sample_latency_online_search_v1,9,-1.0,-1.0,-1.0,1.0,0.010000000000000004,3,0.5,10.000000000000002,5,0.8166849143429534,0.016267460152485463,125.1,10.204937530431044
17,"[3086, 3087, 3088, 3089, 3090]",single_sample_latency_online_search_v1,10,1.0,-1.0,-1.0,1.0,0.30000000000000004,3,0.5,10.000000000000002,5,0.49732534679310375,0.01447640468379873,126.174,19.48473582063663
17,"[3086, 3087, 3088, 3089, 3090]",single_sample_latency_online_search_v1,11,-1.0,1.0,-1.0,1.0,0.010000000000000004,9,0.5,10.000000000000002,5,0.7043716662157066,0.016376677625866542,200.294,9.563405774095337
17,"[3086, 3087, 3088, 3089, 3090]",single_sample_latency_online_search_v1,12,1.0,1.0,-1.0,1.0,0.30000000000000004,9,0.5,10.000000000000002,5,0.4896417869777796,0.011479893981941828,194.778,11.701024314135923
17,"[3086, 3087, 3088, 3089, 3090]",single_sample_latency_online_search_v1,13,-1.0,-1.0,1.0,1.0,0.010000000000000004,3,1.0,10.000000000000002,5,0.8162076415592903,0.016107786377507573,117.078,6.216584271125106
17,"[3086, 3087, 3088, 3089, 3090]",single_sample_latency_online_search_v1,14,1.0,-1.0,1.0,1.0,0.30000000000000004,3,1.0,10.000000000000002,5,0.4926750984353786,0.014130749659049062,117.272,4.369498827096766
17,"[3086, 3087, 3088, 3089, 3090]",single_sample_latency_online_search_v1,15,-1.0,1.0,1.0,1.0,0.010000000000000004,9,1.0,10.000000000000002,5,0.6949101302991212,0.01762005414534836,215.46999999999997,16.55135946078147
17,"[3086, 3087, 3088, 3089, 3090]",single_sample_latency_online_search_v1,16,1.0,1.0,1.0,1.0,0.30000000000000004,9,1.0,10.000000000000002,5,0.47485663804828804,0.010888301344065713,193.652,14.80338204600557
17,"[3086, 3087, 3088, 3089, 3090]",single_sample_latency_online_search_v1,17,0.0,0.0,0.0,0.0,0.05477225575051663,6,0.75,1.0000000000000002,20,0.4888169824366934,0.01325602922555207,138.644,5.929079452823574
17,"[3086, 3087, 3088, 3089, 3090]",single_sample_latency_online_search_v1,18,-1.0,0.0,0.0,0.0,0.010000000000000004,6,0.75,1.0000000000000002,5,0.7181050118354957,0.01740928015608457,139.216,4.972693435151619
17,"[3086, 3087, 3088, 3089, 3090]",single_sample_latency_online_search_v1,19,1.0,0.0,0.0,0.0,0.30000000000000004,6,0.75,1.0000000000000002,5,0.48036337529758183,0.0123407209642173,138.596,9.413797320953956
17,"[3086, 3087, 3088, 3089, 3090]",single_sample_latency_online_search_v1,20,0.0,-1.0,0.0,0.0,0.05477225575051663,3,0.75,1.0000000000000002,5,0.5593402507733487,0.015843136510182897,122.304,8.02132345688665
17,"[3086, 3087, 3088, 3089, 3090]",single_sample_latency_online_search_v1,21,0.0,1.0,0.0,0.0,0.05477225575051663,9,0.75,1.0000000000000002,5,0.4728824642403118,0.013357493061831474,204.406,9.938394236495153
17,"[3086, 3087, 3088, 3089, 3090]",single_sample_latency_online_search_v1,22,0.0,0.0,-1.0,0.0,0.05477225575051663,6,0.5,1.0000000000000002,5,0.48904453094090705,0.014432644214418044,137.16799999999998,10.088744718744742
17,"[3086, 3087, 3088, 3089, 3090]",single_sample_latency_online_search_v1,23,0.0,0.0,1.0,0.0,0.05477225575051663,6,1.0,1.0000000000000002,5,0.49219145199074726,0.014011866770552505,132.414,5.512261786236208
17,"[3086, 3087, 3088, 3089, 3090]",single_sample_latency_online_search_v1,24,0.0,0.0,0.0,-1.0,0.05477225575051663,6,0.75,0.09999999999999998,5,0.48748138182289713,0.014205851355778138,140.432,6.779960914341615
17,"[3086, 3087, 3088, 3089, 3090]",single_sample_latency_online_search_v1,25,0.0,0.0,0.0,1.0,0.05477225575051663,6,0.75,10.000000000000002,5,0.4931119249061079,0.014683730401584511,152.728,39.36269769718533
18,"[3091, 3092, 3093, 3094, 3095]",single_sample_latency_online_search_v1,1,-1.0,-1.0,-1.0,-1.0,0.010000000000000004,3,0.5,0.09999999999999998,5,0.8097492671106286,0.011421653781253847,118.48400000000001,10.360776032711064
18,"[3091, 3092, 3093, 3094, 3095]",single_sample_latency_online_search_v1,2,1.0,-1.0,-1.0,-1.0,0.30000000000000004,3,0.5,0.09999999999999998,5,0.5074462622822825,0.013870752376621436,126.888,26.79414432296729
18,"[3091, 3092, 3093, 3094, 3095]",single_sample_latency_online_search_v1,3,-1.0,1.0,-1.0,-1.0,0.010000000000000004,9,0.5,0.09999999999999998,5,0.6675644587374375,0.013019894058540857,226.102,18.706359079200848
18,"[3091, 3092, 3093, 3094, 3095]",single_sample_latency_online_search_v1,4,1.0,1.0,-1.0,-1.0,0.30000000000000004,9,0.5,0.09999999999999998,5,0.5461067076734436,0.008262370530029046,208.154,9.39756777043932
18,"[3091, 3092, 3093, 3094, 3095]",single_sample_latency_online_search_v1,5,-1.0,-1.0,1.0,-1.0,0.010000000000000004,3,1.0,0.09999999999999998,5,0.8115921917380557,0.01140526155697893,119.676,6.0976003476777665
18,"[3091, 3092, 3093, 3094, 3095]",single_sample_latency_online_search_v1,6,1.0,-1.0,1.0,-1.0,0.30000000000000004,3,1.0,0.09999999999999998,5,0.49783363439005246,0.007738408732240954,119.85999999999999,8.190106836910006
18,"[3091, 3092, 3093, 3094, 3095]",single_sample_latency_online_search_v1,7,-1.0,1.0,1.0,-1.0,0.010000000000000004,9,1.0,0.09999999999999998,5,0.6690164210414282,0.011191069403603645,230.408,7.8268524963742605
18,"[3091, 3092, 3093, 3094, 3095]",single_sample_latency_online_search_v1,8,1.0,1.0,1.0,-1.0,0.30000000000000004,9,1.0,0.09999999999999998,5,0.5015820840224585,0.011763043741015552,203.536,9.21074806951096
18,"[3091, 3092, 3093, 3094, 3095]",single_sample_latency_online_search_v1,9,-1.0,-1.0,-1.0,1.0,0.010000000000000004,3,0.5,10.000000000000002,5,0.8145583780803406,0.011003093105259739,117.43799999999999,4.897210430438948
18,"[3091, 3092, 3093, 3094, 3095]",single_sample_latency_online_search_v1,10,1.0,-1.0,-1.0,1.0,0.30000000000000004,3,0.5,10.000000000000002,5,0.5039990326148074,0.0067242146602662254,126.71,7.877848691108507
18,"[3091, 3092, 3093, 3094, 3095]",single_sample_latency_online_search_v1,11,-1.0,1.0,-1.0,1.0,0.010000000000000004,9,0.5,10.000000000000002,5,0.7032452823030593,0.01314895829259245,198.954,8.84558251332268
18,"[3091, 3092, 3093, 3094, 3095]",single_sample_latency_online_search_v1,12,1.0,1.0,-1.0,1.0,0.30000000000000004,9,0.5,10.000000000000002,5,0.4970598627155775,0.00692995013878142,184.342,6.170998298492713
18,"[3091, 3092, 3093, 3094, 3095]",single_sample_latency_online_search_v1,13,-1.0,-1.0,1.0,1.0,0.010000000000000004,3,1.0,10.000000000000002,5,0.8138849470952707,0.011373103983847456,121.38,10.838104077743491
18,"[3091, 3092, 3093, 3094, 3095]",single_sample_latency_online_search_v1,14,1.0,-1.0,1.0,1.0,0.30000000000000004,3,1.0,10.000000000000002,5,0.4967184579074332,0.010026623718630938,123.862,13.585989842481109
18,"[3091, 3092, 3093, 3094, 3095]",single_sample_latency_online_search_v1,15,-1.0,1.0,1.0,1.0,0.010000000000000004,9,1.0,10.000000000000002,5,0.6937644541758009,0.011081764345325944,217.52800000000002,20.609617172572612
18,"[3091, 3092, 3093, 3094, 3095]",single_sample_latency_online_search_v1,16,1.0,1.0,1.0,1.0,0.30000000000000004,9,1.0,10.000000000000002,5,0.4774326861607648,0.007843913792218783,196.674,15.814676095323614
18,"[3091, 3092, 3093, 3094, 3095]",single_sample_latency_online_search_v1,17,0.0,0.0,0.0,0.0,0.05477225575051663,6,0.75,1.0000000000000002,20,0.4926622453522523,0.009708560057779432,146.197,19.22161943448601
18,"[3091, 3092, 3093, 3094, 3095]",single_sample_latency_online_search_v1,18,-1.0,0.0,0.0,0.0,0.010000000000000004,6,0.75,1.0000000000000002,5,0.7161379818822652,0.012065554402887516,151.302,8.027018126303197
18,"[3091, 3092, 3093, 3094, 3095]",single_sample_latency_online_search_v1,19,1.0,0.0,0.0,0.0,0.30000000000000004,6,0.75,1.0000000000000002,5,0.48691298830008095,0.00696678353054274,134.452,10.411523423591762
18,"[3091, 3092, 3093, 3094, 3095]",single_sample_latency_online_search_v1,20,0.0,-1.0,0.0,0.0,0.05477225575051663,3,0.75,1.0000000000000002,5,0.5601696295809673,0.01163737492395493,113.218,3.5343698165302393
18,"[3091, 3092, 3093, 3094, 3095]",single_sample_latency_online_search_v1,21,0.0,1.0,0.0,0.0,0.05477225575051663,9,0.75,1.0000000000000002,5,0.4750497710970835,0.009561245897242644,208.95,10.322671650304496
18,"[3091, 3092, 3093, 3094, 3095]",single_sample_latency_online_search_v1,22,0.0,0.0,-1.0,0.0,0.05477225575051663,6,0.5,1.0000000000000002,5,0.4931173000320407,0.008497310069810804,139.382,6.20958694278452
18,"[3091, 3092, 3093, 3094, 3095]",single_sample_latency_online_search_v1,23,0.0,0.0,1.0,0.0,0.05477225575051663,6,1.0,1.0000000000000002,5,0.49402781147320746,0.011042917821817612,132.85399999999998,1.9302409176058821
18,"[3091, 3092, 3093, 3094, 3095]",single_sample_latency_online_search_v1,24,0.0,0.0,0.0,-1.0,0.05477225575051663,6,0.75,0.09999999999999998,5,0.4920736039523888,0.009164753410423693,138.914,9.548195117403084
18,"[3091, 3092, 3093, 3094, 3095]",single_sample_latency_online_search_v1,25,0.0,0.0,0.0,1.0,0.05477225575051663,6,0.75,10.000000000000002,5,0.49452307091255765,0.010155054004047624,141.51,8.278502280002108
19,"[3096, 3097, 3098, 3099, 3100]",single_sample_latency_online_search_v1,1,-1.0,-1.0,-1.0,-1.0,0.010000000000000004,3,0.5,0.09999999999999998,5,0.8078105936948112,0.011769651607846796,120.83800000000001,4.741541943292286
19,"[3096, 3097, 3098, 3099, 3100]",single_sample_latency_online_search_v1,2,1.0,-1.0,-1.0,-1.0,0.30000000000000004,3,0.5,0.09999999999999998,5,0.5086033440757299,0.015315294495749802,128.10999999999999,7.1581736497517285
19,"[3096, 3097, 3098, 3099, 3100]",single_sample_latency_online_search_v1,3,-1.0,1.0,-1.0,-1.0,0.010000000000000004,9,0.5,0.09999999999999998,5,0.6640480819867884,0.012846929580410773,232.696,16.037469563494117
19,"[3096, 3097, 3098, 3099, 3100]",single_sample_latency_online_search_v1,4,1.0,1.0,-1.0,-1.0,0.30000000000000004,9,0.5,0.09999999999999998,5,0.5502307837083625,0.015786058192897547,204.158,14.478952655492735
19,"[3096, 3097, 3098, 3099, 3100]",single_sample_latency_online_search_v1,5,-1.0,-1.0,1.0,-1.0,0.010000000000000004,3,1.0,0.09999999999999998,5,0.8098143099097227,0.011820102914945686,122.846,8.059741310985112
19,"[3096, 3097, 3098, 3099, 3100]",single_sample_latency_online_search_v1,6,1.0,-1.0,1.0,-1.0,0.30000000000000004,3,1.0,0.09999999999999998,5,0.49454556240728664,0.01376281364251789,113.71400000000001,5.3897940591454905
19,"[3096, 3097, 3098, 3099, 3100]",single_sample_latency_online_search_v1,7,-1.0,1.0,1.0,-1.0,0.010000000000000004,9,1.0,0.09999999999999998,5,0.667414549033284,0.012655601029432154,236.32200000000003,8.023669360087062
19,"[3096, 3097, 3098, 3099, 3100]",single_sample_latency_online_search_v1,8,1.0,1.0,1.0,-1.0,0.30000000000000004,9,1.0,0.09999999999999998,5,0.5025212877860594,0.013977186388618442,215.61999999999998,7.371675521887825
19,"[3096, 3097, 3098, 3099, 3100]",single_sample_latency_online_search_v1,9,-1.0,-1.0,-1.0,1.0,0.010000000000000004,3,0.5,10.000000000000002,5,0.8123235779792329,0.011979799195861389,126.99000000000001,13.57858055910116
19,"[3096, 3097, 3098, 3099, 3100]",single_sample_latency_online_search_v1,10,1.0,-1.0,-1.0,1.0,0.30000000000000004,3,0.5,10.000000000000002,5,0.49900744860012053,0.013000853702767453,126.372,9.822070555641508
19,"[3096, 3097, 3098, 3099, 3100]",single_sample_latency_online_search_v1,11,-1.0,1.0,-1.0,1.0,0.010000000000000004,9,0.5,10.000000000000002,5,0.7008387429772918,0.013785711522280737,195.888,12.334819414973207
19,"[3096, 3097, 3098, 3099, 3100]",single_sample_latency_online_search_v1,12,1.0,1.0,-1.0,1.0,0.30000000000000004,9,0.5,10.000000000000002,5,0.5002559954764341,0.014178193619581333,188.73999999999998,8.865221373434515
19,"[3096, 3097, 3098, 3099, 3100]",single_sample_latency_online_search_v1,13,-1.0,-1.0,1.0,1.0,0.010000000000000004,3,1.0,10.000000000000002,5,0.8120539734962027,0.011956682041823789,118.46199999999999,8.690291709718378
19,"[3096, 3097, 3098, 3099, 3100]",single_sample_latency_online_search_v1,14,1.0,-1.0,1.0,1.0,0.30000000000000004,3,1.0,10.000000000000002,5,0.49297818843261637,0.014336833523142457,114.79,4.2789835241561756
19,"[3096, 3097, 3098, 3099, 3100]",single_sample_latency_online_search_v1,15,-1.0,1.0,1.0,1.0,0.010000000000000004,9,1.0,10.000000000000002,5,0.6923900040436015,0.013156209575897021,219.62600000000003,9.106718948117377
19,"[3096, 3097, 3098, 3099, 3100]",single_sample_latency_online_search_v1,16,1.0,1.0,1.0,1.0,0.30000000000000004,9,1.0,10.000000000000002,5,0.4797822510300304,0.012013775946586041,193.724,9.560375515637435
19,"[3096, 3097, 3098, 3099, 3100]",single_sample_latency_online_search_v1,17,0.0,0.0,0.0,0.0,0.05477225575051663,6,0.75,1.0000000000000002,20,0.49145198023652403,0.013879701486455146,137.427,7.575494494889775
19,"[3096, 3097, 3098, 3099, 3100]",single_sample_latency_online_search_v1,18,-1.0,0.0,0.0,0.0,0.010000000000000004,6,0.75,1.0000000000000002,5,0.7130668404295332,0.013788510302715348,139.402,7.814062323785234
19,"[3096, 3097, 3098, 3099, 3100]",single_sample_latency_online_search_v1,19,1.0,0.0,0.0,0.0,0.30000000000000004,6,0.75,1.0000000000000002,5,0.4897826576619956,0.012331019682359626,141.836,9.14257786403813
19,"[3096, 3097, 3098, 3099, 3100]",single_sample_latency_online_search_v1,20,0.0,-1.0,0.0,0.0,0.05477225575051663,3,0.75,1.0000000000000002,5,0.5597737840435921,0.01489958689096221,120.276,6.871021030385512
19,"[3096, 3097, 3098, 3099, 3100]",single_sample_latency_online_search_v1,21,0.0,1.0,0.0,0.0,0.05477225575051663,9,0.75,1.0000000000000002,5,0.47506307070916354,0.013515898918811813,219.80599999999998,14.102057651279122
19,"[3096, 3097, 3098, 3099, 3100]",single_sample_latency_online_search_v1,22,0.0,0.0,-1.0,0.0,0.05477225575051663,6,0.5,1.0000000000000002,5,0.4904041857406485,0.016117061379945313,136.278,6.19753741416702
19,"[3096, 3097, 3098, 3099, 3100]",single_sample_latency_online_search_v1,23,0.0,0.0,1.0,0.0,0.05477225575051663,6,1.0,1.0000000000000002,5,0.49315600505370066,0.015455203660833979,139.304,9.161005949130253
19,"[3096, 3097, 3098, 3099, 3100]",single_sample_latency_online_search_v1,24,0.0,0.0,0.0,-1.0,0.05477225575051663,6,0.75,0.09999999999999998,5,0.49041073556560477,0.014572363331083398,139.32,8.923183288490716
19,"[3096, 3097, 3098, 3099, 3100]",single_sample_latency_online_search_v1,25,0.0,0.0,0.0,1.0,0.05477225575051663,6,0.75,10.000000000000002,5,0.4955719098744568,0.016350450323129078,135.27,5.411169004937828
