selection_id,optimizer,optimizer_replicate_id,config_sha256,evaluation_seed,status,val_rmse,test_rmse,error
random_search-rep-0,random_search,0.0,171eae4370214b520add764befe5a32ee45f140dd98816d1519e0e0df801c485,2001,completed,0.471904959202704,0.46595029285311235,
random_search-rep-0,random_search,0.0,171eae4370214b520add764befe5a32ee45f140dd98816d1519e0e0df801c485,2002,completed,0.4823976143159428,0.4671605269554371,
random_search-rep-0,random_search,0.0,171eae4370214b520add764befe5a32ee45f140dd98816d1519e0e0df801c485,2003,completed,0.4620923311353185,0.4659748889046832,
random_search-rep-0,random_search,0.0,171eae4370214b520add764befe5a32ee45f140dd98816d1519e0e0df801c485,2004,completed,0.46640429712053527,0.4675129954840778,
random_search-rep-0,random_search,0.0,171eae4370214b520add764befe5a32ee45f140dd98816d1519e0e0df801c485,2005,completed,0.456016510500504,0.4713394031787455,
random_search-rep-0,random_search,0.0,171eae4370214b520add764befe5a32ee45f140dd98816d1519e0e0df801c485,2006,completed,0.4692424905681639,0.46611165331153287,
random_search-rep-0,random_search,0.0,171eae4370214b520add764befe5a32ee45f140dd98816d1519e0e0df801c485,2007,completed,0.46130673119791293,0.46993989661996816,
random_search-rep-0,random_search,0.0,171eae4370214b520add764befe5a32ee45f140dd98816d1519e0e0df801c485,2008,completed,0.4651993990149435,0.46773924885598495,
random_search-rep-0,random_search,0.0,171eae4370214b520add764befe5a32ee45f140dd98816d1519e0e0df801c485,2009,completed,0.4807642010169553,0.4691945478310621,
random_search-rep-0,random_search,0.0,171eae4370214b520add764befe5a32ee45f140dd98816d1519e0e0df801c485,2010,completed,0.4665842220133072,0.4709191538673419,
random_search-rep-0,random_search,0.0,171eae4370214b520add764befe5a32ee45f140dd98816d1519e0e0df801c485,2011,completed,0.4765865591890015,0.4714416641953288,
random_search-rep-0,random_search,0.0,171eae4370214b520add764befe5a32ee45f140dd98816d1519e0e0df801c485,2012,completed,0.48430589010394043,0.46776796155358874,
random_search-rep-0,random_search,0.0,171eae4370214b520add764befe5a32ee45f140dd98816d1519e0e0df801c485,2013,completed,0.47397810182465816,0.46712532828231146,
random_search-rep-0,random_search,0.0,171eae4370214b520add764befe5a32ee45f140dd98816d1519e0e0df801c485,2014,completed,0.4632488852748004,0.47013298311169915,
random_search-rep-0,random_search,0.0,171eae4370214b520add764befe5a32ee45f140dd98816d1519e0e0df801c485,2015,completed,0.459344408373634,0.4636910142335454,
random_search-rep-0,random_search,0.0,171eae4370214b520add764befe5a32ee45f140dd98816d1519e0e0df801c485,2016,completed,0.4577830925559526,0.46308458017181825,
random_search-rep-0,random_search,0.0,171eae4370214b520add764befe5a32ee45f140dd98816d1519e0e0df801c485,2017,completed,0.4756939059400942,0.4696518810635774,
random_search-rep-0,random_search,0.0,171eae4370214b520add764befe5a32ee45f140dd98816d1519e0e0df801c485,2018,completed,0.47393633193317874,0.47392377316659884,
random_search-rep-0,random_search,0.0,171eae4370214b520add764befe5a32ee45f140dd98816d1519e0e0df801c485,2019,completed,0.46958653661521216,0.46361272970108525,
random_search-rep-0,random_search,0.0,171eae4370214b520add764befe5a32ee45f140dd98816d1519e0e0df801c485,2020,completed,0.4653997621506657,0.47053036288973377,
single_objective_tpe-rep-0,single_objective_tpe,0.0,2079ee676f60d12497d3534d9325d4869a49cdcd341bad98a6cb1202acab613a,2001,completed,0.4674654702083334,0.46160169337788304,
single_objective_tpe-rep-0,single_objective_tpe,0.0,2079ee676f60d12497d3534d9325d4869a49cdcd341bad98a6cb1202acab613a,2002,completed,0.4815657058909215,0.46750904360564927,
single_objective_tpe-rep-0,single_objective_tpe,0.0,2079ee676f60d12497d3534d9325d4869a49cdcd341bad98a6cb1202acab613a,2003,completed,0.4592799915164005,0.4634996926837205,
single_objective_tpe-rep-0,single_objective_tpe,0.0,2079ee676f60d12497d3534d9325d4869a49cdcd341bad98a6cb1202acab613a,2004,completed,0.46196026147821423,0.4681857644422771,
single_objective_tpe-rep-0,single_objective_tpe,0.0,2079ee676f60d12497d3534d9325d4869a49cdcd341bad98a6cb1202acab613a,2005,completed,0.45731619218227293,0.4733753522199434,
single_objective_tpe-rep-0,single_objective_tpe,0.0,2079ee676f60d12497d3534d9325d4869a49cdcd341bad98a6cb1202acab613a,2006,completed,0.46850981079719517,0.4683201353732331,
single_objective_tpe-rep-0,single_objective_tpe,0.0,2079ee676f60d12497d3534d9325d4869a49cdcd341bad98a6cb1202acab613a,2007,completed,0.4623604899745173,0.4667613169619503,
single_objective_tpe-rep-0,single_objective_tpe,0.0,2079ee676f60d12497d3534d9325d4869a49cdcd341bad98a6cb1202acab613a,2008,completed,0.4649533628854699,0.4690336272081293,
single_objective_tpe-rep-0,single_objective_tpe,0.0,2079ee676f60d12497d3534d9325d4869a49cdcd341bad98a6cb1202acab613a,2009,completed,0.4774388097348388,0.4724659136406616,
single_objective_tpe-rep-0,single_objective_tpe,0.0,2079ee676f60d12497d3534d9325d4869a49cdcd341bad98a6cb1202acab613a,2010,completed,0.4691621942899962,0.4684681225312063,
single_objective_tpe-rep-0,single_objective_tpe,0.0,2079ee676f60d12497d3534d9325d4869a49cdcd341bad98a6cb1202acab613a,2011,completed,0.4690982119398672,0.4682294450736025,
single_objective_tpe-rep-0,single_objective_tpe,0.0,2079ee676f60d12497d3534d9325d4869a49cdcd341bad98a6cb1202acab613a,2012,completed,0.47662488751447935,0.4694816314593689,
single_objective_tpe-rep-0,single_objective_tpe,0.0,2079ee676f60d12497d3534d9325d4869a49cdcd341bad98a6cb1202acab613a,2013,completed,0.47164014937576143,0.4705378651572755,
single_objective_tpe-rep-0,single_objective_tpe,0.0,2079ee676f60d12497d3534d9325d4869a49cdcd341bad98a6cb1202acab613a,2014,completed,0.45919945578083904,0.4666229395296284,
single_objective_tpe-rep-0,single_objective_tpe,0.0,2079ee676f60d12497d3534d9325d4869a49cdcd341bad98a6cb1202acab613a,2015,completed,0.45627821369030336,0.46299453718559475,
single_objective_tpe-rep-0,single_objective_tpe,0.0,2079ee676f60d12497d3534d9325d4869a49cdcd341bad98a6cb1202acab613a,2016,completed,0.4597596070206163,0.4636857097027843,
single_objective_tpe-rep-0,single_objective_tpe,0.0,2079ee676f60d12497d3534d9325d4869a49cdcd341bad98a6cb1202acab613a,2017,completed,0.47313453341406714,0.4685610562943294,
single_objective_tpe-rep-0,single_objective_tpe,0.0,2079ee676f60d12497d3534d9325d4869a49cdcd341bad98a6cb1202acab613a,2018,completed,0.4753038780984918,0.4685187000862962,
single_objective_tpe-rep-0,single_objective_tpe,0.0,2079ee676f60d12497d3534d9325d4869a49cdcd341bad98a6cb1202acab613a,2019,completed,0.4701686250194803,0.46474836037338163,
single_objective_tpe-rep-0,single_objective_tpe,0.0,2079ee676f60d12497d3534d9325d4869a49cdcd341bad98a6cb1202acab613a,2020,completed,0.4662601478988416,0.4625712493502186,
constrained_tpe-rep-0,constrained_tpe,0.0,66a2b4c664520488678e06d13c16f58486342990726424931a0eb97b163fa17c,2001,completed,0.4703744817998927,0.46856533018350544,
constrained_tpe-rep-0,constrained_tpe,0.0,66a2b4c664520488678e06d13c16f58486342990726424931a0eb97b163fa17c,2002,completed,0.486388940407371,0.4775393849757349,
constrained_tpe-rep-0,constrained_tpe,0.0,66a2b4c664520488678e06d13c16f58486342990726424931a0eb97b163fa17c,2003,completed,0.4635872238623161,0.46998496237628523,
constrained_tpe-rep-0,constrained_tpe,0.0,66a2b4c664520488678e06d13c16f58486342990726424931a0eb97b163fa17c,2004,completed,0.46516242806588654,0.47380812205842254,
constrained_tpe-rep-0,constrained_tpe,0.0,66a2b4c664520488678e06d13c16f58486342990726424931a0eb97b163fa17c,2005,completed,0.45834450911167834,0.4770859466321962,
constrained_tpe-rep-0,constrained_tpe,0.0,66a2b4c664520488678e06d13c16f58486342990726424931a0eb97b163fa17c,2006,completed,0.4703628987789691,0.4768635520595973,
constrained_tpe-rep-0,constrained_tpe,0.0,66a2b4c664520488678e06d13c16f58486342990726424931a0eb97b163fa17c,2007,completed,0.4673627250420387,0.4698893716463069,
constrained_tpe-rep-0,constrained_tpe,0.0,66a2b4c664520488678e06d13c16f58486342990726424931a0eb97b163fa17c,2008,completed,0.46464197122271683,0.47678509726868973,
constrained_tpe-rep-0,constrained_tpe,0.0,66a2b4c664520488678e06d13c16f58486342990726424931a0eb97b163fa17c,2009,completed,0.48162780360030943,0.47516788127349213,
constrained_tpe-rep-0,constrained_tpe,0.0,66a2b4c664520488678e06d13c16f58486342990726424931a0eb97b163fa17c,2010,completed,0.4685980839770892,0.4724677091844228,
constrained_tpe-rep-0,constrained_tpe,0.0,66a2b4c664520488678e06d13c16f58486342990726424931a0eb97b163fa17c,2011,completed,0.47105154516358483,0.4750003214829187,
constrained_tpe-rep-0,constrained_tpe,0.0,66a2b4c664520488678e06d13c16f58486342990726424931a0eb97b163fa17c,2012,completed,0.47962532258891416,0.4737903641994205,
constrained_tpe-rep-0,constrained_tpe,0.0,66a2b4c664520488678e06d13c16f58486342990726424931a0eb97b163fa17c,2013,completed,0.4742622983430076,0.47749019209240096,
constrained_tpe-rep-0,constrained_tpe,0.0,66a2b4c664520488678e06d13c16f58486342990726424931a0eb97b163fa17c,2014,completed,0.46389833320557855,0.4695869044786286,
constrained_tpe-rep-0,constrained_tpe,0.0,66a2b4c664520488678e06d13c16f58486342990726424931a0eb97b163fa17c,2015,completed,0.462508911742193,0.47463296934073385,
constrained_tpe-rep-0,constrained_tpe,0.0,66a2b4c664520488678e06d13c16f58486342990726424931a0eb97b163fa17c,2016,completed,0.4568945516752309,0.4719686894569226,
constrained_tpe-rep-0,constrained_tpe,0.0,66a2b4c664520488678e06d13c16f58486342990726424931a0eb97b163fa17c,2017,completed,0.4762905174468499,0.47670607439212986,
constrained_tpe-rep-0,constrained_tpe,0.0,66a2b4c664520488678e06d13c16f58486342990726424931a0eb97b163fa17c,2018,completed,0.4794095040495884,0.47404074673185054,
constrained_tpe-rep-0,constrained_tpe,0.0,66a2b4c664520488678e06d13c16f58486342990726424931a0eb97b163fa17c,2019,completed,0.4718199098700408,0.47066791529226776,
constrained_tpe-rep-0,constrained_tpe,0.0,66a2b4c664520488678e06d13c16f58486342990726424931a0eb97b163fa17c,2020,completed,0.4740985502522053,0.47771197361141315,
multi_objective_tpe-rep-0,multi_objective_tpe,0.0,222f3ddf65588a2c82232fcac1f42312345fe5ba56bbf1aabe0207671984a8f8,2001,completed,0.480316454678495,0.4874456058183916,
multi_objective_tpe-rep-0,multi_objective_tpe,0.0,222f3ddf65588a2c82232fcac1f42312345fe5ba56bbf1aabe0207671984a8f8,2002,completed,0.4941380963778101,0.49143916727883286,
multi_objective_tpe-rep-0,multi_objective_tpe,0.0,222f3ddf65588a2c82232fcac1f42312345fe5ba56bbf1aabe0207671984a8f8,2003,completed,0.4739370395875376,0.48449411109689533,
multi_objective_tpe-rep-0,multi_objective_tpe,0.0,222f3ddf65588a2c82232fcac1f42312345fe5ba56bbf1aabe0207671984a8f8,2004,completed,0.47998666714005933,0.4864977028827287,
multi_objective_tpe-rep-0,multi_objective_tpe,0.0,222f3ddf65588a2c82232fcac1f42312345fe5ba56bbf1aabe0207671984a8f8,2005,completed,0.47047549738800293,0.49043538663309416,
multi_objective_tpe-rep-0,multi_objective_tpe,0.0,222f3ddf65588a2c82232fcac1f42312345fe5ba56bbf1aabe0207671984a8f8,2006,completed,0.47997587022178495,0.49051896677543694,
multi_objective_tpe-rep-0,multi_objective_tpe,0.0,222f3ddf65588a2c82232fcac1f42312345fe5ba56bbf1aabe0207671984a8f8,2007,completed,0.47623894014053914,0.48530352666370646,
multi_objective_tpe-rep-0,multi_objective_tpe,0.0,222f3ddf65588a2c82232fcac1f42312345fe5ba56bbf1aabe0207671984a8f8,2008,completed,0.48181940138666474,0.4881472526109953,
multi_objective_tpe-rep-0,multi_objective_tpe,0.0,222f3ddf65588a2c82232fcac1f42312345fe5ba56bbf1aabe0207671984a8f8,2009,completed,0.49105289454589407,0.4879205491175151,
multi_objective_tpe-rep-0,multi_objective_tpe,0.0,222f3ddf65588a2c82232fcac1f42312345fe5ba56bbf1aabe0207671984a8f8,2010,completed,0.4777502908495273,0.4858742579842681,
multi_objective_tpe-rep-0,multi_objective_tpe,0.0,222f3ddf65588a2c82232fcac1f42312345fe5ba56bbf1aabe0207671984a8f8,2011,completed,0.48180585382872304,0.4901457766704296,
multi_objective_tpe-rep-0,multi_objective_tpe,0.0,222f3ddf65588a2c82232fcac1f42312345fe5ba56bbf1aabe0207671984a8f8,2012,completed,0.4909053576151645,0.48200971880870863,
multi_objective_tpe-rep-0,multi_objective_tpe,0.0,222f3ddf65588a2c82232fcac1f42312345fe5ba56bbf1aabe0207671984a8f8,2013,completed,0.48896554512285245,0.4880991892114084,
multi_objective_tpe-rep-0,multi_objective_tpe,0.0,222f3ddf65588a2c82232fcac1f42312345fe5ba56bbf1aabe0207671984a8f8,2014,completed,0.47386833124820266,0.4811555550352964,
multi_objective_tpe-rep-0,multi_objective_tpe,0.0,222f3ddf65588a2c82232fcac1f42312345fe5ba56bbf1aabe0207671984a8f8,2015,completed,0.4720777068565196,0.4849711827606836,
multi_objective_tpe-rep-0,multi_objective_tpe,0.0,222f3ddf65588a2c82232fcac1f42312345fe5ba56bbf1aabe0207671984a8f8,2016,completed,0.47493193796349537,0.4819991589471267,
multi_objective_tpe-rep-0,multi_objective_tpe,0.0,222f3ddf65588a2c82232fcac1f42312345fe5ba56bbf1aabe0207671984a8f8,2017,completed,0.488331696090673,0.48859165420463646,
multi_objective_tpe-rep-0,multi_objective_tpe,0.0,222f3ddf65588a2c82232fcac1f42312345fe5ba56bbf1aabe0207671984a8f8,2018,completed,0.4915708790276001,0.4851220569003597,
multi_objective_tpe-rep-0,multi_objective_tpe,0.0,222f3ddf65588a2c82232fcac1f42312345fe5ba56bbf1aabe0207671984a8f8,2019,completed,0.479280902974602,0.48716021090707173,
multi_objective_tpe-rep-0,multi_objective_tpe,0.0,222f3ddf65588a2c82232fcac1f42312345fe5ba56bbf1aabe0207671984a8f8,2020,completed,0.4833641878681536,0.48688953398690016,
random_search-rep-1,random_search,1.0,ec3474baec1877ef7e280e26343bf53fbf54430df72b2d00f922ecd0c349f5b8,2001,completed,0.4721811112678202,0.467318395002481,
random_search-rep-1,random_search,1.0,ec3474baec1877ef7e280e26343bf53fbf54430df72b2d00f922ecd0c349f5b8,2002,completed,0.48117090532313017,0.4698024713661386,
random_search-rep-1,random_search,1.0,ec3474baec1877ef7e280e26343bf53fbf54430df72b2d00f922ecd0c349f5b8,2003,completed,0.46004400016366276,0.46269446261458713,
random_search-rep-1,random_search,1.0,ec3474baec1877ef7e280e26343bf53fbf54430df72b2d00f922ecd0c349f5b8,2004,completed,0.4658030244562828,0.4688408770744355,
random_search-rep-1,random_search,1.0,ec3474baec1877ef7e280e26343bf53fbf54430df72b2d00f922ecd0c349f5b8,2005,completed,0.46142991294955227,0.47101086326758,
random_search-rep-1,random_search,1.0,ec3474baec1877ef7e280e26343bf53fbf54430df72b2d00f922ecd0c349f5b8,2006,completed,0.46958366542172364,0.47023100961852354,
random_search-rep-1,random_search,1.0,ec3474baec1877ef7e280e26343bf53fbf54430df72b2d00f922ecd0c349f5b8,2007,completed,0.4600261122855487,0.4690824515389519,
random_search-rep-1,random_search,1.0,ec3474baec1877ef7e280e26343bf53fbf54430df72b2d00f922ecd0c349f5b8,2008,completed,0.4657280881895895,0.4672128578338816,
random_search-rep-1,random_search,1.0,ec3474baec1877ef7e280e26343bf53fbf54430df72b2d00f922ecd0c349f5b8,2009,completed,0.4787284761537654,0.4707025249751553,
random_search-rep-1,random_search,1.0,ec3474baec1877ef7e280e26343bf53fbf54430df72b2d00f922ecd0c349f5b8,2010,completed,0.47411076094913984,0.47301723836415055,
random_search-rep-1,random_search,1.0,ec3474baec1877ef7e280e26343bf53fbf54430df72b2d00f922ecd0c349f5b8,2011,completed,0.46690940465643593,0.47250185382081045,
random_search-rep-1,random_search,1.0,ec3474baec1877ef7e280e26343bf53fbf54430df72b2d00f922ecd0c349f5b8,2012,completed,0.47434164014043106,0.467115078596189,
random_search-rep-1,random_search,1.0,ec3474baec1877ef7e280e26343bf53fbf54430df72b2d00f922ecd0c349f5b8,2013,completed,0.4729322676605122,0.4736412345804642,
random_search-rep-1,random_search,1.0,ec3474baec1877ef7e280e26343bf53fbf54430df72b2d00f922ecd0c349f5b8,2014,completed,0.4568088356326127,0.4638683640281613,
random_search-rep-1,random_search,1.0,ec3474baec1877ef7e280e26343bf53fbf54430df72b2d00f922ecd0c349f5b8,2015,completed,0.46083813143871327,0.4709599636746866,
random_search-rep-1,random_search,1.0,ec3474baec1877ef7e280e26343bf53fbf54430df72b2d00f922ecd0c349f5b8,2016,completed,0.45759405329788416,0.468385881728042,
random_search-rep-1,random_search,1.0,ec3474baec1877ef7e280e26343bf53fbf54430df72b2d00f922ecd0c349f5b8,2017,completed,0.4724367859286572,0.4694996830340741,
random_search-rep-1,random_search,1.0,ec3474baec1877ef7e280e26343bf53fbf54430df72b2d00f922ecd0c349f5b8,2018,completed,0.47375874452781613,0.4678087538646318,
random_search-rep-1,random_search,1.0,ec3474baec1877ef7e280e26343bf53fbf54430df72b2d00f922ecd0c349f5b8,2019,completed,0.4703608323408777,0.4695786404869489,
random_search-rep-1,random_search,1.0,ec3474baec1877ef7e280e26343bf53fbf54430df72b2d00f922ecd0c349f5b8,2020,completed,0.4673497757971033,0.46986277617080513,
single_objective_tpe-rep-1,single_objective_tpe,1.0,f78459210e55ade2fd2effb5674414ae55ca718c318619f17a0bf321a16abdd7,2001,completed,0.46895676715618306,0.462353740225222,
single_objective_tpe-rep-1,single_objective_tpe,1.0,f78459210e55ade2fd2effb5674414ae55ca718c318619f17a0bf321a16abdd7,2002,completed,0.47890173751986437,0.4665624295022313,
single_objective_tpe-rep-1,single_objective_tpe,1.0,f78459210e55ade2fd2effb5674414ae55ca718c318619f17a0bf321a16abdd7,2003,completed,0.4611808129326604,0.46313564562408793,
single_objective_tpe-rep-1,single_objective_tpe,1.0,f78459210e55ade2fd2effb5674414ae55ca718c318619f17a0bf321a16abdd7,2004,completed,0.4654160615524079,0.4656379726838706,
single_objective_tpe-rep-1,single_objective_tpe,1.0,f78459210e55ade2fd2effb5674414ae55ca718c318619f17a0bf321a16abdd7,2005,completed,0.4539254006376683,0.47020013654462217,
single_objective_tpe-rep-1,single_objective_tpe,1.0,f78459210e55ade2fd2effb5674414ae55ca718c318619f17a0bf321a16abdd7,2006,completed,0.4668980552226139,0.4680514539092408,
single_objective_tpe-rep-1,single_objective_tpe,1.0,f78459210e55ade2fd2effb5674414ae55ca718c318619f17a0bf321a16abdd7,2007,completed,0.4625031424373697,0.46609627314848534,
single_objective_tpe-rep-1,single_objective_tpe,1.0,f78459210e55ade2fd2effb5674414ae55ca718c318619f17a0bf321a16abdd7,2008,completed,0.4667629254680503,0.4698098972754738,
single_objective_tpe-rep-1,single_objective_tpe,1.0,f78459210e55ade2fd2effb5674414ae55ca718c318619f17a0bf321a16abdd7,2009,completed,0.47754550309967086,0.47273097078717463,
single_objective_tpe-rep-1,single_objective_tpe,1.0,f78459210e55ade2fd2effb5674414ae55ca718c318619f17a0bf321a16abdd7,2010,completed,0.473061030781516,0.4709556380017047,
single_objective_tpe-rep-1,single_objective_tpe,1.0,f78459210e55ade2fd2effb5674414ae55ca718c318619f17a0bf321a16abdd7,2011,completed,0.46509710854359126,0.4697564615269497,
single_objective_tpe-rep-1,single_objective_tpe,1.0,f78459210e55ade2fd2effb5674414ae55ca718c318619f17a0bf321a16abdd7,2012,completed,0.4727593223796193,0.46510041636446,
single_objective_tpe-rep-1,single_objective_tpe,1.0,f78459210e55ade2fd2effb5674414ae55ca718c318619f17a0bf321a16abdd7,2013,completed,0.47423825528073077,0.4703219529558809,
single_objective_tpe-rep-1,single_objective_tpe,1.0,f78459210e55ade2fd2effb5674414ae55ca718c318619f17a0bf321a16abdd7,2014,completed,0.4624313211055647,0.4613943795784751,
single_objective_tpe-rep-1,single_objective_tpe,1.0,f78459210e55ade2fd2effb5674414ae55ca718c318619f17a0bf321a16abdd7,2015,completed,0.45451283695727124,0.4651369716704793,
single_objective_tpe-rep-1,single_objective_tpe,1.0,f78459210e55ade2fd2effb5674414ae55ca718c318619f17a0bf321a16abdd7,2016,completed,0.45803732973830075,0.46386064954635187,
single_objective_tpe-rep-1,single_objective_tpe,1.0,f78459210e55ade2fd2effb5674414ae55ca718c318619f17a0bf321a16abdd7,2017,completed,0.4728030265469873,0.4657416651688921,
single_objective_tpe-rep-1,single_objective_tpe,1.0,f78459210e55ade2fd2effb5674414ae55ca718c318619f17a0bf321a16abdd7,2018,completed,0.47287986426024536,0.46630104251544163,
single_objective_tpe-rep-1,single_objective_tpe,1.0,f78459210e55ade2fd2effb5674414ae55ca718c318619f17a0bf321a16abdd7,2019,completed,0.4703645645306315,0.4648413317908147,
single_objective_tpe-rep-1,single_objective_tpe,1.0,f78459210e55ade2fd2effb5674414ae55ca718c318619f17a0bf321a16abdd7,2020,completed,0.46492626320899727,0.46776660057920183,
constrained_tpe-rep-1,constrained_tpe,1.0,5e3d1507162d723d5de155601ca7b0344a6534a31e8569eb7f4cba41146263d5,2001,completed,0.4759005669813885,0.4686618490320943,
constrained_tpe-rep-1,constrained_tpe,1.0,5e3d1507162d723d5de155601ca7b0344a6534a31e8569eb7f4cba41146263d5,2002,completed,0.4903655779470433,0.4739485440582066,
constrained_tpe-rep-1,constrained_tpe,1.0,5e3d1507162d723d5de155601ca7b0344a6534a31e8569eb7f4cba41146263d5,2003,completed,0.4643373593329566,0.47025086919370007,
constrained_tpe-rep-1,constrained_tpe,1.0,5e3d1507162d723d5de155601ca7b0344a6534a31e8569eb7f4cba41146263d5,2004,completed,0.47328215741954116,0.481684392918728,
constrained_tpe-rep-1,constrained_tpe,1.0,5e3d1507162d723d5de155601ca7b0344a6534a31e8569eb7f4cba41146263d5,2005,completed,0.4612442390981835,0.4778945476347642,
constrained_tpe-rep-1,constrained_tpe,1.0,5e3d1507162d723d5de155601ca7b0344a6534a31e8569eb7f4cba41146263d5,2006,completed,0.4746260495407917,0.48312699974361745,
constrained_tpe-rep-1,constrained_tpe,1.0,5e3d1507162d723d5de155601ca7b0344a6534a31e8569eb7f4cba41146263d5,2007,completed,0.4634497448353021,0.47475004135733373,
constrained_tpe-rep-1,constrained_tpe,1.0,5e3d1507162d723d5de155601ca7b0344a6534a31e8569eb7f4cba41146263d5,2008,completed,0.46558336546055606,0.47587202455260835,
constrained_tpe-rep-1,constrained_tpe,1.0,5e3d1507162d723d5de155601ca7b0344a6534a31e8569eb7f4cba41146263d5,2009,completed,0.48228936992198246,0.47934345482977797,
constrained_tpe-rep-1,constrained_tpe,1.0,5e3d1507162d723d5de155601ca7b0344a6534a31e8569eb7f4cba41146263d5,2010,completed,0.4746322720367471,0.478888686494194,
constrained_tpe-rep-1,constrained_tpe,1.0,5e3d1507162d723d5de155601ca7b0344a6534a31e8569eb7f4cba41146263d5,2011,completed,0.4830656343016992,0.4800749186040042,
constrained_tpe-rep-1,constrained_tpe,1.0,5e3d1507162d723d5de155601ca7b0344a6534a31e8569eb7f4cba41146263d5,2012,completed,0.47966777152376655,0.468970943980759,
constrained_tpe-rep-1,constrained_tpe,1.0,5e3d1507162d723d5de155601ca7b0344a6534a31e8569eb7f4cba41146263d5,2013,completed,0.471239157217527,0.47650788323533905,
constrained_tpe-rep-1,constrained_tpe,1.0,5e3d1507162d723d5de155601ca7b0344a6534a31e8569eb7f4cba41146263d5,2014,completed,0.4663846084406138,0.47406433691737376,
constrained_tpe-rep-1,constrained_tpe,1.0,5e3d1507162d723d5de155601ca7b0344a6534a31e8569eb7f4cba41146263d5,2015,completed,0.4624959960342405,0.4717648957629526,
constrained_tpe-rep-1,constrained_tpe,1.0,5e3d1507162d723d5de155601ca7b0344a6534a31e8569eb7f4cba41146263d5,2016,completed,0.4637293750332986,0.4763881182474155,
constrained_tpe-rep-1,constrained_tpe,1.0,5e3d1507162d723d5de155601ca7b0344a6534a31e8569eb7f4cba41146263d5,2017,completed,0.4769879912672198,0.4724555392564035,
constrained_tpe-rep-1,constrained_tpe,1.0,5e3d1507162d723d5de155601ca7b0344a6534a31e8569eb7f4cba41146263d5,2018,completed,0.4835474619777683,0.47493666027417314,
constrained_tpe-rep-1,constrained_tpe,1.0,5e3d1507162d723d5de155601ca7b0344a6534a31e8569eb7f4cba41146263d5,2019,completed,0.47602627322343244,0.47646219888922986,
constrained_tpe-rep-1,constrained_tpe,1.0,5e3d1507162d723d5de155601ca7b0344a6534a31e8569eb7f4cba41146263d5,2020,completed,0.472088678745795,0.4722787846267533,
multi_objective_tpe-rep-1,multi_objective_tpe,1.0,b9c69c4f4d0439af904184926febb4c2fe2d5369052faf1e678c10cf64b7d0fd,2001,completed,0.4747739376996991,0.48156368824883955,
multi_objective_tpe-rep-1,multi_objective_tpe,1.0,b9c69c4f4d0439af904184926febb4c2fe2d5369052faf1e678c10cf64b7d0fd,2002,completed,0.4915905751936531,0.48527122304509657,
multi_objective_tpe-rep-1,multi_objective_tpe,1.0,b9c69c4f4d0439af904184926febb4c2fe2d5369052faf1e678c10cf64b7d0fd,2003,completed,0.4627061972166598,0.46990121391779005,
multi_objective_tpe-rep-1,multi_objective_tpe,1.0,b9c69c4f4d0439af904184926febb4c2fe2d5369052faf1e678c10cf64b7d0fd,2004,completed,0.4734116042905778,0.4774395631349573,
multi_objective_tpe-rep-1,multi_objective_tpe,1.0,b9c69c4f4d0439af904184926febb4c2fe2d5369052faf1e678c10cf64b7d0fd,2005,completed,0.46968441946664113,0.4819120069421742,
multi_objective_tpe-rep-1,multi_objective_tpe,1.0,b9c69c4f4d0439af904184926febb4c2fe2d5369052faf1e678c10cf64b7d0fd,2006,completed,0.4730750633125938,0.48619639281809335,
multi_objective_tpe-rep-1,multi_objective_tpe,1.0,b9c69c4f4d0439af904184926febb4c2fe2d5369052faf1e678c10cf64b7d0fd,2007,completed,0.4659374788148873,0.47908257822389777,
multi_objective_tpe-rep-1,multi_objective_tpe,1.0,b9c69c4f4d0439af904184926febb4c2fe2d5369052faf1e678c10cf64b7d0fd,2008,completed,0.47490751755755856,0.476209561192381,
multi_objective_tpe-rep-1,multi_objective_tpe,1.0,b9c69c4f4d0439af904184926febb4c2fe2d5369052faf1e678c10cf64b7d0fd,2009,completed,0.48536932549831413,0.48049889654746814,
multi_objective_tpe-rep-1,multi_objective_tpe,1.0,b9c69c4f4d0439af904184926febb4c2fe2d5369052faf1e678c10cf64b7d0fd,2010,completed,0.47716785283331564,0.4821715485194501,
multi_objective_tpe-rep-1,multi_objective_tpe,1.0,b9c69c4f4d0439af904184926febb4c2fe2d5369052faf1e678c10cf64b7d0fd,2011,completed,0.4762212629264194,0.4848067751540617,
multi_objective_tpe-rep-1,multi_objective_tpe,1.0,b9c69c4f4d0439af904184926febb4c2fe2d5369052faf1e678c10cf64b7d0fd,2012,completed,0.4862529860109831,0.4786083999700693,
multi_objective_tpe-rep-1,multi_objective_tpe,1.0,b9c69c4f4d0439af904184926febb4c2fe2d5369052faf1e678c10cf64b7d0fd,2013,completed,0.48319151927459836,0.48305534577259907,
multi_objective_tpe-rep-1,multi_objective_tpe,1.0,b9c69c4f4d0439af904184926febb4c2fe2d5369052faf1e678c10cf64b7d0fd,2014,completed,0.46878445178188843,0.47432054881122016,
multi_objective_tpe-rep-1,multi_objective_tpe,1.0,b9c69c4f4d0439af904184926febb4c2fe2d5369052faf1e678c10cf64b7d0fd,2015,completed,0.4683162203913183,0.47502082359591147,
multi_objective_tpe-rep-1,multi_objective_tpe,1.0,b9c69c4f4d0439af904184926febb4c2fe2d5369052faf1e678c10cf64b7d0fd,2016,completed,0.4681640629752932,0.47261820645344593,
multi_objective_tpe-rep-1,multi_objective_tpe,1.0,b9c69c4f4d0439af904184926febb4c2fe2d5369052faf1e678c10cf64b7d0fd,2017,completed,0.478443687899318,0.4820575447444732,
multi_objective_tpe-rep-1,multi_objective_tpe,1.0,b9c69c4f4d0439af904184926febb4c2fe2d5369052faf1e678c10cf64b7d0fd,2018,completed,0.47965860838065894,0.47638061823211286,
multi_objective_tpe-rep-1,multi_objective_tpe,1.0,b9c69c4f4d0439af904184926febb4c2fe2d5369052faf1e678c10cf64b7d0fd,2019,completed,0.4768695519772343,0.4832107946679927,
multi_objective_tpe-rep-1,multi_objective_tpe,1.0,b9c69c4f4d0439af904184926febb4c2fe2d5369052faf1e678c10cf64b7d0fd,2020,completed,0.4735932948673622,0.47641330042303015,
random_search-rep-2,random_search,2.0,96065d3ebfbb94bdd0f7df677665e1b7d0c3d4af1916a60733ea1a7dc480af4c,2001,completed,0.4765155191394886,0.4646709250848615,
random_search-rep-2,random_search,2.0,96065d3ebfbb94bdd0f7df677665e1b7d0c3d4af1916a60733ea1a7dc480af4c,2002,completed,0.4790636581179689,0.4666066188045107,
random_search-rep-2,random_search,2.0,96065d3ebfbb94bdd0f7df677665e1b7d0c3d4af1916a60733ea1a7dc480af4c,2003,completed,0.4647848037340856,0.4690559070546647,
random_search-rep-2,random_search,2.0,96065d3ebfbb94bdd0f7df677665e1b7d0c3d4af1916a60733ea1a7dc480af4c,2004,completed,0.4664440934439095,0.473070320909738,
random_search-rep-2,random_search,2.0,96065d3ebfbb94bdd0f7df677665e1b7d0c3d4af1916a60733ea1a7dc480af4c,2005,completed,0.45815854953180774,0.47426026297205714,
random_search-rep-2,random_search,2.0,96065d3ebfbb94bdd0f7df677665e1b7d0c3d4af1916a60733ea1a7dc480af4c,2006,completed,0.46830198095246134,0.4709071794309413,
random_search-rep-2,random_search,2.0,96065d3ebfbb94bdd0f7df677665e1b7d0c3d4af1916a60733ea1a7dc480af4c,2007,completed,0.45899082270524993,0.4654500562036953,
random_search-rep-2,random_search,2.0,96065d3ebfbb94bdd0f7df677665e1b7d0c3d4af1916a60733ea1a7dc480af4c,2008,completed,0.4658811859309219,0.46901992711647417,
random_search-rep-2,random_search,2.0,96065d3ebfbb94bdd0f7df677665e1b7d0c3d4af1916a60733ea1a7dc480af4c,2009,completed,0.47924766256758333,0.4704322926706992,
random_search-rep-2,random_search,2.0,96065d3ebfbb94bdd0f7df677665e1b7d0c3d4af1916a60733ea1a7dc480af4c,2010,completed,0.47288767565176953,0.47482754473001104,
random_search-rep-2,random_search,2.0,96065d3ebfbb94bdd0f7df677665e1b7d0c3d4af1916a60733ea1a7dc480af4c,2011,completed,0.4691416431871237,0.4731408752119302,
random_search-rep-2,random_search,2.0,96065d3ebfbb94bdd0f7df677665e1b7d0c3d4af1916a60733ea1a7dc480af4c,2012,completed,0.47392060666275015,0.47479293313801835,
random_search-rep-2,random_search,2.0,96065d3ebfbb94bdd0f7df677665e1b7d0c3d4af1916a60733ea1a7dc480af4c,2013,completed,0.4780370159619498,0.4728547146575399,
random_search-rep-2,random_search,2.0,96065d3ebfbb94bdd0f7df677665e1b7d0c3d4af1916a60733ea1a7dc480af4c,2014,completed,0.46185387405096456,0.4691775611779748,
random_search-rep-2,random_search,2.0,96065d3ebfbb94bdd0f7df677665e1b7d0c3d4af1916a60733ea1a7dc480af4c,2015,completed,0.46098716702002673,0.4674291872593659,
random_search-rep-2,random_search,2.0,96065d3ebfbb94bdd0f7df677665e1b7d0c3d4af1916a60733ea1a7dc480af4c,2016,completed,0.4575275892609457,0.46643790440817856,
random_search-rep-2,random_search,2.0,96065d3ebfbb94bdd0f7df677665e1b7d0c3d4af1916a60733ea1a7dc480af4c,2017,completed,0.46691401820569783,0.46652022466789117,
random_search-rep-2,random_search,2.0,96065d3ebfbb94bdd0f7df677665e1b7d0c3d4af1916a60733ea1a7dc480af4c,2018,completed,0.47308916693514175,0.4736307836781632,
random_search-rep-2,random_search,2.0,96065d3ebfbb94bdd0f7df677665e1b7d0c3d4af1916a60733ea1a7dc480af4c,2019,completed,0.47130662088073355,0.47333850811875455,
random_search-rep-2,random_search,2.0,96065d3ebfbb94bdd0f7df677665e1b7d0c3d4af1916a60733ea1a7dc480af4c,2020,completed,0.4682579098529554,0.4743725412092857,
single_objective_tpe-rep-2,single_objective_tpe,2.0,bc2ca05b888d17beef792e1c2546d690e2657b0e88e1c58c3bce80e8de2820d4,2001,completed,0.47080677081601996,0.45948897745050193,
single_objective_tpe-rep-2,single_objective_tpe,2.0,bc2ca05b888d17beef792e1c2546d690e2657b0e88e1c58c3bce80e8de2820d4,2002,completed,0.4772926187951345,0.4651760847479439,
single_objective_tpe-rep-2,single_objective_tpe,2.0,bc2ca05b888d17beef792e1c2546d690e2657b0e88e1c58c3bce80e8de2820d4,2003,completed,0.4618668883213064,0.47055928070250486,
single_objective_tpe-rep-2,single_objective_tpe,2.0,bc2ca05b888d17beef792e1c2546d690e2657b0e88e1c58c3bce80e8de2820d4,2004,completed,0.4649609719748754,0.4656456927021603,
single_objective_tpe-rep-2,single_objective_tpe,2.0,bc2ca05b888d17beef792e1c2546d690e2657b0e88e1c58c3bce80e8de2820d4,2005,completed,0.4557613522414127,0.4707181771179448,
single_objective_tpe-rep-2,single_objective_tpe,2.0,bc2ca05b888d17beef792e1c2546d690e2657b0e88e1c58c3bce80e8de2820d4,2006,completed,0.4708476542691886,0.46627180206536795,
single_objective_tpe-rep-2,single_objective_tpe,2.0,bc2ca05b888d17beef792e1c2546d690e2657b0e88e1c58c3bce80e8de2820d4,2007,completed,0.45952021226839307,0.4692008885347767,
single_objective_tpe-rep-2,single_objective_tpe,2.0,bc2ca05b888d17beef792e1c2546d690e2657b0e88e1c58c3bce80e8de2820d4,2008,completed,0.4618429975474086,0.46759745449111884,
single_objective_tpe-rep-2,single_objective_tpe,2.0,bc2ca05b888d17beef792e1c2546d690e2657b0e88e1c58c3bce80e8de2820d4,2009,completed,0.4798099807983266,0.47080854857314536,
single_objective_tpe-rep-2,single_objective_tpe,2.0,bc2ca05b888d17beef792e1c2546d690e2657b0e88e1c58c3bce80e8de2820d4,2010,completed,0.47297185439009737,0.47069766883110714,
single_objective_tpe-rep-2,single_objective_tpe,2.0,bc2ca05b888d17beef792e1c2546d690e2657b0e88e1c58c3bce80e8de2820d4,2011,completed,0.4692961949555435,0.47032169659270545,
single_objective_tpe-rep-2,single_objective_tpe,2.0,bc2ca05b888d17beef792e1c2546d690e2657b0e88e1c58c3bce80e8de2820d4,2012,completed,0.4764083845152482,0.47263942591990665,
single_objective_tpe-rep-2,single_objective_tpe,2.0,bc2ca05b888d17beef792e1c2546d690e2657b0e88e1c58c3bce80e8de2820d4,2013,completed,0.47157538537575594,0.47097817745483467,
single_objective_tpe-rep-2,single_objective_tpe,2.0,bc2ca05b888d17beef792e1c2546d690e2657b0e88e1c58c3bce80e8de2820d4,2014,completed,0.46070205652808294,0.46482047814764993,
single_objective_tpe-rep-2,single_objective_tpe,2.0,bc2ca05b888d17beef792e1c2546d690e2657b0e88e1c58c3bce80e8de2820d4,2015,completed,0.45770653059145117,0.4682692596927201,
single_objective_tpe-rep-2,single_objective_tpe,2.0,bc2ca05b888d17beef792e1c2546d690e2657b0e88e1c58c3bce80e8de2820d4,2016,completed,0.46091116035887053,0.4691594878684467,
single_objective_tpe-rep-2,single_objective_tpe,2.0,bc2ca05b888d17beef792e1c2546d690e2657b0e88e1c58c3bce80e8de2820d4,2017,completed,0.46739521448612203,0.4686258233688684,
single_objective_tpe-rep-2,single_objective_tpe,2.0,bc2ca05b888d17beef792e1c2546d690e2657b0e88e1c58c3bce80e8de2820d4,2018,completed,0.4722024335304395,0.4726344754959435,
single_objective_tpe-rep-2,single_objective_tpe,2.0,bc2ca05b888d17beef792e1c2546d690e2657b0e88e1c58c3bce80e8de2820d4,2019,completed,0.4690390072502534,0.4712302418578311,
single_objective_tpe-rep-2,single_objective_tpe,2.0,bc2ca05b888d17beef792e1c2546d690e2657b0e88e1c58c3bce80e8de2820d4,2020,completed,0.4681752782170346,0.46775364364288724,
constrained_tpe-rep-2,constrained_tpe,2.0,20025e5f96a4ed8b859536099890a163844178a807da0293c55daaaa7e99c116,2001,completed,0.47516571116652434,0.4696077924672394,
constrained_tpe-rep-2,constrained_tpe,2.0,20025e5f96a4ed8b859536099890a163844178a807da0293c55daaaa7e99c116,2002,completed,0.4812515973198703,0.4683940747495909,
constrained_tpe-rep-2,constrained_tpe,2.0,20025e5f96a4ed8b859536099890a163844178a807da0293c55daaaa7e99c116,2003,completed,0.4596931835448172,0.46595805694745834,
constrained_tpe-rep-2,constrained_tpe,2.0,20025e5f96a4ed8b859536099890a163844178a807da0293c55daaaa7e99c116,2004,completed,0.46864143709057704,0.4702012353385954,
constrained_tpe-rep-2,constrained_tpe,2.0,20025e5f96a4ed8b859536099890a163844178a807da0293c55daaaa7e99c116,2005,completed,0.4572097716130398,0.4706126745243077,
constrained_tpe-rep-2,constrained_tpe,2.0,20025e5f96a4ed8b859536099890a163844178a807da0293c55daaaa7e99c116,2006,completed,0.47516298595824896,0.47608094854696464,
constrained_tpe-rep-2,constrained_tpe,2.0,20025e5f96a4ed8b859536099890a163844178a807da0293c55daaaa7e99c116,2007,completed,0.46285421799055554,0.47030872097804993,
constrained_tpe-rep-2,constrained_tpe,2.0,20025e5f96a4ed8b859536099890a163844178a807da0293c55daaaa7e99c116,2008,completed,0.4662033396333096,0.470684284633784,
constrained_tpe-rep-2,constrained_tpe,2.0,20025e5f96a4ed8b859536099890a163844178a807da0293c55daaaa7e99c116,2009,completed,0.48400944862312284,0.46966417331855054,
constrained_tpe-rep-2,constrained_tpe,2.0,20025e5f96a4ed8b859536099890a163844178a807da0293c55daaaa7e99c116,2010,completed,0.47059660182918256,0.4683292898450346,
constrained_tpe-rep-2,constrained_tpe,2.0,20025e5f96a4ed8b859536099890a163844178a807da0293c55daaaa7e99c116,2011,completed,0.4713281272940998,0.47870176725859975,
constrained_tpe-rep-2,constrained_tpe,2.0,20025e5f96a4ed8b859536099890a163844178a807da0293c55daaaa7e99c116,2012,completed,0.4749616256631061,0.46967570106782086,
constrained_tpe-rep-2,constrained_tpe,2.0,20025e5f96a4ed8b859536099890a163844178a807da0293c55daaaa7e99c116,2013,completed,0.4728743360108618,0.4695923517252125,
constrained_tpe-rep-2,constrained_tpe,2.0,20025e5f96a4ed8b859536099890a163844178a807da0293c55daaaa7e99c116,2014,completed,0.4626795349902637,0.4689530061286802,
constrained_tpe-rep-2,constrained_tpe,2.0,20025e5f96a4ed8b859536099890a163844178a807da0293c55daaaa7e99c116,2015,completed,0.4640910547620956,0.47651285633590207,
constrained_tpe-rep-2,constrained_tpe,2.0,20025e5f96a4ed8b859536099890a163844178a807da0293c55daaaa7e99c116,2016,completed,0.46617334514573805,0.46498761533558775,
constrained_tpe-rep-2,constrained_tpe,2.0,20025e5f96a4ed8b859536099890a163844178a807da0293c55daaaa7e99c116,2017,completed,0.4752469988975731,0.47069508167492524,
constrained_tpe-rep-2,constrained_tpe,2.0,20025e5f96a4ed8b859536099890a163844178a807da0293c55daaaa7e99c116,2018,completed,0.48129455293991275,0.4695971540671677,
constrained_tpe-rep-2,constrained_tpe,2.0,20025e5f96a4ed8b859536099890a163844178a807da0293c55daaaa7e99c116,2019,completed,0.47875952390579307,0.4683521074265206,
constrained_tpe-rep-2,constrained_tpe,2.0,20025e5f96a4ed8b859536099890a163844178a807da0293c55daaaa7e99c116,2020,completed,0.46563056358345273,0.4632992385151154,
multi_objective_tpe-rep-2,multi_objective_tpe,2.0,bfc702a6a8bb1dab95df423eac68163558a6250719d97fff81c1a942da3bdebd,2001,completed,0.5057773940818066,0.5091100781986924,
multi_objective_tpe-rep-2,multi_objective_tpe,2.0,bfc702a6a8bb1dab95df423eac68163558a6250719d97fff81c1a942da3bdebd,2002,completed,0.5130414807607624,0.5125877031287077,
multi_objective_tpe-rep-2,multi_objective_tpe,2.0,bfc702a6a8bb1dab95df423eac68163558a6250719d97fff81c1a942da3bdebd,2003,completed,0.4956885406859302,0.5112830224341923,
multi_objective_tpe-rep-2,multi_objective_tpe,2.0,bfc702a6a8bb1dab95df423eac68163558a6250719d97fff81c1a942da3bdebd,2004,completed,0.5033033536384508,0.510012424188218,
multi_objective_tpe-rep-2,multi_objective_tpe,2.0,bfc702a6a8bb1dab95df423eac68163558a6250719d97fff81c1a942da3bdebd,2005,completed,0.49379449267298015,0.5116554686385235,
multi_objective_tpe-rep-2,multi_objective_tpe,2.0,bfc702a6a8bb1dab95df423eac68163558a6250719d97fff81c1a942da3bdebd,2006,completed,0.5078988961301144,0.5108589578245194,
multi_objective_tpe-rep-2,multi_objective_tpe,2.0,bfc702a6a8bb1dab95df423eac68163558a6250719d97fff81c1a942da3bdebd,2007,completed,0.4983008273311692,0.5108825331898355,
multi_objective_tpe-rep-2,multi_objective_tpe,2.0,bfc702a6a8bb1dab95df423eac68163558a6250719d97fff81c1a942da3bdebd,2008,completed,0.503484324160924,0.5105196765951946,
multi_objective_tpe-rep-2,multi_objective_tpe,2.0,bfc702a6a8bb1dab95df423eac68163558a6250719d97fff81c1a942da3bdebd,2009,completed,0.510034132414176,0.507776836294823,
multi_objective_tpe-rep-2,multi_objective_tpe,2.0,bfc702a6a8bb1dab95df423eac68163558a6250719d97fff81c1a942da3bdebd,2010,completed,0.5002358550071444,0.5092029004925474,
multi_objective_tpe-rep-2,multi_objective_tpe,2.0,bfc702a6a8bb1dab95df423eac68163558a6250719d97fff81c1a942da3bdebd,2011,completed,0.4978276954254453,0.5098276220874027,
multi_objective_tpe-rep-2,multi_objective_tpe,2.0,bfc702a6a8bb1dab95df423eac68163558a6250719d97fff81c1a942da3bdebd,2012,completed,0.5135611402271564,0.5096468851277819,
multi_objective_tpe-rep-2,multi_objective_tpe,2.0,bfc702a6a8bb1dab95df423eac68163558a6250719d97fff81c1a942da3bdebd,2013,completed,0.509709480508671,0.5157873667866313,
multi_objective_tpe-rep-2,multi_objective_tpe,2.0,bfc702a6a8bb1dab95df423eac68163558a6250719d97fff81c1a942da3bdebd,2014,completed,0.498058748818148,0.5069759356672028,
multi_objective_tpe-rep-2,multi_objective_tpe,2.0,bfc702a6a8bb1dab95df423eac68163558a6250719d97fff81c1a942da3bdebd,2015,completed,0.49721728088794537,0.5096630865425469,
multi_objective_tpe-rep-2,multi_objective_tpe,2.0,bfc702a6a8bb1dab95df423eac68163558a6250719d97fff81c1a942da3bdebd,2016,completed,0.4987808629015848,0.5049099106980004,
multi_objective_tpe-rep-2,multi_objective_tpe,2.0,bfc702a6a8bb1dab95df423eac68163558a6250719d97fff81c1a942da3bdebd,2017,completed,0.5069405588583193,0.513397339366173,
multi_objective_tpe-rep-2,multi_objective_tpe,2.0,bfc702a6a8bb1dab95df423eac68163558a6250719d97fff81c1a942da3bdebd,2018,completed,0.5072225418050276,0.508348426768228,
multi_objective_tpe-rep-2,multi_objective_tpe,2.0,bfc702a6a8bb1dab95df423eac68163558a6250719d97fff81c1a942da3bdebd,2019,completed,0.5006691188166411,0.5126754113513118,
multi_objective_tpe-rep-2,multi_objective_tpe,2.0,bfc702a6a8bb1dab95df423eac68163558a6250719d97fff81c1a942da3bdebd,2020,completed,0.5072377866998397,0.5114335258525721,
random_search-rep-3,random_search,3.0,8c7f58e87b8b18f1e0a5f9700a071cc3d2ce6671cbf591da47aac9b925b380a1,2001,completed,0.47708263358872877,0.4672346352004978,
random_search-rep-3,random_search,3.0,8c7f58e87b8b18f1e0a5f9700a071cc3d2ce6671cbf591da47aac9b925b380a1,2002,completed,0.48443917059350056,0.46898848499514895,
random_search-rep-3,random_search,3.0,8c7f58e87b8b18f1e0a5f9700a071cc3d2ce6671cbf591da47aac9b925b380a1,2003,completed,0.4686498339117469,0.4725134593022,
random_search-rep-3,random_search,3.0,8c7f58e87b8b18f1e0a5f9700a071cc3d2ce6671cbf591da47aac9b925b380a1,2004,completed,0.4713253001479941,0.4692137260627901,
random_search-rep-3,random_search,3.0,8c7f58e87b8b18f1e0a5f9700a071cc3d2ce6671cbf591da47aac9b925b380a1,2005,completed,0.4595551044903058,0.47640239665715683,
random_search-rep-3,random_search,3.0,8c7f58e87b8b18f1e0a5f9700a071cc3d2ce6671cbf591da47aac9b925b380a1,2006,completed,0.46843941963636243,0.474133546645398,
random_search-rep-3,random_search,3.0,8c7f58e87b8b18f1e0a5f9700a071cc3d2ce6671cbf591da47aac9b925b380a1,2007,completed,0.4591543877022356,0.4729625305936969,
random_search-rep-3,random_search,3.0,8c7f58e87b8b18f1e0a5f9700a071cc3d2ce6671cbf591da47aac9b925b380a1,2008,completed,0.4692828600506692,0.46938582607892176,
random_search-rep-3,random_search,3.0,8c7f58e87b8b18f1e0a5f9700a071cc3d2ce6671cbf591da47aac9b925b380a1,2009,completed,0.4793479958860735,0.4713336659897253,
random_search-rep-3,random_search,3.0,8c7f58e87b8b18f1e0a5f9700a071cc3d2ce6671cbf591da47aac9b925b380a1,2010,completed,0.47072293589335323,0.47453078832381684,
random_search-rep-3,random_search,3.0,8c7f58e87b8b18f1e0a5f9700a071cc3d2ce6671cbf591da47aac9b925b380a1,2011,completed,0.4759080939104379,0.4739956097979275,
random_search-rep-3,random_search,3.0,8c7f58e87b8b18f1e0a5f9700a071cc3d2ce6671cbf591da47aac9b925b380a1,2012,completed,0.4760819952561557,0.47104226299725976,
random_search-rep-3,random_search,3.0,8c7f58e87b8b18f1e0a5f9700a071cc3d2ce6671cbf591da47aac9b925b380a1,2013,completed,0.4792466294318333,0.4751043008390137,
random_search-rep-3,random_search,3.0,8c7f58e87b8b18f1e0a5f9700a071cc3d2ce6671cbf591da47aac9b925b380a1,2014,completed,0.46247458609861475,0.46688621086857085,
random_search-rep-3,random_search,3.0,8c7f58e87b8b18f1e0a5f9700a071cc3d2ce6671cbf591da47aac9b925b380a1,2015,completed,0.4613904509993691,0.47142923406650306,
random_search-rep-3,random_search,3.0,8c7f58e87b8b18f1e0a5f9700a071cc3d2ce6671cbf591da47aac9b925b380a1,2016,completed,0.46252435410241255,0.4699617778663226,
random_search-rep-3,random_search,3.0,8c7f58e87b8b18f1e0a5f9700a071cc3d2ce6671cbf591da47aac9b925b380a1,2017,completed,0.47445781009269156,0.47283956790711595,
random_search-rep-3,random_search,3.0,8c7f58e87b8b18f1e0a5f9700a071cc3d2ce6671cbf591da47aac9b925b380a1,2018,completed,0.4785409502106204,0.4717999004906019,
random_search-rep-3,random_search,3.0,8c7f58e87b8b18f1e0a5f9700a071cc3d2ce6671cbf591da47aac9b925b380a1,2019,completed,0.4723186946788863,0.4680030750501632,
random_search-rep-3,random_search,3.0,8c7f58e87b8b18f1e0a5f9700a071cc3d2ce6671cbf591da47aac9b925b380a1,2020,completed,0.4646967939660262,0.4715402751331363,
single_objective_tpe-rep-3,single_objective_tpe,3.0,9425166f71eccac035baee1060227812febbd3e97a0d571c2e0823f9e92fcbc4,2001,completed,0.4703617743002362,0.46432106771101384,
single_objective_tpe-rep-3,single_objective_tpe,3.0,9425166f71eccac035baee1060227812febbd3e97a0d571c2e0823f9e92fcbc4,2002,completed,0.48041865935842465,0.4604799530277085,
single_objective_tpe-rep-3,single_objective_tpe,3.0,9425166f71eccac035baee1060227812febbd3e97a0d571c2e0823f9e92fcbc4,2003,completed,0.4616722472148482,0.4631419415192609,
single_objective_tpe-rep-3,single_objective_tpe,3.0,9425166f71eccac035baee1060227812febbd3e97a0d571c2e0823f9e92fcbc4,2004,completed,0.46793409543430886,0.4689350493343116,
single_objective_tpe-rep-3,single_objective_tpe,3.0,9425166f71eccac035baee1060227812febbd3e97a0d571c2e0823f9e92fcbc4,2005,completed,0.4533593871451665,0.46992775855116303,
single_objective_tpe-rep-3,single_objective_tpe,3.0,9425166f71eccac035baee1060227812febbd3e97a0d571c2e0823f9e92fcbc4,2006,completed,0.47232414261592087,0.4654550993542678,
single_objective_tpe-rep-3,single_objective_tpe,3.0,9425166f71eccac035baee1060227812febbd3e97a0d571c2e0823f9e92fcbc4,2007,completed,0.46082376345395387,0.4668227212821988,
single_objective_tpe-rep-3,single_objective_tpe,3.0,9425166f71eccac035baee1060227812febbd3e97a0d571c2e0823f9e92fcbc4,2008,completed,0.46438756466478753,0.46766117042820227,
single_objective_tpe-rep-3,single_objective_tpe,3.0,9425166f71eccac035baee1060227812febbd3e97a0d571c2e0823f9e92fcbc4,2009,completed,0.47806425933260793,0.46850805790483463,
single_objective_tpe-rep-3,single_objective_tpe,3.0,9425166f71eccac035baee1060227812febbd3e97a0d571c2e0823f9e92fcbc4,2010,completed,0.4727361745731973,0.467643951114171,
single_objective_tpe-rep-3,single_objective_tpe,3.0,9425166f71eccac035baee1060227812febbd3e97a0d571c2e0823f9e92fcbc4,2011,completed,0.47747702284484456,0.46644205415823825,
single_objective_tpe-rep-3,single_objective_tpe,3.0,9425166f71eccac035baee1060227812febbd3e97a0d571c2e0823f9e92fcbc4,2012,completed,0.4774058669118945,0.46426970902833603,
single_objective_tpe-rep-3,single_objective_tpe,3.0,9425166f71eccac035baee1060227812febbd3e97a0d571c2e0823f9e92fcbc4,2013,completed,0.4710734488161681,0.472854358765632,
single_objective_tpe-rep-3,single_objective_tpe,3.0,9425166f71eccac035baee1060227812febbd3e97a0d571c2e0823f9e92fcbc4,2014,completed,0.4618338721591324,0.46810963780698067,
single_objective_tpe-rep-3,single_objective_tpe,3.0,9425166f71eccac035baee1060227812febbd3e97a0d571c2e0823f9e92fcbc4,2015,completed,0.45827873265525926,0.46458536539366624,
single_objective_tpe-rep-3,single_objective_tpe,3.0,9425166f71eccac035baee1060227812febbd3e97a0d571c2e0823f9e92fcbc4,2016,completed,0.46202727926039794,0.46872767292700607,
single_objective_tpe-rep-3,single_objective_tpe,3.0,9425166f71eccac035baee1060227812febbd3e97a0d571c2e0823f9e92fcbc4,2017,completed,0.47117683561728635,0.47394602599700597,
single_objective_tpe-rep-3,single_objective_tpe,3.0,9425166f71eccac035baee1060227812febbd3e97a0d571c2e0823f9e92fcbc4,2018,completed,0.4731965113744969,0.46809420801417245,
single_objective_tpe-rep-3,single_objective_tpe,3.0,9425166f71eccac035baee1060227812febbd3e97a0d571c2e0823f9e92fcbc4,2019,completed,0.4753268100916911,0.4704738638173029,
single_objective_tpe-rep-3,single_objective_tpe,3.0,9425166f71eccac035baee1060227812febbd3e97a0d571c2e0823f9e92fcbc4,2020,completed,0.463902104891557,0.4650010049138903,
constrained_tpe-rep-3,constrained_tpe,3.0,721727e37771b10006c74d75a670ac6ff81f436a789348ca4bfa42a570870526,2001,completed,0.46703340531003223,0.4644531080694375,
constrained_tpe-rep-3,constrained_tpe,3.0,721727e37771b10006c74d75a670ac6ff81f436a789348ca4bfa42a570870526,2002,completed,0.4784488606939344,0.46666245285116476,
constrained_tpe-rep-3,constrained_tpe,3.0,721727e37771b10006c74d75a670ac6ff81f436a789348ca4bfa42a570870526,2003,completed,0.4550767975430508,0.46469507194247267,
constrained_tpe-rep-3,constrained_tpe,3.0,721727e37771b10006c74d75a670ac6ff81f436a789348ca4bfa42a570870526,2004,completed,0.46518354962660313,0.46486585226845345,
constrained_tpe-rep-3,constrained_tpe,3.0,721727e37771b10006c74d75a670ac6ff81f436a789348ca4bfa42a570870526,2005,completed,0.45355695641835025,0.46314131355778193,
constrained_tpe-rep-3,constrained_tpe,3.0,721727e37771b10006c74d75a670ac6ff81f436a789348ca4bfa42a570870526,2006,completed,0.4670198275909506,0.4678979095368281,
constrained_tpe-rep-3,constrained_tpe,3.0,721727e37771b10006c74d75a670ac6ff81f436a789348ca4bfa42a570870526,2007,completed,0.45933924730568715,0.46290738155819877,
constrained_tpe-rep-3,constrained_tpe,3.0,721727e37771b10006c74d75a670ac6ff81f436a789348ca4bfa42a570870526,2008,completed,0.46524434621358646,0.4664716234025632,
constrained_tpe-rep-3,constrained_tpe,3.0,721727e37771b10006c74d75a670ac6ff81f436a789348ca4bfa42a570870526,2009,completed,0.47850244737114134,0.468797819487889,
constrained_tpe-rep-3,constrained_tpe,3.0,721727e37771b10006c74d75a670ac6ff81f436a789348ca4bfa42a570870526,2010,completed,0.46765444408609785,0.4694235925499424,
constrained_tpe-rep-3,constrained_tpe,3.0,721727e37771b10006c74d75a670ac6ff81f436a789348ca4bfa42a570870526,2011,completed,0.4668193354502729,0.4731517045908561,
constrained_tpe-rep-3,constrained_tpe,3.0,721727e37771b10006c74d75a670ac6ff81f436a789348ca4bfa42a570870526,2012,completed,0.4748176947474663,0.46726874398978907,
constrained_tpe-rep-3,constrained_tpe,3.0,721727e37771b10006c74d75a670ac6ff81f436a789348ca4bfa42a570870526,2013,completed,0.46901741399038677,0.46564293067899665,
constrained_tpe-rep-3,constrained_tpe,3.0,721727e37771b10006c74d75a670ac6ff81f436a789348ca4bfa42a570870526,2014,completed,0.4586406252338155,0.46475618515832545,
constrained_tpe-rep-3,constrained_tpe,3.0,721727e37771b10006c74d75a670ac6ff81f436a789348ca4bfa42a570870526,2015,completed,0.4613836661664588,0.46603939845080017,
constrained_tpe-rep-3,constrained_tpe,3.0,721727e37771b10006c74d75a670ac6ff81f436a789348ca4bfa42a570870526,2016,completed,0.4601891122260509,0.4666669495541905,
constrained_tpe-rep-3,constrained_tpe,3.0,721727e37771b10006c74d75a670ac6ff81f436a789348ca4bfa42a570870526,2017,completed,0.4718955213909342,0.47050522888419005,
constrained_tpe-rep-3,constrained_tpe,3.0,721727e37771b10006c74d75a670ac6ff81f436a789348ca4bfa42a570870526,2018,completed,0.4701691744337,0.46654342581408303,
constrained_tpe-rep-3,constrained_tpe,3.0,721727e37771b10006c74d75a670ac6ff81f436a789348ca4bfa42a570870526,2019,completed,0.46706837603124596,0.4698928441737404,
constrained_tpe-rep-3,constrained_tpe,3.0,721727e37771b10006c74d75a670ac6ff81f436a789348ca4bfa42a570870526,2020,completed,0.4648779243197656,0.4639026909870954,
multi_objective_tpe-rep-3,multi_objective_tpe,3.0,b7460cd6eda307c77c48f6b68e4668b5c3cb7dd2d2354d74d26b67e38d637974,2001,completed,0.49314663740836123,0.49292094265719627,
multi_objective_tpe-rep-3,multi_objective_tpe,3.0,b7460cd6eda307c77c48f6b68e4668b5c3cb7dd2d2354d74d26b67e38d637974,2002,completed,0.49843738151158906,0.49125111935905863,
multi_objective_tpe-rep-3,multi_objective_tpe,3.0,b7460cd6eda307c77c48f6b68e4668b5c3cb7dd2d2354d74d26b67e38d637974,2003,completed,0.47818844183161735,0.49421568476363714,
multi_objective_tpe-rep-3,multi_objective_tpe,3.0,b7460cd6eda307c77c48f6b68e4668b5c3cb7dd2d2354d74d26b67e38d637974,2004,completed,0.4905511243043944,0.4906054149383341,
multi_objective_tpe-rep-3,multi_objective_tpe,3.0,b7460cd6eda307c77c48f6b68e4668b5c3cb7dd2d2354d74d26b67e38d637974,2005,completed,0.4773240823468313,0.49067211261339355,
multi_objective_tpe-rep-3,multi_objective_tpe,3.0,b7460cd6eda307c77c48f6b68e4668b5c3cb7dd2d2354d74d26b67e38d637974,2006,completed,0.48549808533986755,0.49335004471541366,
multi_objective_tpe-rep-3,multi_objective_tpe,3.0,b7460cd6eda307c77c48f6b68e4668b5c3cb7dd2d2354d74d26b67e38d637974,2007,completed,0.4803260279336659,0.49421408379908877,
multi_objective_tpe-rep-3,multi_objective_tpe,3.0,b7460cd6eda307c77c48f6b68e4668b5c3cb7dd2d2354d74d26b67e38d637974,2008,completed,0.4858815942708787,0.4875558146735182,
multi_objective_tpe-rep-3,multi_objective_tpe,3.0,b7460cd6eda307c77c48f6b68e4668b5c3cb7dd2d2354d74d26b67e38d637974,2009,completed,0.5011396542875355,0.4956535369592471,
multi_objective_tpe-rep-3,multi_objective_tpe,3.0,b7460cd6eda307c77c48f6b68e4668b5c3cb7dd2d2354d74d26b67e38d637974,2010,completed,0.4876478045757523,0.49756589762168896,
multi_objective_tpe-rep-3,multi_objective_tpe,3.0,b7460cd6eda307c77c48f6b68e4668b5c3cb7dd2d2354d74d26b67e38d637974,2011,completed,0.48666176178727283,0.4927349171899436,
multi_objective_tpe-rep-3,multi_objective_tpe,3.0,b7460cd6eda307c77c48f6b68e4668b5c3cb7dd2d2354d74d26b67e38d637974,2012,completed,0.4989236038825123,0.4942473958285527,
multi_objective_tpe-rep-3,multi_objective_tpe,3.0,b7460cd6eda307c77c48f6b68e4668b5c3cb7dd2d2354d74d26b67e38d637974,2013,completed,0.49793685378958236,0.49302171528389455,
multi_objective_tpe-rep-3,multi_objective_tpe,3.0,b7460cd6eda307c77c48f6b68e4668b5c3cb7dd2d2354d74d26b67e38d637974,2014,completed,0.47666670869656197,0.49017477517023106,
multi_objective_tpe-rep-3,multi_objective_tpe,3.0,b7460cd6eda307c77c48f6b68e4668b5c3cb7dd2d2354d74d26b67e38d637974,2015,completed,0.48212946336581525,0.49032960471987397,
multi_objective_tpe-rep-3,multi_objective_tpe,3.0,b7460cd6eda307c77c48f6b68e4668b5c3cb7dd2d2354d74d26b67e38d637974,2016,completed,0.48104998039152336,0.49181870228747343,
multi_objective_tpe-rep-3,multi_objective_tpe,3.0,b7460cd6eda307c77c48f6b68e4668b5c3cb7dd2d2354d74d26b67e38d637974,2017,completed,0.49324872071749976,0.49284073491377295,
multi_objective_tpe-rep-3,multi_objective_tpe,3.0,b7460cd6eda307c77c48f6b68e4668b5c3cb7dd2d2354d74d26b67e38d637974,2018,completed,0.4961290264314355,0.48717731585687873,
multi_objective_tpe-rep-3,multi_objective_tpe,3.0,b7460cd6eda307c77c48f6b68e4668b5c3cb7dd2d2354d74d26b67e38d637974,2019,completed,0.4876338769723651,0.49187354326166116,
multi_objective_tpe-rep-3,multi_objective_tpe,3.0,b7460cd6eda307c77c48f6b68e4668b5c3cb7dd2d2354d74d26b67e38d637974,2020,completed,0.49111719229274703,0.5012890838313997,
random_search-rep-4,random_search,4.0,a0bf63213ffe35d72b63fb58a48060143d1df96f385ff15556cc8c34706b2f1d,2001,completed,0.47133377436209434,0.46398907550877677,
random_search-rep-4,random_search,4.0,a0bf63213ffe35d72b63fb58a48060143d1df96f385ff15556cc8c34706b2f1d,2002,completed,0.4766470236370196,0.46870620502471433,
random_search-rep-4,random_search,4.0,a0bf63213ffe35d72b63fb58a48060143d1df96f385ff15556cc8c34706b2f1d,2003,completed,0.45934628349940154,0.46910057940851785,
random_search-rep-4,random_search,4.0,a0bf63213ffe35d72b63fb58a48060143d1df96f385ff15556cc8c34706b2f1d,2004,completed,0.46912375855754374,0.4744192021043997,
random_search-rep-4,random_search,4.0,a0bf63213ffe35d72b63fb58a48060143d1df96f385ff15556cc8c34706b2f1d,2005,completed,0.45552019338308786,0.4694288372103593,
random_search-rep-4,random_search,4.0,a0bf63213ffe35d72b63fb58a48060143d1df96f385ff15556cc8c34706b2f1d,2006,completed,0.46849606089262436,0.4698352341673762,
random_search-rep-4,random_search,4.0,a0bf63213ffe35d72b63fb58a48060143d1df96f385ff15556cc8c34706b2f1d,2007,completed,0.4570883805474924,0.4708851627976177,
random_search-rep-4,random_search,4.0,a0bf63213ffe35d72b63fb58a48060143d1df96f385ff15556cc8c34706b2f1d,2008,completed,0.4663963844517602,0.468183872937894,
random_search-rep-4,random_search,4.0,a0bf63213ffe35d72b63fb58a48060143d1df96f385ff15556cc8c34706b2f1d,2009,completed,0.4831467384769677,0.4703865752265126,
random_search-rep-4,random_search,4.0,a0bf63213ffe35d72b63fb58a48060143d1df96f385ff15556cc8c34706b2f1d,2010,completed,0.4698574668630909,0.46854307501102355,
random_search-rep-4,random_search,4.0,a0bf63213ffe35d72b63fb58a48060143d1df96f385ff15556cc8c34706b2f1d,2011,completed,0.4710303558539003,0.4743716240453149,
random_search-rep-4,random_search,4.0,a0bf63213ffe35d72b63fb58a48060143d1df96f385ff15556cc8c34706b2f1d,2012,completed,0.47746587959800296,0.4650923051203297,
random_search-rep-4,random_search,4.0,a0bf63213ffe35d72b63fb58a48060143d1df96f385ff15556cc8c34706b2f1d,2013,completed,0.4724652641825658,0.47538489664223116,
random_search-rep-4,random_search,4.0,a0bf63213ffe35d72b63fb58a48060143d1df96f385ff15556cc8c34706b2f1d,2014,completed,0.4605309727377875,0.4702584402041148,
random_search-rep-4,random_search,4.0,a0bf63213ffe35d72b63fb58a48060143d1df96f385ff15556cc8c34706b2f1d,2015,completed,0.46202977520155314,0.47139137132575537,
random_search-rep-4,random_search,4.0,a0bf63213ffe35d72b63fb58a48060143d1df96f385ff15556cc8c34706b2f1d,2016,completed,0.45754097145228606,0.4661572770997159,
random_search-rep-4,random_search,4.0,a0bf63213ffe35d72b63fb58a48060143d1df96f385ff15556cc8c34706b2f1d,2017,completed,0.46855800831970246,0.4686489385648221,
random_search-rep-4,random_search,4.0,a0bf63213ffe35d72b63fb58a48060143d1df96f385ff15556cc8c34706b2f1d,2018,completed,0.47644238572126413,0.4746392371307955,
random_search-rep-4,random_search,4.0,a0bf63213ffe35d72b63fb58a48060143d1df96f385ff15556cc8c34706b2f1d,2019,completed,0.466096751189557,0.4694999107889708,
random_search-rep-4,random_search,4.0,a0bf63213ffe35d72b63fb58a48060143d1df96f385ff15556cc8c34706b2f1d,2020,completed,0.4734070816461973,0.46686456358657563,
single_objective_tpe-rep-4,single_objective_tpe,4.0,20292f85ff01be6d4e337adabb848a4bf10fbeef0858084db9d9f8ff55712bc0,2001,completed,0.4680169934244555,0.46032431849588745,
single_objective_tpe-rep-4,single_objective_tpe,4.0,20292f85ff01be6d4e337adabb848a4bf10fbeef0858084db9d9f8ff55712bc0,2002,completed,0.48292650142693216,0.46630807643923344,
single_objective_tpe-rep-4,single_objective_tpe,4.0,20292f85ff01be6d4e337adabb848a4bf10fbeef0858084db9d9f8ff55712bc0,2003,completed,0.4624997844805872,0.464607090061757,
single_objective_tpe-rep-4,single_objective_tpe,4.0,20292f85ff01be6d4e337adabb848a4bf10fbeef0858084db9d9f8ff55712bc0,2004,completed,0.466402229457522,0.4700086849561323,
single_objective_tpe-rep-4,single_objective_tpe,4.0,20292f85ff01be6d4e337adabb848a4bf10fbeef0858084db9d9f8ff55712bc0,2005,completed,0.45608715048373155,0.46644703951370875,
single_objective_tpe-rep-4,single_objective_tpe,4.0,20292f85ff01be6d4e337adabb848a4bf10fbeef0858084db9d9f8ff55712bc0,2006,completed,0.47349063379328105,0.4742766903949772,
single_objective_tpe-rep-4,single_objective_tpe,4.0,20292f85ff01be6d4e337adabb848a4bf10fbeef0858084db9d9f8ff55712bc0,2007,completed,0.4634898715680762,0.468990209148404,
single_objective_tpe-rep-4,single_objective_tpe,4.0,20292f85ff01be6d4e337adabb848a4bf10fbeef0858084db9d9f8ff55712bc0,2008,completed,0.4635656894480371,0.47176795272087674,
single_objective_tpe-rep-4,single_objective_tpe,4.0,20292f85ff01be6d4e337adabb848a4bf10fbeef0858084db9d9f8ff55712bc0,2009,completed,0.47673318619279914,0.4736025490853,
single_objective_tpe-rep-4,single_objective_tpe,4.0,20292f85ff01be6d4e337adabb848a4bf10fbeef0858084db9d9f8ff55712bc0,2010,completed,0.4665050295354011,0.4682378672709871,
single_objective_tpe-rep-4,single_objective_tpe,4.0,20292f85ff01be6d4e337adabb848a4bf10fbeef0858084db9d9f8ff55712bc0,2011,completed,0.4710218993165202,0.46906346007688227,
single_objective_tpe-rep-4,single_objective_tpe,4.0,20292f85ff01be6d4e337adabb848a4bf10fbeef0858084db9d9f8ff55712bc0,2012,completed,0.4759018788337066,0.47029913363838133,
single_objective_tpe-rep-4,single_objective_tpe,4.0,20292f85ff01be6d4e337adabb848a4bf10fbeef0858084db9d9f8ff55712bc0,2013,completed,0.47625449215574994,0.4692477104827729,
single_objective_tpe-rep-4,single_objective_tpe,4.0,20292f85ff01be6d4e337adabb848a4bf10fbeef0858084db9d9f8ff55712bc0,2014,completed,0.4623483238084714,0.46965449405897347,
single_objective_tpe-rep-4,single_objective_tpe,4.0,20292f85ff01be6d4e337adabb848a4bf10fbeef0858084db9d9f8ff55712bc0,2015,completed,0.4607278497509822,0.4711409611251555,
single_objective_tpe-rep-4,single_objective_tpe,4.0,20292f85ff01be6d4e337adabb848a4bf10fbeef0858084db9d9f8ff55712bc0,2016,completed,0.4604314336332374,0.4662969960061326,
single_objective_tpe-rep-4,single_objective_tpe,4.0,20292f85ff01be6d4e337adabb848a4bf10fbeef0858084db9d9f8ff55712bc0,2017,completed,0.46722088033429354,0.46824247084129755,
single_objective_tpe-rep-4,single_objective_tpe,4.0,20292f85ff01be6d4e337adabb848a4bf10fbeef0858084db9d9f8ff55712bc0,2018,completed,0.47286092449560707,0.4723987658069579,
single_objective_tpe-rep-4,single_objective_tpe,4.0,20292f85ff01be6d4e337adabb848a4bf10fbeef0858084db9d9f8ff55712bc0,2019,completed,0.46937259407045256,0.46439603667265017,
single_objective_tpe-rep-4,single_objective_tpe,4.0,20292f85ff01be6d4e337adabb848a4bf10fbeef0858084db9d9f8ff55712bc0,2020,completed,0.4670537743017562,0.46671825161518077,
constrained_tpe-rep-4,constrained_tpe,4.0,7e377c3e0940a0495e1a22f8cffc29fcd32ac8f7fb4370ed61359e9b33e2cfa0,2001,completed,0.47487087053850047,0.4675828808620684,
constrained_tpe-rep-4,constrained_tpe,4.0,7e377c3e0940a0495e1a22f8cffc29fcd32ac8f7fb4370ed61359e9b33e2cfa0,2002,completed,0.48661087621354054,0.4700736878494762,
constrained_tpe-rep-4,constrained_tpe,4.0,7e377c3e0940a0495e1a22f8cffc29fcd32ac8f7fb4370ed61359e9b33e2cfa0,2003,completed,0.465476530790228,0.4738009699243781,
constrained_tpe-rep-4,constrained_tpe,4.0,7e377c3e0940a0495e1a22f8cffc29fcd32ac8f7fb4370ed61359e9b33e2cfa0,2004,completed,0.4766582873365048,0.4817111011992165,
constrained_tpe-rep-4,constrained_tpe,4.0,7e377c3e0940a0495e1a22f8cffc29fcd32ac8f7fb4370ed61359e9b33e2cfa0,2005,completed,0.46370895058728023,0.47019334556467635,
constrained_tpe-rep-4,constrained_tpe,4.0,7e377c3e0940a0495e1a22f8cffc29fcd32ac8f7fb4370ed61359e9b33e2cfa0,2006,completed,0.4728363585369464,0.47490446289893734,
constrained_tpe-rep-4,constrained_tpe,4.0,7e377c3e0940a0495e1a22f8cffc29fcd32ac8f7fb4370ed61359e9b33e2cfa0,2007,completed,0.45857014873241486,0.47000196768867336,
constrained_tpe-rep-4,constrained_tpe,4.0,7e377c3e0940a0495e1a22f8cffc29fcd32ac8f7fb4370ed61359e9b33e2cfa0,2008,completed,0.47053947793462425,0.47249401396123614,
constrained_tpe-rep-4,constrained_tpe,4.0,7e377c3e0940a0495e1a22f8cffc29fcd32ac8f7fb4370ed61359e9b33e2cfa0,2009,completed,0.47785399565943526,0.4712480917462758,
constrained_tpe-rep-4,constrained_tpe,4.0,7e377c3e0940a0495e1a22f8cffc29fcd32ac8f7fb4370ed61359e9b33e2cfa0,2010,completed,0.47038188402232517,0.47113560807561666,
constrained_tpe-rep-4,constrained_tpe,4.0,7e377c3e0940a0495e1a22f8cffc29fcd32ac8f7fb4370ed61359e9b33e2cfa0,2011,completed,0.47616112261934146,0.47619601512477616,
constrained_tpe-rep-4,constrained_tpe,4.0,7e377c3e0940a0495e1a22f8cffc29fcd32ac8f7fb4370ed61359e9b33e2cfa0,2012,completed,0.48218417345568193,0.4748577327696471,
constrained_tpe-rep-4,constrained_tpe,4.0,7e377c3e0940a0495e1a22f8cffc29fcd32ac8f7fb4370ed61359e9b33e2cfa0,2013,completed,0.4768480950581327,0.4793828012744264,
constrained_tpe-rep-4,constrained_tpe,4.0,7e377c3e0940a0495e1a22f8cffc29fcd32ac8f7fb4370ed61359e9b33e2cfa0,2014,completed,0.4720022869466752,0.4701279270864997,
constrained_tpe-rep-4,constrained_tpe,4.0,7e377c3e0940a0495e1a22f8cffc29fcd32ac8f7fb4370ed61359e9b33e2cfa0,2015,completed,0.4653057646804441,0.48187737121369906,
constrained_tpe-rep-4,constrained_tpe,4.0,7e377c3e0940a0495e1a22f8cffc29fcd32ac8f7fb4370ed61359e9b33e2cfa0,2016,completed,0.47011362910450566,0.4708796610933918,
constrained_tpe-rep-4,constrained_tpe,4.0,7e377c3e0940a0495e1a22f8cffc29fcd32ac8f7fb4370ed61359e9b33e2cfa0,2017,completed,0.4740585945229927,0.47460588107089297,
constrained_tpe-rep-4,constrained_tpe,4.0,7e377c3e0940a0495e1a22f8cffc29fcd32ac8f7fb4370ed61359e9b33e2cfa0,2018,completed,0.4803961417400381,0.4722082774858965,
constrained_tpe-rep-4,constrained_tpe,4.0,7e377c3e0940a0495e1a22f8cffc29fcd32ac8f7fb4370ed61359e9b33e2cfa0,2019,completed,0.47006491005063566,0.4734482757792681,
constrained_tpe-rep-4,constrained_tpe,4.0,7e377c3e0940a0495e1a22f8cffc29fcd32ac8f7fb4370ed61359e9b33e2cfa0,2020,completed,0.4683403710371427,0.47163067655491653,
multi_objective_tpe-rep-4,multi_objective_tpe,4.0,c3eb4e5ab08345e5419a0abbb1bec2c334edb72a210e3a38f212e6698a3ae85a,2001,completed,0.476365629800261,0.4818573018588194,
multi_objective_tpe-rep-4,multi_objective_tpe,4.0,c3eb4e5ab08345e5419a0abbb1bec2c334edb72a210e3a38f212e6698a3ae85a,2002,completed,0.48732654548448096,0.47887906570218525,
multi_objective_tpe-rep-4,multi_objective_tpe,4.0,c3eb4e5ab08345e5419a0abbb1bec2c334edb72a210e3a38f212e6698a3ae85a,2003,completed,0.4710289591889975,0.4768526420226774,
multi_objective_tpe-rep-4,multi_objective_tpe,4.0,c3eb4e5ab08345e5419a0abbb1bec2c334edb72a210e3a38f212e6698a3ae85a,2004,completed,0.4805715833907995,0.4849586725526443,
multi_objective_tpe-rep-4,multi_objective_tpe,4.0,c3eb4e5ab08345e5419a0abbb1bec2c334edb72a210e3a38f212e6698a3ae85a,2005,completed,0.4625541840271388,0.47720773945312245,
multi_objective_tpe-rep-4,multi_objective_tpe,4.0,c3eb4e5ab08345e5419a0abbb1bec2c334edb72a210e3a38f212e6698a3ae85a,2006,completed,0.47890923556953235,0.48182259368555264,
multi_objective_tpe-rep-4,multi_objective_tpe,4.0,c3eb4e5ab08345e5419a0abbb1bec2c334edb72a210e3a38f212e6698a3ae85a,2007,completed,0.4624732897916109,0.4803231568172751,
multi_objective_tpe-rep-4,multi_objective_tpe,4.0,c3eb4e5ab08345e5419a0abbb1bec2c334edb72a210e3a38f212e6698a3ae85a,2008,completed,0.4758417708773475,0.47435257552954785,
multi_objective_tpe-rep-4,multi_objective_tpe,4.0,c3eb4e5ab08345e5419a0abbb1bec2c334edb72a210e3a38f212e6698a3ae85a,2009,completed,0.4927884770432863,0.48656118560966805,
multi_objective_tpe-rep-4,multi_objective_tpe,4.0,c3eb4e5ab08345e5419a0abbb1bec2c334edb72a210e3a38f212e6698a3ae85a,2010,completed,0.47980625408860705,0.49009315765087563,
multi_objective_tpe-rep-4,multi_objective_tpe,4.0,c3eb4e5ab08345e5419a0abbb1bec2c334edb72a210e3a38f212e6698a3ae85a,2011,completed,0.47499969981654655,0.4816213082875002,
multi_objective_tpe-rep-4,multi_objective_tpe,4.0,c3eb4e5ab08345e5419a0abbb1bec2c334edb72a210e3a38f212e6698a3ae85a,2012,completed,0.477092678243006,0.47580293487294467,
multi_objective_tpe-rep-4,multi_objective_tpe,4.0,c3eb4e5ab08345e5419a0abbb1bec2c334edb72a210e3a38f212e6698a3ae85a,2013,completed,0.48629988194254403,0.47625342057595776,
multi_objective_tpe-rep-4,multi_objective_tpe,4.0,c3eb4e5ab08345e5419a0abbb1bec2c334edb72a210e3a38f212e6698a3ae85a,2014,completed,0.4702993167555313,0.4718271488253461,
multi_objective_tpe-rep-4,multi_objective_tpe,4.0,c3eb4e5ab08345e5419a0abbb1bec2c334edb72a210e3a38f212e6698a3ae85a,2015,completed,0.4692469162110761,0.4764258001417214,
multi_objective_tpe-rep-4,multi_objective_tpe,4.0,c3eb4e5ab08345e5419a0abbb1bec2c334edb72a210e3a38f212e6698a3ae85a,2016,completed,0.47272452192791337,0.47694509706085475,
multi_objective_tpe-rep-4,multi_objective_tpe,4.0,c3eb4e5ab08345e5419a0abbb1bec2c334edb72a210e3a38f212e6698a3ae85a,2017,completed,0.4822133046357888,0.47847133143935366,
multi_objective_tpe-rep-4,multi_objective_tpe,4.0,c3eb4e5ab08345e5419a0abbb1bec2c334edb72a210e3a38f212e6698a3ae85a,2018,completed,0.4794267737790463,0.4730916172371875,
multi_objective_tpe-rep-4,multi_objective_tpe,4.0,c3eb4e5ab08345e5419a0abbb1bec2c334edb72a210e3a38f212e6698a3ae85a,2019,completed,0.47633568700039075,0.485177252130016,
multi_objective_tpe-rep-4,multi_objective_tpe,4.0,c3eb4e5ab08345e5419a0abbb1bec2c334edb72a210e3a38f212e6698a3ae85a,2020,completed,0.47677585745226125,0.4742638754034935,
random_search-rep-5,random_search,5.0,9fa5ceecae605517c83e50e30be4e0840b95f14e6f36ba19d4cdfc81e2447d0f,2001,completed,0.47063934732169704,0.47058110416380006,
random_search-rep-5,random_search,5.0,9fa5ceecae605517c83e50e30be4e0840b95f14e6f36ba19d4cdfc81e2447d0f,2002,completed,0.4807581188845879,0.4720134324358581,
random_search-rep-5,random_search,5.0,9fa5ceecae605517c83e50e30be4e0840b95f14e6f36ba19d4cdfc81e2447d0f,2003,completed,0.4630339707830838,0.47051890277066893,
random_search-rep-5,random_search,5.0,9fa5ceecae605517c83e50e30be4e0840b95f14e6f36ba19d4cdfc81e2447d0f,2004,completed,0.4707117396569349,0.4762685683087209,
random_search-rep-5,random_search,5.0,9fa5ceecae605517c83e50e30be4e0840b95f14e6f36ba19d4cdfc81e2447d0f,2005,completed,0.46488155076933174,0.4748443752836778,
random_search-rep-5,random_search,5.0,9fa5ceecae605517c83e50e30be4e0840b95f14e6f36ba19d4cdfc81e2447d0f,2006,completed,0.47157406392446793,0.4735487595501326,
random_search-rep-5,random_search,5.0,9fa5ceecae605517c83e50e30be4e0840b95f14e6f36ba19d4cdfc81e2447d0f,2007,completed,0.46616974307412745,0.47521409008257814,
random_search-rep-5,random_search,5.0,9fa5ceecae605517c83e50e30be4e0840b95f14e6f36ba19d4cdfc81e2447d0f,2008,completed,0.4679240145439848,0.46852818534018636,
random_search-rep-5,random_search,5.0,9fa5ceecae605517c83e50e30be4e0840b95f14e6f36ba19d4cdfc81e2447d0f,2009,completed,0.48133688509622236,0.4745644148732174,
random_search-rep-5,random_search,5.0,9fa5ceecae605517c83e50e30be4e0840b95f14e6f36ba19d4cdfc81e2447d0f,2010,completed,0.4707394794711911,0.4732157561084896,
random_search-rep-5,random_search,5.0,9fa5ceecae605517c83e50e30be4e0840b95f14e6f36ba19d4cdfc81e2447d0f,2011,completed,0.473832607855677,0.47606609061654176,
random_search-rep-5,random_search,5.0,9fa5ceecae605517c83e50e30be4e0840b95f14e6f36ba19d4cdfc81e2447d0f,2012,completed,0.4814336138847688,0.46991622563197044,
random_search-rep-5,random_search,5.0,9fa5ceecae605517c83e50e30be4e0840b95f14e6f36ba19d4cdfc81e2447d0f,2013,completed,0.47649928888021664,0.47376605913518793,
random_search-rep-5,random_search,5.0,9fa5ceecae605517c83e50e30be4e0840b95f14e6f36ba19d4cdfc81e2447d0f,2014,completed,0.46276156609712316,0.4709738015749019,
random_search-rep-5,random_search,5.0,9fa5ceecae605517c83e50e30be4e0840b95f14e6f36ba19d4cdfc81e2447d0f,2015,completed,0.4626017382820118,0.4713842359545922,
random_search-rep-5,random_search,5.0,9fa5ceecae605517c83e50e30be4e0840b95f14e6f36ba19d4cdfc81e2447d0f,2016,completed,0.46116190569916365,0.46926212467556533,
random_search-rep-5,random_search,5.0,9fa5ceecae605517c83e50e30be4e0840b95f14e6f36ba19d4cdfc81e2447d0f,2017,completed,0.4743558866610516,0.47434979778864006,
random_search-rep-5,random_search,5.0,9fa5ceecae605517c83e50e30be4e0840b95f14e6f36ba19d4cdfc81e2447d0f,2018,completed,0.474576934668463,0.47561255112553535,
random_search-rep-5,random_search,5.0,9fa5ceecae605517c83e50e30be4e0840b95f14e6f36ba19d4cdfc81e2447d0f,2019,completed,0.4723472097784766,0.47150798537164873,
random_search-rep-5,random_search,5.0,9fa5ceecae605517c83e50e30be4e0840b95f14e6f36ba19d4cdfc81e2447d0f,2020,completed,0.46529488474413366,0.4704078204355828,
single_objective_tpe-rep-5,single_objective_tpe,5.0,f825e72d6c9e5b95f7e87475e9946cf3bb15090b88849175d3250e0e95d47ae5,2001,completed,0.4681875717919131,0.45989116608635167,
single_objective_tpe-rep-5,single_objective_tpe,5.0,f825e72d6c9e5b95f7e87475e9946cf3bb15090b88849175d3250e0e95d47ae5,2002,completed,0.47583127734244873,0.46558014977420575,
single_objective_tpe-rep-5,single_objective_tpe,5.0,f825e72d6c9e5b95f7e87475e9946cf3bb15090b88849175d3250e0e95d47ae5,2003,completed,0.4561455166309062,0.46334545622748596,
single_objective_tpe-rep-5,single_objective_tpe,5.0,f825e72d6c9e5b95f7e87475e9946cf3bb15090b88849175d3250e0e95d47ae5,2004,completed,0.46824809477142776,0.4693369946703808,
single_objective_tpe-rep-5,single_objective_tpe,5.0,f825e72d6c9e5b95f7e87475e9946cf3bb15090b88849175d3250e0e95d47ae5,2005,completed,0.4591042105575729,0.4675811590639458,
single_objective_tpe-rep-5,single_objective_tpe,5.0,f825e72d6c9e5b95f7e87475e9946cf3bb15090b88849175d3250e0e95d47ae5,2006,completed,0.47254357448419665,0.4666667365319415,
single_objective_tpe-rep-5,single_objective_tpe,5.0,f825e72d6c9e5b95f7e87475e9946cf3bb15090b88849175d3250e0e95d47ae5,2007,completed,0.4630882707211919,0.46648843678626567,
single_objective_tpe-rep-5,single_objective_tpe,5.0,f825e72d6c9e5b95f7e87475e9946cf3bb15090b88849175d3250e0e95d47ae5,2008,completed,0.4605738393921216,0.46564095708620606,
single_objective_tpe-rep-5,single_objective_tpe,5.0,f825e72d6c9e5b95f7e87475e9946cf3bb15090b88849175d3250e0e95d47ae5,2009,completed,0.4787941965171312,0.4717404053717988,
single_objective_tpe-rep-5,single_objective_tpe,5.0,f825e72d6c9e5b95f7e87475e9946cf3bb15090b88849175d3250e0e95d47ae5,2010,completed,0.46609077587561815,0.46828487316612055,
single_objective_tpe-rep-5,single_objective_tpe,5.0,f825e72d6c9e5b95f7e87475e9946cf3bb15090b88849175d3250e0e95d47ae5,2011,completed,0.471269095567857,0.4698012810960196,
single_objective_tpe-rep-5,single_objective_tpe,5.0,f825e72d6c9e5b95f7e87475e9946cf3bb15090b88849175d3250e0e95d47ae5,2012,completed,0.47271644465861945,0.4677580174407938,
single_objective_tpe-rep-5,single_objective_tpe,5.0,f825e72d6c9e5b95f7e87475e9946cf3bb15090b88849175d3250e0e95d47ae5,2013,completed,0.47017020177786417,0.46173586822127316,
single_objective_tpe-rep-5,single_objective_tpe,5.0,f825e72d6c9e5b95f7e87475e9946cf3bb15090b88849175d3250e0e95d47ae5,2014,completed,0.4610966446451635,0.46540442003154947,
single_objective_tpe-rep-5,single_objective_tpe,5.0,f825e72d6c9e5b95f7e87475e9946cf3bb15090b88849175d3250e0e95d47ae5,2015,completed,0.4610482174719172,0.4628710497586772,
single_objective_tpe-rep-5,single_objective_tpe,5.0,f825e72d6c9e5b95f7e87475e9946cf3bb15090b88849175d3250e0e95d47ae5,2016,completed,0.4586850097426144,0.46752571609429805,
single_objective_tpe-rep-5,single_objective_tpe,5.0,f825e72d6c9e5b95f7e87475e9946cf3bb15090b88849175d3250e0e95d47ae5,2017,completed,0.4682732857799248,0.4650442123998756,
single_objective_tpe-rep-5,single_objective_tpe,5.0,f825e72d6c9e5b95f7e87475e9946cf3bb15090b88849175d3250e0e95d47ae5,2018,completed,0.47714188089433823,0.471959667352669,
single_objective_tpe-rep-5,single_objective_tpe,5.0,f825e72d6c9e5b95f7e87475e9946cf3bb15090b88849175d3250e0e95d47ae5,2019,completed,0.4709300850013534,0.47006211661972236,
single_objective_tpe-rep-5,single_objective_tpe,5.0,f825e72d6c9e5b95f7e87475e9946cf3bb15090b88849175d3250e0e95d47ae5,2020,completed,0.46351917498163814,0.4640549602521033,
constrained_tpe-rep-5,constrained_tpe,5.0,eec1dae1fdbd635ebb864735c421b8eb7aff6260ae3f6be33464822b90c00158,2001,completed,0.4708023813662178,0.46642297047553094,
constrained_tpe-rep-5,constrained_tpe,5.0,eec1dae1fdbd635ebb864735c421b8eb7aff6260ae3f6be33464822b90c00158,2002,completed,0.48056870005447627,0.46213287536172265,
constrained_tpe-rep-5,constrained_tpe,5.0,eec1dae1fdbd635ebb864735c421b8eb7aff6260ae3f6be33464822b90c00158,2003,completed,0.46196506549081445,0.4622427997381055,
constrained_tpe-rep-5,constrained_tpe,5.0,eec1dae1fdbd635ebb864735c421b8eb7aff6260ae3f6be33464822b90c00158,2004,completed,0.4688956264908255,0.4681918959343358,
constrained_tpe-rep-5,constrained_tpe,5.0,eec1dae1fdbd635ebb864735c421b8eb7aff6260ae3f6be33464822b90c00158,2005,completed,0.4548414458737283,0.4748433122377464,
constrained_tpe-rep-5,constrained_tpe,5.0,eec1dae1fdbd635ebb864735c421b8eb7aff6260ae3f6be33464822b90c00158,2006,completed,0.4724921707601634,0.46117362708513093,
constrained_tpe-rep-5,constrained_tpe,5.0,eec1dae1fdbd635ebb864735c421b8eb7aff6260ae3f6be33464822b90c00158,2007,completed,0.46762826831505483,0.4705205536245752,
constrained_tpe-rep-5,constrained_tpe,5.0,eec1dae1fdbd635ebb864735c421b8eb7aff6260ae3f6be33464822b90c00158,2008,completed,0.4737788872730421,0.4684507528744628,
constrained_tpe-rep-5,constrained_tpe,5.0,eec1dae1fdbd635ebb864735c421b8eb7aff6260ae3f6be33464822b90c00158,2009,completed,0.48386021754574027,0.4720620799541971,
constrained_tpe-rep-5,constrained_tpe,5.0,eec1dae1fdbd635ebb864735c421b8eb7aff6260ae3f6be33464822b90c00158,2010,completed,0.4721984254885797,0.47040382891114735,
constrained_tpe-rep-5,constrained_tpe,5.0,eec1dae1fdbd635ebb864735c421b8eb7aff6260ae3f6be33464822b90c00158,2011,completed,0.47054438691671485,0.4740085197373425,
constrained_tpe-rep-5,constrained_tpe,5.0,eec1dae1fdbd635ebb864735c421b8eb7aff6260ae3f6be33464822b90c00158,2012,completed,0.47902266562532386,0.46732361458820465,
constrained_tpe-rep-5,constrained_tpe,5.0,eec1dae1fdbd635ebb864735c421b8eb7aff6260ae3f6be33464822b90c00158,2013,completed,0.4751066472610197,0.4651112694570954,
constrained_tpe-rep-5,constrained_tpe,5.0,eec1dae1fdbd635ebb864735c421b8eb7aff6260ae3f6be33464822b90c00158,2014,completed,0.46328533387299836,0.46429503331984434,
constrained_tpe-rep-5,constrained_tpe,5.0,eec1dae1fdbd635ebb864735c421b8eb7aff6260ae3f6be33464822b90c00158,2015,completed,0.4647954406724496,0.4697351276521174,
constrained_tpe-rep-5,constrained_tpe,5.0,eec1dae1fdbd635ebb864735c421b8eb7aff6260ae3f6be33464822b90c00158,2016,completed,0.4648978413548852,0.4677021983921981,
constrained_tpe-rep-5,constrained_tpe,5.0,eec1dae1fdbd635ebb864735c421b8eb7aff6260ae3f6be33464822b90c00158,2017,completed,0.47527199459922,0.46479635481798975,
constrained_tpe-rep-5,constrained_tpe,5.0,eec1dae1fdbd635ebb864735c421b8eb7aff6260ae3f6be33464822b90c00158,2018,completed,0.4778679381516846,0.4687923591926285,
constrained_tpe-rep-5,constrained_tpe,5.0,eec1dae1fdbd635ebb864735c421b8eb7aff6260ae3f6be33464822b90c00158,2019,completed,0.46701832457055287,0.4693509449425131,
constrained_tpe-rep-5,constrained_tpe,5.0,eec1dae1fdbd635ebb864735c421b8eb7aff6260ae3f6be33464822b90c00158,2020,completed,0.46688703959832156,0.4629035158746627,
multi_objective_tpe-rep-5,multi_objective_tpe,5.0,d9410581661fc6eed4ed23c985aa4d9a3a0b0ba9eeabfc22f6afd567d364778a,2001,completed,0.48324534041964945,0.48924523177236745,
multi_objective_tpe-rep-5,multi_objective_tpe,5.0,d9410581661fc6eed4ed23c985aa4d9a3a0b0ba9eeabfc22f6afd567d364778a,2002,completed,0.4914613971470774,0.49296727237705223,
multi_objective_tpe-rep-5,multi_objective_tpe,5.0,d9410581661fc6eed4ed23c985aa4d9a3a0b0ba9eeabfc22f6afd567d364778a,2003,completed,0.4823096728125641,0.49140825804978255,
multi_objective_tpe-rep-5,multi_objective_tpe,5.0,d9410581661fc6eed4ed23c985aa4d9a3a0b0ba9eeabfc22f6afd567d364778a,2004,completed,0.4868698555854939,0.49566863234333897,
multi_objective_tpe-rep-5,multi_objective_tpe,5.0,d9410581661fc6eed4ed23c985aa4d9a3a0b0ba9eeabfc22f6afd567d364778a,2005,completed,0.46794059913201064,0.4884485081344196,
multi_objective_tpe-rep-5,multi_objective_tpe,5.0,d9410581661fc6eed4ed23c985aa4d9a3a0b0ba9eeabfc22f6afd567d364778a,2006,completed,0.48263062508789545,0.49275339157262327,
multi_objective_tpe-rep-5,multi_objective_tpe,5.0,d9410581661fc6eed4ed23c985aa4d9a3a0b0ba9eeabfc22f6afd567d364778a,2007,completed,0.4780354752486617,0.49160988034889963,
multi_objective_tpe-rep-5,multi_objective_tpe,5.0,d9410581661fc6eed4ed23c985aa4d9a3a0b0ba9eeabfc22f6afd567d364778a,2008,completed,0.4841951721646143,0.48227768289259365,
multi_objective_tpe-rep-5,multi_objective_tpe,5.0,d9410581661fc6eed4ed23c985aa4d9a3a0b0ba9eeabfc22f6afd567d364778a,2009,completed,0.4966876313349694,0.49775923170416375,
multi_objective_tpe-rep-5,multi_objective_tpe,5.0,d9410581661fc6eed4ed23c985aa4d9a3a0b0ba9eeabfc22f6afd567d364778a,2010,completed,0.4848290778841523,0.4944604039595455,
multi_objective_tpe-rep-5,multi_objective_tpe,5.0,d9410581661fc6eed4ed23c985aa4d9a3a0b0ba9eeabfc22f6afd567d364778a,2011,completed,0.47935513390281514,0.4932397475739196,
multi_objective_tpe-rep-5,multi_objective_tpe,5.0,d9410581661fc6eed4ed23c985aa4d9a3a0b0ba9eeabfc22f6afd567d364778a,2012,completed,0.5002718303176892,0.49316324020499,
multi_objective_tpe-rep-5,multi_objective_tpe,5.0,d9410581661fc6eed4ed23c985aa4d9a3a0b0ba9eeabfc22f6afd567d364778a,2013,completed,0.4874718964144568,0.4937684476291967,
multi_objective_tpe-rep-5,multi_objective_tpe,5.0,d9410581661fc6eed4ed23c985aa4d9a3a0b0ba9eeabfc22f6afd567d364778a,2014,completed,0.47989533618525293,0.4846249557348804,
multi_objective_tpe-rep-5,multi_objective_tpe,5.0,d9410581661fc6eed4ed23c985aa4d9a3a0b0ba9eeabfc22f6afd567d364778a,2015,completed,0.47632407224257733,0.49254276929851876,
multi_objective_tpe-rep-5,multi_objective_tpe,5.0,d9410581661fc6eed4ed23c985aa4d9a3a0b0ba9eeabfc22f6afd567d364778a,2016,completed,0.47758787376854933,0.4929832651691497,
multi_objective_tpe-rep-5,multi_objective_tpe,5.0,d9410581661fc6eed4ed23c985aa4d9a3a0b0ba9eeabfc22f6afd567d364778a,2017,completed,0.48635886602863737,0.49787836465271673,
multi_objective_tpe-rep-5,multi_objective_tpe,5.0,d9410581661fc6eed4ed23c985aa4d9a3a0b0ba9eeabfc22f6afd567d364778a,2018,completed,0.49735446067170574,0.4853146431959366,
multi_objective_tpe-rep-5,multi_objective_tpe,5.0,d9410581661fc6eed4ed23c985aa4d9a3a0b0ba9eeabfc22f6afd567d364778a,2019,completed,0.4832964117764549,0.4915041621574364,
multi_objective_tpe-rep-5,multi_objective_tpe,5.0,d9410581661fc6eed4ed23c985aa4d9a3a0b0ba9eeabfc22f6afd567d364778a,2020,completed,0.4871216363732677,0.491635640372137,
random_search-rep-6,random_search,6.0,230bc82c95c1aa5af812f626fc8c3867320e5916d9fe37190d469836739953c8,2001,completed,0.4699353327401976,0.4623158887032243,
random_search-rep-6,random_search,6.0,230bc82c95c1aa5af812f626fc8c3867320e5916d9fe37190d469836739953c8,2002,completed,0.47499159818484143,0.47012747090780466,
random_search-rep-6,random_search,6.0,230bc82c95c1aa5af812f626fc8c3867320e5916d9fe37190d469836739953c8,2003,completed,0.4618459823316746,0.46736187374813504,
random_search-rep-6,random_search,6.0,230bc82c95c1aa5af812f626fc8c3867320e5916d9fe37190d469836739953c8,2004,completed,0.46908433016259576,0.47344692558559986,
random_search-rep-6,random_search,6.0,230bc82c95c1aa5af812f626fc8c3867320e5916d9fe37190d469836739953c8,2005,completed,0.45945302817621153,0.46928959730456815,
random_search-rep-6,random_search,6.0,230bc82c95c1aa5af812f626fc8c3867320e5916d9fe37190d469836739953c8,2006,completed,0.47787121486415146,0.4685199069533929,
random_search-rep-6,random_search,6.0,230bc82c95c1aa5af812f626fc8c3867320e5916d9fe37190d469836739953c8,2007,completed,0.4637839588060739,0.47635767639981746,
random_search-rep-6,random_search,6.0,230bc82c95c1aa5af812f626fc8c3867320e5916d9fe37190d469836739953c8,2008,completed,0.46049284098427523,0.4702261973501667,
random_search-rep-6,random_search,6.0,230bc82c95c1aa5af812f626fc8c3867320e5916d9fe37190d469836739953c8,2009,completed,0.47828253449646946,0.4725309275204367,
random_search-rep-6,random_search,6.0,230bc82c95c1aa5af812f626fc8c3867320e5916d9fe37190d469836739953c8,2010,completed,0.4715323734929131,0.46859607069308695,
random_search-rep-6,random_search,6.0,230bc82c95c1aa5af812f626fc8c3867320e5916d9fe37190d469836739953c8,2011,completed,0.4706101329594291,0.46918080491192676,
random_search-rep-6,random_search,6.0,230bc82c95c1aa5af812f626fc8c3867320e5916d9fe37190d469836739953c8,2012,completed,0.4776083904078069,0.46982762989550386,
random_search-rep-6,random_search,6.0,230bc82c95c1aa5af812f626fc8c3867320e5916d9fe37190d469836739953c8,2013,completed,0.4765919630535556,0.4719746122781097,
random_search-rep-6,random_search,6.0,230bc82c95c1aa5af812f626fc8c3867320e5916d9fe37190d469836739953c8,2014,completed,0.4637543066858184,0.46540457437185345,
random_search-rep-6,random_search,6.0,230bc82c95c1aa5af812f626fc8c3867320e5916d9fe37190d469836739953c8,2015,completed,0.4604296038105982,0.4682513373960778,
random_search-rep-6,random_search,6.0,230bc82c95c1aa5af812f626fc8c3867320e5916d9fe37190d469836739953c8,2016,completed,0.4618893415640905,0.471029540549336,
random_search-rep-6,random_search,6.0,230bc82c95c1aa5af812f626fc8c3867320e5916d9fe37190d469836739953c8,2017,completed,0.46878586744261763,0.47254181489979835,
random_search-rep-6,random_search,6.0,230bc82c95c1aa5af812f626fc8c3867320e5916d9fe37190d469836739953c8,2018,completed,0.4773690204672475,0.47273295688182754,
random_search-rep-6,random_search,6.0,230bc82c95c1aa5af812f626fc8c3867320e5916d9fe37190d469836739953c8,2019,completed,0.4682219055674529,0.46840780767491613,
random_search-rep-6,random_search,6.0,230bc82c95c1aa5af812f626fc8c3867320e5916d9fe37190d469836739953c8,2020,completed,0.46727107458865924,0.4691474057983291,
single_objective_tpe-rep-6,single_objective_tpe,6.0,6a598ee13b3ccceefa15b8c32308da140350c084965453064ea3e9e2488e829b,2001,completed,0.47115625092024577,0.4664702823015151,
single_objective_tpe-rep-6,single_objective_tpe,6.0,6a598ee13b3ccceefa15b8c32308da140350c084965453064ea3e9e2488e829b,2002,completed,0.47919367241063837,0.4672053950978451,
single_objective_tpe-rep-6,single_objective_tpe,6.0,6a598ee13b3ccceefa15b8c32308da140350c084965453064ea3e9e2488e829b,2003,completed,0.45968923350476787,0.46710283208112185,
single_objective_tpe-rep-6,single_objective_tpe,6.0,6a598ee13b3ccceefa15b8c32308da140350c084965453064ea3e9e2488e829b,2004,completed,0.46556707080397364,0.46963211536331956,
single_objective_tpe-rep-6,single_objective_tpe,6.0,6a598ee13b3ccceefa15b8c32308da140350c084965453064ea3e9e2488e829b,2005,completed,0.45822803991138356,0.4665325775072828,
single_objective_tpe-rep-6,single_objective_tpe,6.0,6a598ee13b3ccceefa15b8c32308da140350c084965453064ea3e9e2488e829b,2006,completed,0.4699329519141818,0.46706022828092036,
single_objective_tpe-rep-6,single_objective_tpe,6.0,6a598ee13b3ccceefa15b8c32308da140350c084965453064ea3e9e2488e829b,2007,completed,0.4589994639169433,0.46538268206560746,
single_objective_tpe-rep-6,single_objective_tpe,6.0,6a598ee13b3ccceefa15b8c32308da140350c084965453064ea3e9e2488e829b,2008,completed,0.46142484385885585,0.4665065186576977,
single_objective_tpe-rep-6,single_objective_tpe,6.0,6a598ee13b3ccceefa15b8c32308da140350c084965453064ea3e9e2488e829b,2009,completed,0.4786259736971399,0.4696635864227645,
single_objective_tpe-rep-6,single_objective_tpe,6.0,6a598ee13b3ccceefa15b8c32308da140350c084965453064ea3e9e2488e829b,2010,completed,0.47296806470985026,0.4701017487716989,
single_objective_tpe-rep-6,single_objective_tpe,6.0,6a598ee13b3ccceefa15b8c32308da140350c084965453064ea3e9e2488e829b,2011,completed,0.47022267359102077,0.4683788360530063,
single_objective_tpe-rep-6,single_objective_tpe,6.0,6a598ee13b3ccceefa15b8c32308da140350c084965453064ea3e9e2488e829b,2012,completed,0.4818111348391815,0.4655691125126921,
single_objective_tpe-rep-6,single_objective_tpe,6.0,6a598ee13b3ccceefa15b8c32308da140350c084965453064ea3e9e2488e829b,2013,completed,0.4687912347630806,0.46758147851395093,
single_objective_tpe-rep-6,single_objective_tpe,6.0,6a598ee13b3ccceefa15b8c32308da140350c084965453064ea3e9e2488e829b,2014,completed,0.4647343627898311,0.4640805888201539,
single_objective_tpe-rep-6,single_objective_tpe,6.0,6a598ee13b3ccceefa15b8c32308da140350c084965453064ea3e9e2488e829b,2015,completed,0.4529760222645907,0.46606399724384867,
single_objective_tpe-rep-6,single_objective_tpe,6.0,6a598ee13b3ccceefa15b8c32308da140350c084965453064ea3e9e2488e829b,2016,completed,0.45725526558901763,0.4657415006848628,
single_objective_tpe-rep-6,single_objective_tpe,6.0,6a598ee13b3ccceefa15b8c32308da140350c084965453064ea3e9e2488e829b,2017,completed,0.468981031865848,0.46427926190986274,
single_objective_tpe-rep-6,single_objective_tpe,6.0,6a598ee13b3ccceefa15b8c32308da140350c084965453064ea3e9e2488e829b,2018,completed,0.4737800366102323,0.47004061072936687,
single_objective_tpe-rep-6,single_objective_tpe,6.0,6a598ee13b3ccceefa15b8c32308da140350c084965453064ea3e9e2488e829b,2019,completed,0.4668564812104418,0.46705717699451355,
single_objective_tpe-rep-6,single_objective_tpe,6.0,6a598ee13b3ccceefa15b8c32308da140350c084965453064ea3e9e2488e829b,2020,completed,0.4642716646760565,0.46221990682180436,
constrained_tpe-rep-6,constrained_tpe,6.0,897c4254597fc6f68d13e842a4dcf9028cb917f5f1bd078bce8729a1493ba703,2001,completed,0.46690420168532365,0.46697112298318416,
constrained_tpe-rep-6,constrained_tpe,6.0,897c4254597fc6f68d13e842a4dcf9028cb917f5f1bd078bce8729a1493ba703,2002,completed,0.4854265296432664,0.4662123365082339,
constrained_tpe-rep-6,constrained_tpe,6.0,897c4254597fc6f68d13e842a4dcf9028cb917f5f1bd078bce8729a1493ba703,2003,completed,0.46148007518588546,0.4678974196427425,
constrained_tpe-rep-6,constrained_tpe,6.0,897c4254597fc6f68d13e842a4dcf9028cb917f5f1bd078bce8729a1493ba703,2004,completed,0.46871491491548095,0.4660140701920821,
constrained_tpe-rep-6,constrained_tpe,6.0,897c4254597fc6f68d13e842a4dcf9028cb917f5f1bd078bce8729a1493ba703,2005,completed,0.4574193135735453,0.4749567892302619,
constrained_tpe-rep-6,constrained_tpe,6.0,897c4254597fc6f68d13e842a4dcf9028cb917f5f1bd078bce8729a1493ba703,2006,completed,0.472504145245709,0.4676086916523296,
constrained_tpe-rep-6,constrained_tpe,6.0,897c4254597fc6f68d13e842a4dcf9028cb917f5f1bd078bce8729a1493ba703,2007,completed,0.46258306490550605,0.46349886290058895,
constrained_tpe-rep-6,constrained_tpe,6.0,897c4254597fc6f68d13e842a4dcf9028cb917f5f1bd078bce8729a1493ba703,2008,completed,0.4654978327773032,0.46457100241164095,
constrained_tpe-rep-6,constrained_tpe,6.0,897c4254597fc6f68d13e842a4dcf9028cb917f5f1bd078bce8729a1493ba703,2009,completed,0.4800551024050594,0.4733031509488882,
constrained_tpe-rep-6,constrained_tpe,6.0,897c4254597fc6f68d13e842a4dcf9028cb917f5f1bd078bce8729a1493ba703,2010,completed,0.4712045427221272,0.4739698294804798,
constrained_tpe-rep-6,constrained_tpe,6.0,897c4254597fc6f68d13e842a4dcf9028cb917f5f1bd078bce8729a1493ba703,2011,completed,0.472044609761604,0.475774835197887,
constrained_tpe-rep-6,constrained_tpe,6.0,897c4254597fc6f68d13e842a4dcf9028cb917f5f1bd078bce8729a1493ba703,2012,completed,0.47692386071690096,0.46796982694498146,
constrained_tpe-rep-6,constrained_tpe,6.0,897c4254597fc6f68d13e842a4dcf9028cb917f5f1bd078bce8729a1493ba703,2013,completed,0.4754804537974941,0.4660588041907821,
constrained_tpe-rep-6,constrained_tpe,6.0,897c4254597fc6f68d13e842a4dcf9028cb917f5f1bd078bce8729a1493ba703,2014,completed,0.4630697496112594,0.4670978578199109,
constrained_tpe-rep-6,constrained_tpe,6.0,897c4254597fc6f68d13e842a4dcf9028cb917f5f1bd078bce8729a1493ba703,2015,completed,0.45921355925461577,0.46546239236052017,
constrained_tpe-rep-6,constrained_tpe,6.0,897c4254597fc6f68d13e842a4dcf9028cb917f5f1bd078bce8729a1493ba703,2016,completed,0.4615830327606107,0.46192488735652903,
constrained_tpe-rep-6,constrained_tpe,6.0,897c4254597fc6f68d13e842a4dcf9028cb917f5f1bd078bce8729a1493ba703,2017,completed,0.4777968221288432,0.4673299600272309,
constrained_tpe-rep-6,constrained_tpe,6.0,897c4254597fc6f68d13e842a4dcf9028cb917f5f1bd078bce8729a1493ba703,2018,completed,0.4726057715986137,0.4651887097404988,
constrained_tpe-rep-6,constrained_tpe,6.0,897c4254597fc6f68d13e842a4dcf9028cb917f5f1bd078bce8729a1493ba703,2019,completed,0.4711780832442048,0.47277746506111373,
constrained_tpe-rep-6,constrained_tpe,6.0,897c4254597fc6f68d13e842a4dcf9028cb917f5f1bd078bce8729a1493ba703,2020,completed,0.47252822559580565,0.46827724745923854,
multi_objective_tpe-rep-6,multi_objective_tpe,6.0,f617347853c673f3508861caef76e70a6d90708d1d6c271419c756f631c9af60,2001,completed,0.47313759346357537,0.4785506058920044,
multi_objective_tpe-rep-6,multi_objective_tpe,6.0,f617347853c673f3508861caef76e70a6d90708d1d6c271419c756f631c9af60,2002,completed,0.4900721166161087,0.4788957445335402,
multi_objective_tpe-rep-6,multi_objective_tpe,6.0,f617347853c673f3508861caef76e70a6d90708d1d6c271419c756f631c9af60,2003,completed,0.4679687856017426,0.4697522513774588,
multi_objective_tpe-rep-6,multi_objective_tpe,6.0,f617347853c673f3508861caef76e70a6d90708d1d6c271419c756f631c9af60,2004,completed,0.48151025975718836,0.4742103875263956,
multi_objective_tpe-rep-6,multi_objective_tpe,6.0,f617347853c673f3508861caef76e70a6d90708d1d6c271419c756f631c9af60,2005,completed,0.4685533512622115,0.47985540278141103,
multi_objective_tpe-rep-6,multi_objective_tpe,6.0,f617347853c673f3508861caef76e70a6d90708d1d6c271419c756f631c9af60,2006,completed,0.4802740198707022,0.4743210644512748,
multi_objective_tpe-rep-6,multi_objective_tpe,6.0,f617347853c673f3508861caef76e70a6d90708d1d6c271419c756f631c9af60,2007,completed,0.4620296127272383,0.4833720677534403,
multi_objective_tpe-rep-6,multi_objective_tpe,6.0,f617347853c673f3508861caef76e70a6d90708d1d6c271419c756f631c9af60,2008,completed,0.47423279163347043,0.47295588548258877,
multi_objective_tpe-rep-6,multi_objective_tpe,6.0,f617347853c673f3508861caef76e70a6d90708d1d6c271419c756f631c9af60,2009,completed,0.4931600265933911,0.4841766337078151,
multi_objective_tpe-rep-6,multi_objective_tpe,6.0,f617347853c673f3508861caef76e70a6d90708d1d6c271419c756f631c9af60,2010,completed,0.4757205529500335,0.4815589751985692,
multi_objective_tpe-rep-6,multi_objective_tpe,6.0,f617347853c673f3508861caef76e70a6d90708d1d6c271419c756f631c9af60,2011,completed,0.4738119992968282,0.48913478374474456,
multi_objective_tpe-rep-6,multi_objective_tpe,6.0,f617347853c673f3508861caef76e70a6d90708d1d6c271419c756f631c9af60,2012,completed,0.4810379917250948,0.47017471233057123,
multi_objective_tpe-rep-6,multi_objective_tpe,6.0,f617347853c673f3508861caef76e70a6d90708d1d6c271419c756f631c9af60,2013,completed,0.4798082861911195,0.46998645883429074,
multi_objective_tpe-rep-6,multi_objective_tpe,6.0,f617347853c673f3508861caef76e70a6d90708d1d6c271419c756f631c9af60,2014,completed,0.46519783361811073,0.4666778436204682,
multi_objective_tpe-rep-6,multi_objective_tpe,6.0,f617347853c673f3508861caef76e70a6d90708d1d6c271419c756f631c9af60,2015,completed,0.4733022687238294,0.48368139331256654,
multi_objective_tpe-rep-6,multi_objective_tpe,6.0,f617347853c673f3508861caef76e70a6d90708d1d6c271419c756f631c9af60,2016,completed,0.47293631780707884,0.47976638640929553,
multi_objective_tpe-rep-6,multi_objective_tpe,6.0,f617347853c673f3508861caef76e70a6d90708d1d6c271419c756f631c9af60,2017,completed,0.4726786472245256,0.4809379464495128,
multi_objective_tpe-rep-6,multi_objective_tpe,6.0,f617347853c673f3508861caef76e70a6d90708d1d6c271419c756f631c9af60,2018,completed,0.47783872438395975,0.4684185307349528,
multi_objective_tpe-rep-6,multi_objective_tpe,6.0,f617347853c673f3508861caef76e70a6d90708d1d6c271419c756f631c9af60,2019,completed,0.4770779935527427,0.4764031451406266,
multi_objective_tpe-rep-6,multi_objective_tpe,6.0,f617347853c673f3508861caef76e70a6d90708d1d6c271419c756f631c9af60,2020,completed,0.48030122125244873,0.47681958264472135,
random_search-rep-7,random_search,7.0,6033281137a52d9c60aa910d1f86e6596f57c1f879d6202b2882bcd9d57f6f28,2001,completed,0.47462680649727895,0.47039679307376553,
random_search-rep-7,random_search,7.0,6033281137a52d9c60aa910d1f86e6596f57c1f879d6202b2882bcd9d57f6f28,2002,completed,0.47723330701875205,0.4704745715089134,
random_search-rep-7,random_search,7.0,6033281137a52d9c60aa910d1f86e6596f57c1f879d6202b2882bcd9d57f6f28,2003,completed,0.4650508938471335,0.47510709912807775,
random_search-rep-7,random_search,7.0,6033281137a52d9c60aa910d1f86e6596f57c1f879d6202b2882bcd9d57f6f28,2004,completed,0.4735695754280319,0.48009233552530345,
random_search-rep-7,random_search,7.0,6033281137a52d9c60aa910d1f86e6596f57c1f879d6202b2882bcd9d57f6f28,2005,completed,0.4655860809435297,0.47590820585370047,
random_search-rep-7,random_search,7.0,6033281137a52d9c60aa910d1f86e6596f57c1f879d6202b2882bcd9d57f6f28,2006,completed,0.47330066358907025,0.47742737106208794,
random_search-rep-7,random_search,7.0,6033281137a52d9c60aa910d1f86e6596f57c1f879d6202b2882bcd9d57f6f28,2007,completed,0.46241241922914567,0.4737341351570363,
random_search-rep-7,random_search,7.0,6033281137a52d9c60aa910d1f86e6596f57c1f879d6202b2882bcd9d57f6f28,2008,completed,0.4680042837752816,0.4738425999786848,
random_search-rep-7,random_search,7.0,6033281137a52d9c60aa910d1f86e6596f57c1f879d6202b2882bcd9d57f6f28,2009,completed,0.4806824779616051,0.47827343508306086,
random_search-rep-7,random_search,7.0,6033281137a52d9c60aa910d1f86e6596f57c1f879d6202b2882bcd9d57f6f28,2010,completed,0.4751287894942232,0.4769450899994924,
random_search-rep-7,random_search,7.0,6033281137a52d9c60aa910d1f86e6596f57c1f879d6202b2882bcd9d57f6f28,2011,completed,0.4746950041966687,0.4779651538470093,
random_search-rep-7,random_search,7.0,6033281137a52d9c60aa910d1f86e6596f57c1f879d6202b2882bcd9d57f6f28,2012,completed,0.4758909706062912,0.4725454634143276,
random_search-rep-7,random_search,7.0,6033281137a52d9c60aa910d1f86e6596f57c1f879d6202b2882bcd9d57f6f28,2013,completed,0.480697823792316,0.47996671279665476,
random_search-rep-7,random_search,7.0,6033281137a52d9c60aa910d1f86e6596f57c1f879d6202b2882bcd9d57f6f28,2014,completed,0.46393976328352876,0.4695711088055062,
random_search-rep-7,random_search,7.0,6033281137a52d9c60aa910d1f86e6596f57c1f879d6202b2882bcd9d57f6f28,2015,completed,0.4666792771530967,0.4753945752406041,
random_search-rep-7,random_search,7.0,6033281137a52d9c60aa910d1f86e6596f57c1f879d6202b2882bcd9d57f6f28,2016,completed,0.46335569635738316,0.4728670238427538,
random_search-rep-7,random_search,7.0,6033281137a52d9c60aa910d1f86e6596f57c1f879d6202b2882bcd9d57f6f28,2017,completed,0.4746982049085452,0.47602395805355846,
random_search-rep-7,random_search,7.0,6033281137a52d9c60aa910d1f86e6596f57c1f879d6202b2882bcd9d57f6f28,2018,completed,0.486100678478634,0.48016433708911854,
random_search-rep-7,random_search,7.0,6033281137a52d9c60aa910d1f86e6596f57c1f879d6202b2882bcd9d57f6f28,2019,completed,0.4736271062546586,0.47384728554896705,
random_search-rep-7,random_search,7.0,6033281137a52d9c60aa910d1f86e6596f57c1f879d6202b2882bcd9d57f6f28,2020,completed,0.4694155517265339,0.47429237689961645,
single_objective_tpe-rep-7,single_objective_tpe,7.0,406ef95566f89b65822793eac79d3dfa004765b73c04e743549c98ced464aaca,2001,completed,0.4726734881672788,0.46581663406323487,
single_objective_tpe-rep-7,single_objective_tpe,7.0,406ef95566f89b65822793eac79d3dfa004765b73c04e743549c98ced464aaca,2002,completed,0.4771179632128073,0.46685491800023554,
single_objective_tpe-rep-7,single_objective_tpe,7.0,406ef95566f89b65822793eac79d3dfa004765b73c04e743549c98ced464aaca,2003,completed,0.45948720507653557,0.4617378254397381,
single_objective_tpe-rep-7,single_objective_tpe,7.0,406ef95566f89b65822793eac79d3dfa004765b73c04e743549c98ced464aaca,2004,completed,0.46422934630995427,0.4656222952061345,
single_objective_tpe-rep-7,single_objective_tpe,7.0,406ef95566f89b65822793eac79d3dfa004765b73c04e743549c98ced464aaca,2005,completed,0.46273029270728444,0.4697515093940356,
single_objective_tpe-rep-7,single_objective_tpe,7.0,406ef95566f89b65822793eac79d3dfa004765b73c04e743549c98ced464aaca,2006,completed,0.4723373508106184,0.46901986373478477,
single_objective_tpe-rep-7,single_objective_tpe,7.0,406ef95566f89b65822793eac79d3dfa004765b73c04e743549c98ced464aaca,2007,completed,0.4592923864003607,0.46743020206145125,
single_objective_tpe-rep-7,single_objective_tpe,7.0,406ef95566f89b65822793eac79d3dfa004765b73c04e743549c98ced464aaca,2008,completed,0.46176298886465206,0.4688385333582463,
single_objective_tpe-rep-7,single_objective_tpe,7.0,406ef95566f89b65822793eac79d3dfa004765b73c04e743549c98ced464aaca,2009,completed,0.4783661818196762,0.470761926640859,
single_objective_tpe-rep-7,single_objective_tpe,7.0,406ef95566f89b65822793eac79d3dfa004765b73c04e743549c98ced464aaca,2010,completed,0.47520471162252637,0.47193302406503107,
single_objective_tpe-rep-7,single_objective_tpe,7.0,406ef95566f89b65822793eac79d3dfa004765b73c04e743549c98ced464aaca,2011,completed,0.4711867934614785,0.46487552856049885,
single_objective_tpe-rep-7,single_objective_tpe,7.0,406ef95566f89b65822793eac79d3dfa004765b73c04e743549c98ced464aaca,2012,completed,0.4777310394009693,0.46912251885327094,
single_objective_tpe-rep-7,single_objective_tpe,7.0,406ef95566f89b65822793eac79d3dfa004765b73c04e743549c98ced464aaca,2013,completed,0.47512845300054135,0.4698337769833895,
single_objective_tpe-rep-7,single_objective_tpe,7.0,406ef95566f89b65822793eac79d3dfa004765b73c04e743549c98ced464aaca,2014,completed,0.4635277760586987,0.46922801132807507,
single_objective_tpe-rep-7,single_objective_tpe,7.0,406ef95566f89b65822793eac79d3dfa004765b73c04e743549c98ced464aaca,2015,completed,0.4591653393193494,0.46594660513073943,
single_objective_tpe-rep-7,single_objective_tpe,7.0,406ef95566f89b65822793eac79d3dfa004765b73c04e743549c98ced464aaca,2016,completed,0.4587495079619738,0.46839513707039515,
single_objective_tpe-rep-7,single_objective_tpe,7.0,406ef95566f89b65822793eac79d3dfa004765b73c04e743549c98ced464aaca,2017,completed,0.47038723596836746,0.46893509958443697,
single_objective_tpe-rep-7,single_objective_tpe,7.0,406ef95566f89b65822793eac79d3dfa004765b73c04e743549c98ced464aaca,2018,completed,0.47356481121301885,0.4648900128382953,
single_objective_tpe-rep-7,single_objective_tpe,7.0,406ef95566f89b65822793eac79d3dfa004765b73c04e743549c98ced464aaca,2019,completed,0.4691248499031355,0.46544214854696797,
single_objective_tpe-rep-7,single_objective_tpe,7.0,406ef95566f89b65822793eac79d3dfa004765b73c04e743549c98ced464aaca,2020,completed,0.46495971139797243,0.46785615693077187,
constrained_tpe-rep-7,constrained_tpe,7.0,ff8997f4d4fa3f71163f19a233044399a671fe858a75be79b78732034f627280,2001,completed,0.4703809836697779,0.46825256049377056,
constrained_tpe-rep-7,constrained_tpe,7.0,ff8997f4d4fa3f71163f19a233044399a671fe858a75be79b78732034f627280,2002,completed,0.4766102469743585,0.4654056449409129,
constrained_tpe-rep-7,constrained_tpe,7.0,ff8997f4d4fa3f71163f19a233044399a671fe858a75be79b78732034f627280,2003,completed,0.45654969870910345,0.46811863243682095,
constrained_tpe-rep-7,constrained_tpe,7.0,ff8997f4d4fa3f71163f19a233044399a671fe858a75be79b78732034f627280,2004,completed,0.4678246243882981,0.4655434240660599,
constrained_tpe-rep-7,constrained_tpe,7.0,ff8997f4d4fa3f71163f19a233044399a671fe858a75be79b78732034f627280,2005,completed,0.4546915480697054,0.47282158289641013,
constrained_tpe-rep-7,constrained_tpe,7.0,ff8997f4d4fa3f71163f19a233044399a671fe858a75be79b78732034f627280,2006,completed,0.4687968074320029,0.47530116530471145,
constrained_tpe-rep-7,constrained_tpe,7.0,ff8997f4d4fa3f71163f19a233044399a671fe858a75be79b78732034f627280,2007,completed,0.4635158616632967,0.47016571567535687,
constrained_tpe-rep-7,constrained_tpe,7.0,ff8997f4d4fa3f71163f19a233044399a671fe858a75be79b78732034f627280,2008,completed,0.4659279037328537,0.47000236314461713,
constrained_tpe-rep-7,constrained_tpe,7.0,ff8997f4d4fa3f71163f19a233044399a671fe858a75be79b78732034f627280,2009,completed,0.4781492641321836,0.4674831649080832,
constrained_tpe-rep-7,constrained_tpe,7.0,ff8997f4d4fa3f71163f19a233044399a671fe858a75be79b78732034f627280,2010,completed,0.47227128845753175,0.47295264801495596,
constrained_tpe-rep-7,constrained_tpe,7.0,ff8997f4d4fa3f71163f19a233044399a671fe858a75be79b78732034f627280,2011,completed,0.4675967528269219,0.4744995854538554,
constrained_tpe-rep-7,constrained_tpe,7.0,ff8997f4d4fa3f71163f19a233044399a671fe858a75be79b78732034f627280,2012,completed,0.4769699852208066,0.4701016830684797,
constrained_tpe-rep-7,constrained_tpe,7.0,ff8997f4d4fa3f71163f19a233044399a671fe858a75be79b78732034f627280,2013,completed,0.4713566279654323,0.47171898014089947,
constrained_tpe-rep-7,constrained_tpe,7.0,ff8997f4d4fa3f71163f19a233044399a671fe858a75be79b78732034f627280,2014,completed,0.464313573948963,0.46599647502681435,
constrained_tpe-rep-7,constrained_tpe,7.0,ff8997f4d4fa3f71163f19a233044399a671fe858a75be79b78732034f627280,2015,completed,0.45990732802201495,0.4654142738424611,
constrained_tpe-rep-7,constrained_tpe,7.0,ff8997f4d4fa3f71163f19a233044399a671fe858a75be79b78732034f627280,2016,completed,0.4626978572953853,0.4688975803844513,
constrained_tpe-rep-7,constrained_tpe,7.0,ff8997f4d4fa3f71163f19a233044399a671fe858a75be79b78732034f627280,2017,completed,0.46900759980356327,0.4757914778886645,
constrained_tpe-rep-7,constrained_tpe,7.0,ff8997f4d4fa3f71163f19a233044399a671fe858a75be79b78732034f627280,2018,completed,0.4728131439787768,0.47341327874519207,
constrained_tpe-rep-7,constrained_tpe,7.0,ff8997f4d4fa3f71163f19a233044399a671fe858a75be79b78732034f627280,2019,completed,0.4726269321676495,0.47295428793118954,
constrained_tpe-rep-7,constrained_tpe,7.0,ff8997f4d4fa3f71163f19a233044399a671fe858a75be79b78732034f627280,2020,completed,0.46597522556499227,0.4671481749796469,
multi_objective_tpe-rep-7,multi_objective_tpe,7.0,7176e1e859d37d81bec019f5c74f00c5571ab5a4898f867a0864892104813124,2001,completed,0.5100599995714319,0.5090893532995119,
multi_objective_tpe-rep-7,multi_objective_tpe,7.0,7176e1e859d37d81bec019f5c74f00c5571ab5a4898f867a0864892104813124,2002,completed,0.5117744767847061,0.5110402617160771,
multi_objective_tpe-rep-7,multi_objective_tpe,7.0,7176e1e859d37d81bec019f5c74f00c5571ab5a4898f867a0864892104813124,2003,completed,0.49969175100734575,0.5060051423779492,
multi_objective_tpe-rep-7,multi_objective_tpe,7.0,7176e1e859d37d81bec019f5c74f00c5571ab5a4898f867a0864892104813124,2004,completed,0.5041212281452198,0.511512073690054,
multi_objective_tpe-rep-7,multi_objective_tpe,7.0,7176e1e859d37d81bec019f5c74f00c5571ab5a4898f867a0864892104813124,2005,completed,0.49607327482366415,0.5113983457655004,
multi_objective_tpe-rep-7,multi_objective_tpe,7.0,7176e1e859d37d81bec019f5c74f00c5571ab5a4898f867a0864892104813124,2006,completed,0.5053288895536332,0.508950013046811,
multi_objective_tpe-rep-7,multi_objective_tpe,7.0,7176e1e859d37d81bec019f5c74f00c5571ab5a4898f867a0864892104813124,2007,completed,0.489327521420263,0.5050783896072871,
multi_objective_tpe-rep-7,multi_objective_tpe,7.0,7176e1e859d37d81bec019f5c74f00c5571ab5a4898f867a0864892104813124,2008,completed,0.5015680366236038,0.5065416197096745,
multi_objective_tpe-rep-7,multi_objective_tpe,7.0,7176e1e859d37d81bec019f5c74f00c5571ab5a4898f867a0864892104813124,2009,completed,0.5172282781397517,0.5141137456443847,
multi_objective_tpe-rep-7,multi_objective_tpe,7.0,7176e1e859d37d81bec019f5c74f00c5571ab5a4898f867a0864892104813124,2010,completed,0.5117817896226596,0.5137300281542335,
multi_objective_tpe-rep-7,multi_objective_tpe,7.0,7176e1e859d37d81bec019f5c74f00c5571ab5a4898f867a0864892104813124,2011,completed,0.5005459002633385,0.5083034002215577,
multi_objective_tpe-rep-7,multi_objective_tpe,7.0,7176e1e859d37d81bec019f5c74f00c5571ab5a4898f867a0864892104813124,2012,completed,0.517641920704964,0.5103723666188715,
multi_objective_tpe-rep-7,multi_objective_tpe,7.0,7176e1e859d37d81bec019f5c74f00c5571ab5a4898f867a0864892104813124,2013,completed,0.51480323734401,0.5162239959169844,
multi_objective_tpe-rep-7,multi_objective_tpe,7.0,7176e1e859d37d81bec019f5c74f00c5571ab5a4898f867a0864892104813124,2014,completed,0.49738451502108627,0.5103596152224452,
multi_objective_tpe-rep-7,multi_objective_tpe,7.0,7176e1e859d37d81bec019f5c74f00c5571ab5a4898f867a0864892104813124,2015,completed,0.49736663968369077,0.5109470614598548,
multi_objective_tpe-rep-7,multi_objective_tpe,7.0,7176e1e859d37d81bec019f5c74f00c5571ab5a4898f867a0864892104813124,2016,completed,0.5007995662594062,0.5080191030617492,
multi_objective_tpe-rep-7,multi_objective_tpe,7.0,7176e1e859d37d81bec019f5c74f00c5571ab5a4898f867a0864892104813124,2017,completed,0.5100635754730888,0.5142681808260495,
multi_objective_tpe-rep-7,multi_objective_tpe,7.0,7176e1e859d37d81bec019f5c74f00c5571ab5a4898f867a0864892104813124,2018,completed,0.5087169146826549,0.5048989524653971,
multi_objective_tpe-rep-7,multi_objective_tpe,7.0,7176e1e859d37d81bec019f5c74f00c5571ab5a4898f867a0864892104813124,2019,completed,0.49687056011165864,0.5063406497153713,
multi_objective_tpe-rep-7,multi_objective_tpe,7.0,7176e1e859d37d81bec019f5c74f00c5571ab5a4898f867a0864892104813124,2020,completed,0.5070983060454545,0.5140338007686691,
random_search-rep-8,random_search,8.0,2e1b11dede7d635068eaf914f418f86698b8a38c4ccbaa2992a8eec28729e2b7,2001,completed,0.46777889441510495,0.4665459987320545,
random_search-rep-8,random_search,8.0,2e1b11dede7d635068eaf914f418f86698b8a38c4ccbaa2992a8eec28729e2b7,2002,completed,0.47600004580099453,0.46718520726666923,
random_search-rep-8,random_search,8.0,2e1b11dede7d635068eaf914f418f86698b8a38c4ccbaa2992a8eec28729e2b7,2003,completed,0.46032043281235235,0.46849067963717195,
random_search-rep-8,random_search,8.0,2e1b11dede7d635068eaf914f418f86698b8a38c4ccbaa2992a8eec28729e2b7,2004,completed,0.46722423848621863,0.4706998745808862,
random_search-rep-8,random_search,8.0,2e1b11dede7d635068eaf914f418f86698b8a38c4ccbaa2992a8eec28729e2b7,2005,completed,0.4485759985833844,0.4710948095349246,
random_search-rep-8,random_search,8.0,2e1b11dede7d635068eaf914f418f86698b8a38c4ccbaa2992a8eec28729e2b7,2006,completed,0.4680608584553527,0.469384543050763,
random_search-rep-8,random_search,8.0,2e1b11dede7d635068eaf914f418f86698b8a38c4ccbaa2992a8eec28729e2b7,2007,completed,0.4629637905595404,0.469839371070319,
random_search-rep-8,random_search,8.0,2e1b11dede7d635068eaf914f418f86698b8a38c4ccbaa2992a8eec28729e2b7,2008,completed,0.46617904454069187,0.4704720045470625,
random_search-rep-8,random_search,8.0,2e1b11dede7d635068eaf914f418f86698b8a38c4ccbaa2992a8eec28729e2b7,2009,completed,0.48152597389285695,0.4709476786035647,
random_search-rep-8,random_search,8.0,2e1b11dede7d635068eaf914f418f86698b8a38c4ccbaa2992a8eec28729e2b7,2010,completed,0.47169418832505206,0.4657947201023366,
random_search-rep-8,random_search,8.0,2e1b11dede7d635068eaf914f418f86698b8a38c4ccbaa2992a8eec28729e2b7,2011,completed,0.4632429936533823,0.4703097339160388,
random_search-rep-8,random_search,8.0,2e1b11dede7d635068eaf914f418f86698b8a38c4ccbaa2992a8eec28729e2b7,2012,completed,0.476725089830984,0.4689134545944702,
random_search-rep-8,random_search,8.0,2e1b11dede7d635068eaf914f418f86698b8a38c4ccbaa2992a8eec28729e2b7,2013,completed,0.46577382926698063,0.4671568566977332,
random_search-rep-8,random_search,8.0,2e1b11dede7d635068eaf914f418f86698b8a38c4ccbaa2992a8eec28729e2b7,2014,completed,0.4538329400897749,0.46605526043217266,
random_search-rep-8,random_search,8.0,2e1b11dede7d635068eaf914f418f86698b8a38c4ccbaa2992a8eec28729e2b7,2015,completed,0.46102249664713807,0.463691783594653,
random_search-rep-8,random_search,8.0,2e1b11dede7d635068eaf914f418f86698b8a38c4ccbaa2992a8eec28729e2b7,2016,completed,0.4604339257312151,0.46312412573467926,
random_search-rep-8,random_search,8.0,2e1b11dede7d635068eaf914f418f86698b8a38c4ccbaa2992a8eec28729e2b7,2017,completed,0.47219623348246775,0.46862707203243514,
random_search-rep-8,random_search,8.0,2e1b11dede7d635068eaf914f418f86698b8a38c4ccbaa2992a8eec28729e2b7,2018,completed,0.4764730217724522,0.4704697291743936,
random_search-rep-8,random_search,8.0,2e1b11dede7d635068eaf914f418f86698b8a38c4ccbaa2992a8eec28729e2b7,2019,completed,0.47626858657780347,0.47616636046837135,
random_search-rep-8,random_search,8.0,2e1b11dede7d635068eaf914f418f86698b8a38c4ccbaa2992a8eec28729e2b7,2020,completed,0.4660065119527497,0.464005908732319,
single_objective_tpe-rep-8,single_objective_tpe,8.0,a071eedd4599a9757697d6dc9ad421078970358916cd636e2d0465d210d528c4,2001,completed,0.4714443851814241,0.46102281855823274,
single_objective_tpe-rep-8,single_objective_tpe,8.0,a071eedd4599a9757697d6dc9ad421078970358916cd636e2d0465d210d528c4,2002,completed,0.4798264236271465,0.4571771047103647,
single_objective_tpe-rep-8,single_objective_tpe,8.0,a071eedd4599a9757697d6dc9ad421078970358916cd636e2d0465d210d528c4,2003,completed,0.4608994786140831,0.459562136383215,
single_objective_tpe-rep-8,single_objective_tpe,8.0,a071eedd4599a9757697d6dc9ad421078970358916cd636e2d0465d210d528c4,2004,completed,0.46814790707206544,0.46581968378694083,
single_objective_tpe-rep-8,single_objective_tpe,8.0,a071eedd4599a9757697d6dc9ad421078970358916cd636e2d0465d210d528c4,2005,completed,0.4529436771064343,0.4674537967687838,
single_objective_tpe-rep-8,single_objective_tpe,8.0,a071eedd4599a9757697d6dc9ad421078970358916cd636e2d0465d210d528c4,2006,completed,0.47059189973540133,0.4707806124487286,
single_objective_tpe-rep-8,single_objective_tpe,8.0,a071eedd4599a9757697d6dc9ad421078970358916cd636e2d0465d210d528c4,2007,completed,0.4584826270597302,0.46584187449351055,
single_objective_tpe-rep-8,single_objective_tpe,8.0,a071eedd4599a9757697d6dc9ad421078970358916cd636e2d0465d210d528c4,2008,completed,0.4645873025605629,0.4677230504984146,
single_objective_tpe-rep-8,single_objective_tpe,8.0,a071eedd4599a9757697d6dc9ad421078970358916cd636e2d0465d210d528c4,2009,completed,0.4788472141507734,0.4701621839274489,
single_objective_tpe-rep-8,single_objective_tpe,8.0,a071eedd4599a9757697d6dc9ad421078970358916cd636e2d0465d210d528c4,2010,completed,0.4731508640090753,0.47077563992354265,
single_objective_tpe-rep-8,single_objective_tpe,8.0,a071eedd4599a9757697d6dc9ad421078970358916cd636e2d0465d210d528c4,2011,completed,0.4702942295737842,0.4719374997358925,
single_objective_tpe-rep-8,single_objective_tpe,8.0,a071eedd4599a9757697d6dc9ad421078970358916cd636e2d0465d210d528c4,2012,completed,0.4737197337491574,0.46292689782107566,
single_objective_tpe-rep-8,single_objective_tpe,8.0,a071eedd4599a9757697d6dc9ad421078970358916cd636e2d0465d210d528c4,2013,completed,0.47532060299734363,0.4718589608851169,
single_objective_tpe-rep-8,single_objective_tpe,8.0,a071eedd4599a9757697d6dc9ad421078970358916cd636e2d0465d210d528c4,2014,completed,0.45864443226602514,0.4672676918467055,
single_objective_tpe-rep-8,single_objective_tpe,8.0,a071eedd4599a9757697d6dc9ad421078970358916cd636e2d0465d210d528c4,2015,completed,0.45713739456025654,0.46320039968624355,
single_objective_tpe-rep-8,single_objective_tpe,8.0,a071eedd4599a9757697d6dc9ad421078970358916cd636e2d0465d210d528c4,2016,completed,0.4596406745245208,0.46466218252785957,
single_objective_tpe-rep-8,single_objective_tpe,8.0,a071eedd4599a9757697d6dc9ad421078970358916cd636e2d0465d210d528c4,2017,completed,0.4721653386538137,0.46948390798094813,
single_objective_tpe-rep-8,single_objective_tpe,8.0,a071eedd4599a9757697d6dc9ad421078970358916cd636e2d0465d210d528c4,2018,completed,0.4750109567517129,0.4675656976853505,
single_objective_tpe-rep-8,single_objective_tpe,8.0,a071eedd4599a9757697d6dc9ad421078970358916cd636e2d0465d210d528c4,2019,completed,0.47017702413939616,0.4659712401096584,
single_objective_tpe-rep-8,single_objective_tpe,8.0,a071eedd4599a9757697d6dc9ad421078970358916cd636e2d0465d210d528c4,2020,completed,0.4630037468617905,0.4643292016267817,
constrained_tpe-rep-8,constrained_tpe,8.0,020bee5d47419369864e9205cd437c1a6504ea123efbbabbdfe0d3b939ffae5f,2001,completed,0.4707844893473528,0.47084526152634226,
constrained_tpe-rep-8,constrained_tpe,8.0,020bee5d47419369864e9205cd437c1a6504ea123efbbabbdfe0d3b939ffae5f,2002,completed,0.48659051056586183,0.47860181119756434,
constrained_tpe-rep-8,constrained_tpe,8.0,020bee5d47419369864e9205cd437c1a6504ea123efbbabbdfe0d3b939ffae5f,2003,completed,0.4634259148523182,0.4681332187295153,
constrained_tpe-rep-8,constrained_tpe,8.0,020bee5d47419369864e9205cd437c1a6504ea123efbbabbdfe0d3b939ffae5f,2004,completed,0.47568605604337383,0.4759330755548414,
constrained_tpe-rep-8,constrained_tpe,8.0,020bee5d47419369864e9205cd437c1a6504ea123efbbabbdfe0d3b939ffae5f,2005,completed,0.4570014014071356,0.48514868940526995,
constrained_tpe-rep-8,constrained_tpe,8.0,020bee5d47419369864e9205cd437c1a6504ea123efbbabbdfe0d3b939ffae5f,2006,completed,0.47557151506984474,0.4794574020336629,
constrained_tpe-rep-8,constrained_tpe,8.0,020bee5d47419369864e9205cd437c1a6504ea123efbbabbdfe0d3b939ffae5f,2007,completed,0.4652173346370796,0.4723499889118175,
constrained_tpe-rep-8,constrained_tpe,8.0,020bee5d47419369864e9205cd437c1a6504ea123efbbabbdfe0d3b939ffae5f,2008,completed,0.4701573823128697,0.47584876551215116,
constrained_tpe-rep-8,constrained_tpe,8.0,020bee5d47419369864e9205cd437c1a6504ea123efbbabbdfe0d3b939ffae5f,2009,completed,0.4884916673767116,0.4765211424005314,
constrained_tpe-rep-8,constrained_tpe,8.0,020bee5d47419369864e9205cd437c1a6504ea123efbbabbdfe0d3b939ffae5f,2010,completed,0.47609530772185393,0.4798147725100902,
constrained_tpe-rep-8,constrained_tpe,8.0,020bee5d47419369864e9205cd437c1a6504ea123efbbabbdfe0d3b939ffae5f,2011,completed,0.4747378838059267,0.479344896702674,
constrained_tpe-rep-8,constrained_tpe,8.0,020bee5d47419369864e9205cd437c1a6504ea123efbbabbdfe0d3b939ffae5f,2012,completed,0.4789112375583618,0.4733109598329792,
constrained_tpe-rep-8,constrained_tpe,8.0,020bee5d47419369864e9205cd437c1a6504ea123efbbabbdfe0d3b939ffae5f,2013,completed,0.47805495290016875,0.4747444814749949,
constrained_tpe-rep-8,constrained_tpe,8.0,020bee5d47419369864e9205cd437c1a6504ea123efbbabbdfe0d3b939ffae5f,2014,completed,0.46531611994266864,0.47070352929507586,
constrained_tpe-rep-8,constrained_tpe,8.0,020bee5d47419369864e9205cd437c1a6504ea123efbbabbdfe0d3b939ffae5f,2015,completed,0.4615461449228297,0.477423649804143,
constrained_tpe-rep-8,constrained_tpe,8.0,020bee5d47419369864e9205cd437c1a6504ea123efbbabbdfe0d3b939ffae5f,2016,completed,0.4684709626032323,0.4740033902887269,
constrained_tpe-rep-8,constrained_tpe,8.0,020bee5d47419369864e9205cd437c1a6504ea123efbbabbdfe0d3b939ffae5f,2017,completed,0.47641500117158214,0.48034435964168914,
constrained_tpe-rep-8,constrained_tpe,8.0,020bee5d47419369864e9205cd437c1a6504ea123efbbabbdfe0d3b939ffae5f,2018,completed,0.4758374919151665,0.4677832228811921,
constrained_tpe-rep-8,constrained_tpe,8.0,020bee5d47419369864e9205cd437c1a6504ea123efbbabbdfe0d3b939ffae5f,2019,completed,0.46989634734254215,0.4773610918195287,
constrained_tpe-rep-8,constrained_tpe,8.0,020bee5d47419369864e9205cd437c1a6504ea123efbbabbdfe0d3b939ffae5f,2020,completed,0.47513369197563005,0.47552707317276677,
multi_objective_tpe-rep-8,multi_objective_tpe,8.0,e36841b8a25047a3621940454c2e256d5a43771485524c6f2c0a41cf23b640d9,2001,completed,0.4910004697684009,0.4964550949288688,
multi_objective_tpe-rep-8,multi_objective_tpe,8.0,e36841b8a25047a3621940454c2e256d5a43771485524c6f2c0a41cf23b640d9,2002,completed,0.5022015378750331,0.49525576058592496,
multi_objective_tpe-rep-8,multi_objective_tpe,8.0,e36841b8a25047a3621940454c2e256d5a43771485524c6f2c0a41cf23b640d9,2003,completed,0.48962208810426155,0.4970702221280737,
multi_objective_tpe-rep-8,multi_objective_tpe,8.0,e36841b8a25047a3621940454c2e256d5a43771485524c6f2c0a41cf23b640d9,2004,completed,0.4909017903093924,0.4958045474048206,
multi_objective_tpe-rep-8,multi_objective_tpe,8.0,e36841b8a25047a3621940454c2e256d5a43771485524c6f2c0a41cf23b640d9,2005,completed,0.47945538924872627,0.4969973924056682,
multi_objective_tpe-rep-8,multi_objective_tpe,8.0,e36841b8a25047a3621940454c2e256d5a43771485524c6f2c0a41cf23b640d9,2006,completed,0.4930789824937562,0.4985043530451217,
multi_objective_tpe-rep-8,multi_objective_tpe,8.0,e36841b8a25047a3621940454c2e256d5a43771485524c6f2c0a41cf23b640d9,2007,completed,0.48630373137416716,0.49716592077347777,
multi_objective_tpe-rep-8,multi_objective_tpe,8.0,e36841b8a25047a3621940454c2e256d5a43771485524c6f2c0a41cf23b640d9,2008,completed,0.49080947651207774,0.49444770398550864,
multi_objective_tpe-rep-8,multi_objective_tpe,8.0,e36841b8a25047a3621940454c2e256d5a43771485524c6f2c0a41cf23b640d9,2009,completed,0.5038902145577115,0.4998153127399958,
multi_objective_tpe-rep-8,multi_objective_tpe,8.0,e36841b8a25047a3621940454c2e256d5a43771485524c6f2c0a41cf23b640d9,2010,completed,0.48819486981484406,0.49742998687524226,
multi_objective_tpe-rep-8,multi_objective_tpe,8.0,e36841b8a25047a3621940454c2e256d5a43771485524c6f2c0a41cf23b640d9,2011,completed,0.4893286212736924,0.5020643784015277,
multi_objective_tpe-rep-8,multi_objective_tpe,8.0,e36841b8a25047a3621940454c2e256d5a43771485524c6f2c0a41cf23b640d9,2012,completed,0.5032449312246088,0.4957965778945953,
multi_objective_tpe-rep-8,multi_objective_tpe,8.0,e36841b8a25047a3621940454c2e256d5a43771485524c6f2c0a41cf23b640d9,2013,completed,0.49829355377523155,0.5001063425003638,
multi_objective_tpe-rep-8,multi_objective_tpe,8.0,e36841b8a25047a3621940454c2e256d5a43771485524c6f2c0a41cf23b640d9,2014,completed,0.48363457771697316,0.4951833028276776,
multi_objective_tpe-rep-8,multi_objective_tpe,8.0,e36841b8a25047a3621940454c2e256d5a43771485524c6f2c0a41cf23b640d9,2015,completed,0.48823921861409675,0.4973979469534816,
multi_objective_tpe-rep-8,multi_objective_tpe,8.0,e36841b8a25047a3621940454c2e256d5a43771485524c6f2c0a41cf23b640d9,2016,completed,0.48883201601538484,0.4948100558432259,
multi_objective_tpe-rep-8,multi_objective_tpe,8.0,e36841b8a25047a3621940454c2e256d5a43771485524c6f2c0a41cf23b640d9,2017,completed,0.49978439491810367,0.49958079738096345,
multi_objective_tpe-rep-8,multi_objective_tpe,8.0,e36841b8a25047a3621940454c2e256d5a43771485524c6f2c0a41cf23b640d9,2018,completed,0.49382804704456,0.49708876232048615,
multi_objective_tpe-rep-8,multi_objective_tpe,8.0,e36841b8a25047a3621940454c2e256d5a43771485524c6f2c0a41cf23b640d9,2019,completed,0.49067526324688066,0.4983850961308043,
multi_objective_tpe-rep-8,multi_objective_tpe,8.0,e36841b8a25047a3621940454c2e256d5a43771485524c6f2c0a41cf23b640d9,2020,completed,0.49143249908142894,0.49705721989074764,
random_search-rep-9,random_search,9.0,38aeb7bc005209e65c12a490c36b6fa50a72b3448a8bddd01317eeb4b6807de7,2001,completed,0.4679478815174332,0.4647907041222848,
random_search-rep-9,random_search,9.0,38aeb7bc005209e65c12a490c36b6fa50a72b3448a8bddd01317eeb4b6807de7,2002,completed,0.4778246715660544,0.4660805112098237,
random_search-rep-9,random_search,9.0,38aeb7bc005209e65c12a490c36b6fa50a72b3448a8bddd01317eeb4b6807de7,2003,completed,0.4597311548185652,0.4635581657750465,
random_search-rep-9,random_search,9.0,38aeb7bc005209e65c12a490c36b6fa50a72b3448a8bddd01317eeb4b6807de7,2004,completed,0.4669540631016226,0.4681864264530761,
random_search-rep-9,random_search,9.0,38aeb7bc005209e65c12a490c36b6fa50a72b3448a8bddd01317eeb4b6807de7,2005,completed,0.45399371148565565,0.46840963757355986,
random_search-rep-9,random_search,9.0,38aeb7bc005209e65c12a490c36b6fa50a72b3448a8bddd01317eeb4b6807de7,2006,completed,0.4680976134436372,0.4678614716662215,
random_search-rep-9,random_search,9.0,38aeb7bc005209e65c12a490c36b6fa50a72b3448a8bddd01317eeb4b6807de7,2007,completed,0.4635156711500424,0.4669874311704485,
random_search-rep-9,random_search,9.0,38aeb7bc005209e65c12a490c36b6fa50a72b3448a8bddd01317eeb4b6807de7,2008,completed,0.46343017285157145,0.4699200557181329,
random_search-rep-9,random_search,9.0,38aeb7bc005209e65c12a490c36b6fa50a72b3448a8bddd01317eeb4b6807de7,2009,completed,0.4780868687545255,0.47494587836049973,
random_search-rep-9,random_search,9.0,38aeb7bc005209e65c12a490c36b6fa50a72b3448a8bddd01317eeb4b6807de7,2010,completed,0.4701262579222976,0.4659541338278755,
random_search-rep-9,random_search,9.0,38aeb7bc005209e65c12a490c36b6fa50a72b3448a8bddd01317eeb4b6807de7,2011,completed,0.46848975397221626,0.47033707988790485,
random_search-rep-9,random_search,9.0,38aeb7bc005209e65c12a490c36b6fa50a72b3448a8bddd01317eeb4b6807de7,2012,completed,0.4791783346254395,0.46957140643521217,
random_search-rep-9,random_search,9.0,38aeb7bc005209e65c12a490c36b6fa50a72b3448a8bddd01317eeb4b6807de7,2013,completed,0.4702170474699234,0.4710091120520523,
random_search-rep-9,random_search,9.0,38aeb7bc005209e65c12a490c36b6fa50a72b3448a8bddd01317eeb4b6807de7,2014,completed,0.4587779776241768,0.4641573789408282,
random_search-rep-9,random_search,9.0,38aeb7bc005209e65c12a490c36b6fa50a72b3448a8bddd01317eeb4b6807de7,2015,completed,0.46269413912183893,0.4660798840824179,
random_search-rep-9,random_search,9.0,38aeb7bc005209e65c12a490c36b6fa50a72b3448a8bddd01317eeb4b6807de7,2016,completed,0.4643084053485758,0.46868527956709727,
random_search-rep-9,random_search,9.0,38aeb7bc005209e65c12a490c36b6fa50a72b3448a8bddd01317eeb4b6807de7,2017,completed,0.47725215681950295,0.4679236972520497,
random_search-rep-9,random_search,9.0,38aeb7bc005209e65c12a490c36b6fa50a72b3448a8bddd01317eeb4b6807de7,2018,completed,0.471720673058112,0.46529884877077593,
random_search-rep-9,random_search,9.0,38aeb7bc005209e65c12a490c36b6fa50a72b3448a8bddd01317eeb4b6807de7,2019,completed,0.46882336381336387,0.46753582414419453,
random_search-rep-9,random_search,9.0,38aeb7bc005209e65c12a490c36b6fa50a72b3448a8bddd01317eeb4b6807de7,2020,completed,0.46880077194019604,0.46761743869864436,
single_objective_tpe-rep-9,single_objective_tpe,9.0,b8445208276027f0e82d0bb3276ef01e73634080fcfe3d13c6999cd96b056e55,2001,completed,0.47194681724338333,0.46403632662109556,
single_objective_tpe-rep-9,single_objective_tpe,9.0,b8445208276027f0e82d0bb3276ef01e73634080fcfe3d13c6999cd96b056e55,2002,completed,0.4795300670007977,0.4598042226186703,
single_objective_tpe-rep-9,single_objective_tpe,9.0,b8445208276027f0e82d0bb3276ef01e73634080fcfe3d13c6999cd96b056e55,2003,completed,0.45472771981888815,0.46444242049203827,
single_objective_tpe-rep-9,single_objective_tpe,9.0,b8445208276027f0e82d0bb3276ef01e73634080fcfe3d13c6999cd96b056e55,2004,completed,0.4643433040699153,0.4630593530000389,
single_objective_tpe-rep-9,single_objective_tpe,9.0,b8445208276027f0e82d0bb3276ef01e73634080fcfe3d13c6999cd96b056e55,2005,completed,0.4519000884988311,0.46444968866555186,
single_objective_tpe-rep-9,single_objective_tpe,9.0,b8445208276027f0e82d0bb3276ef01e73634080fcfe3d13c6999cd96b056e55,2006,completed,0.4703699309942857,0.4643410501853315,
single_objective_tpe-rep-9,single_objective_tpe,9.0,b8445208276027f0e82d0bb3276ef01e73634080fcfe3d13c6999cd96b056e55,2007,completed,0.4643995411789943,0.46595710523039585,
single_objective_tpe-rep-9,single_objective_tpe,9.0,b8445208276027f0e82d0bb3276ef01e73634080fcfe3d13c6999cd96b056e55,2008,completed,0.46601821461873477,0.46674750063041404,
single_objective_tpe-rep-9,single_objective_tpe,9.0,b8445208276027f0e82d0bb3276ef01e73634080fcfe3d13c6999cd96b056e55,2009,completed,0.4791042961798964,0.4754735062130409,
single_objective_tpe-rep-9,single_objective_tpe,9.0,b8445208276027f0e82d0bb3276ef01e73634080fcfe3d13c6999cd96b056e55,2010,completed,0.47267134617452444,0.46809304621554737,
single_objective_tpe-rep-9,single_objective_tpe,9.0,b8445208276027f0e82d0bb3276ef01e73634080fcfe3d13c6999cd96b056e55,2011,completed,0.4700590884622202,0.4675777435642243,
single_objective_tpe-rep-9,single_objective_tpe,9.0,b8445208276027f0e82d0bb3276ef01e73634080fcfe3d13c6999cd96b056e55,2012,completed,0.47203149015476653,0.4669739295298543,
single_objective_tpe-rep-9,single_objective_tpe,9.0,b8445208276027f0e82d0bb3276ef01e73634080fcfe3d13c6999cd96b056e55,2013,completed,0.47110479880332545,0.4721977176454793,
single_objective_tpe-rep-9,single_objective_tpe,9.0,b8445208276027f0e82d0bb3276ef01e73634080fcfe3d13c6999cd96b056e55,2014,completed,0.460296364086815,0.46213983720029883,
single_objective_tpe-rep-9,single_objective_tpe,9.0,b8445208276027f0e82d0bb3276ef01e73634080fcfe3d13c6999cd96b056e55,2015,completed,0.45498276368355034,0.46655278366119596,
single_objective_tpe-rep-9,single_objective_tpe,9.0,b8445208276027f0e82d0bb3276ef01e73634080fcfe3d13c6999cd96b056e55,2016,completed,0.4569671589748114,0.4668374562362153,
single_objective_tpe-rep-9,single_objective_tpe,9.0,b8445208276027f0e82d0bb3276ef01e73634080fcfe3d13c6999cd96b056e55,2017,completed,0.4708296897807391,0.46821274907024796,
single_objective_tpe-rep-9,single_objective_tpe,9.0,b8445208276027f0e82d0bb3276ef01e73634080fcfe3d13c6999cd96b056e55,2018,completed,0.4709258779060741,0.46876212801963857,
single_objective_tpe-rep-9,single_objective_tpe,9.0,b8445208276027f0e82d0bb3276ef01e73634080fcfe3d13c6999cd96b056e55,2019,completed,0.4696150505349632,0.46823344296453934,
single_objective_tpe-rep-9,single_objective_tpe,9.0,b8445208276027f0e82d0bb3276ef01e73634080fcfe3d13c6999cd96b056e55,2020,completed,0.46797207508757316,0.4696785951048692,
constrained_tpe-rep-9,constrained_tpe,9.0,d10ad99d557baaea3d2aaed13a2da0345eb6d6799657e5c5e173c4af8a2839c7,2001,completed,0.4694568649008779,0.4706150276655494,
constrained_tpe-rep-9,constrained_tpe,9.0,d10ad99d557baaea3d2aaed13a2da0345eb6d6799657e5c5e173c4af8a2839c7,2002,completed,0.479690432886318,0.46693107148206925,
constrained_tpe-rep-9,constrained_tpe,9.0,d10ad99d557baaea3d2aaed13a2da0345eb6d6799657e5c5e173c4af8a2839c7,2003,completed,0.46169512653818,0.4707044027518791,
constrained_tpe-rep-9,constrained_tpe,9.0,d10ad99d557baaea3d2aaed13a2da0345eb6d6799657e5c5e173c4af8a2839c7,2004,completed,0.4724936658234119,0.4762662409499722,
constrained_tpe-rep-9,constrained_tpe,9.0,d10ad99d557baaea3d2aaed13a2da0345eb6d6799657e5c5e173c4af8a2839c7,2005,completed,0.4567290603969452,0.47588161000093687,
constrained_tpe-rep-9,constrained_tpe,9.0,d10ad99d557baaea3d2aaed13a2da0345eb6d6799657e5c5e173c4af8a2839c7,2006,completed,0.4751388972301332,0.47620951693069064,
constrained_tpe-rep-9,constrained_tpe,9.0,d10ad99d557baaea3d2aaed13a2da0345eb6d6799657e5c5e173c4af8a2839c7,2007,completed,0.4645779799172466,0.4722265366122628,
constrained_tpe-rep-9,constrained_tpe,9.0,d10ad99d557baaea3d2aaed13a2da0345eb6d6799657e5c5e173c4af8a2839c7,2008,completed,0.4684790130976224,0.47704420800617836,
constrained_tpe-rep-9,constrained_tpe,9.0,d10ad99d557baaea3d2aaed13a2da0345eb6d6799657e5c5e173c4af8a2839c7,2009,completed,0.479785634935984,0.47587116239038646,
constrained_tpe-rep-9,constrained_tpe,9.0,d10ad99d557baaea3d2aaed13a2da0345eb6d6799657e5c5e173c4af8a2839c7,2010,completed,0.4766424346256793,0.4744121745638553,
constrained_tpe-rep-9,constrained_tpe,9.0,d10ad99d557baaea3d2aaed13a2da0345eb6d6799657e5c5e173c4af8a2839c7,2011,completed,0.46979073748700256,0.47903998837315226,
constrained_tpe-rep-9,constrained_tpe,9.0,d10ad99d557baaea3d2aaed13a2da0345eb6d6799657e5c5e173c4af8a2839c7,2012,completed,0.4815561009841608,0.4704740840195847,
constrained_tpe-rep-9,constrained_tpe,9.0,d10ad99d557baaea3d2aaed13a2da0345eb6d6799657e5c5e173c4af8a2839c7,2013,completed,0.47642996975949553,0.4765840661302314,
constrained_tpe-rep-9,constrained_tpe,9.0,d10ad99d557baaea3d2aaed13a2da0345eb6d6799657e5c5e173c4af8a2839c7,2014,completed,0.4639694542312073,0.47028758804784515,
constrained_tpe-rep-9,constrained_tpe,9.0,d10ad99d557baaea3d2aaed13a2da0345eb6d6799657e5c5e173c4af8a2839c7,2015,completed,0.46158419326194877,0.4746299650791947,
constrained_tpe-rep-9,constrained_tpe,9.0,d10ad99d557baaea3d2aaed13a2da0345eb6d6799657e5c5e173c4af8a2839c7,2016,completed,0.4672696255036278,0.4733970668286427,
constrained_tpe-rep-9,constrained_tpe,9.0,d10ad99d557baaea3d2aaed13a2da0345eb6d6799657e5c5e173c4af8a2839c7,2017,completed,0.4777554856622974,0.4739098897778873,
constrained_tpe-rep-9,constrained_tpe,9.0,d10ad99d557baaea3d2aaed13a2da0345eb6d6799657e5c5e173c4af8a2839c7,2018,completed,0.4756164448270001,0.46800320823840014,
constrained_tpe-rep-9,constrained_tpe,9.0,d10ad99d557baaea3d2aaed13a2da0345eb6d6799657e5c5e173c4af8a2839c7,2019,completed,0.4697537585395598,0.4719350502524653,
constrained_tpe-rep-9,constrained_tpe,9.0,d10ad99d557baaea3d2aaed13a2da0345eb6d6799657e5c5e173c4af8a2839c7,2020,completed,0.47578483553924084,0.47438159884604836,
multi_objective_tpe-rep-9,multi_objective_tpe,9.0,53fc92bcf9bf4a959ee90cfdd1e90a7429f2600e4eb7e2f2d3138b30d1f8671d,2001,completed,0.4848863616328906,0.4795900366735721,
multi_objective_tpe-rep-9,multi_objective_tpe,9.0,53fc92bcf9bf4a959ee90cfdd1e90a7429f2600e4eb7e2f2d3138b30d1f8671d,2002,completed,0.49217701845942097,0.4765658469093136,
multi_objective_tpe-rep-9,multi_objective_tpe,9.0,53fc92bcf9bf4a959ee90cfdd1e90a7429f2600e4eb7e2f2d3138b30d1f8671d,2003,completed,0.4722295035204575,0.48261797192132183,
multi_objective_tpe-rep-9,multi_objective_tpe,9.0,53fc92bcf9bf4a959ee90cfdd1e90a7429f2600e4eb7e2f2d3138b30d1f8671d,2004,completed,0.4693290970156786,0.4766685933674918,
multi_objective_tpe-rep-9,multi_objective_tpe,9.0,53fc92bcf9bf4a959ee90cfdd1e90a7429f2600e4eb7e2f2d3138b30d1f8671d,2005,completed,0.46184565232887836,0.4773751127421006,
multi_objective_tpe-rep-9,multi_objective_tpe,9.0,53fc92bcf9bf4a959ee90cfdd1e90a7429f2600e4eb7e2f2d3138b30d1f8671d,2006,completed,0.4781679688108569,0.4819375536386596,
multi_objective_tpe-rep-9,multi_objective_tpe,9.0,53fc92bcf9bf4a959ee90cfdd1e90a7429f2600e4eb7e2f2d3138b30d1f8671d,2007,completed,0.4709922890163627,0.4773688882968569,
multi_objective_tpe-rep-9,multi_objective_tpe,9.0,53fc92bcf9bf4a959ee90cfdd1e90a7429f2600e4eb7e2f2d3138b30d1f8671d,2008,completed,0.4760849788003175,0.4803153961940279,
multi_objective_tpe-rep-9,multi_objective_tpe,9.0,53fc92bcf9bf4a959ee90cfdd1e90a7429f2600e4eb7e2f2d3138b30d1f8671d,2009,completed,0.4884706830982272,0.4859510617778968,
multi_objective_tpe-rep-9,multi_objective_tpe,9.0,53fc92bcf9bf4a959ee90cfdd1e90a7429f2600e4eb7e2f2d3138b30d1f8671d,2010,completed,0.4817969774121874,0.48240235222324435,
multi_objective_tpe-rep-9,multi_objective_tpe,9.0,53fc92bcf9bf4a959ee90cfdd1e90a7429f2600e4eb7e2f2d3138b30d1f8671d,2011,completed,0.47919630393365387,0.47938812684037363,
multi_objective_tpe-rep-9,multi_objective_tpe,9.0,53fc92bcf9bf4a959ee90cfdd1e90a7429f2600e4eb7e2f2d3138b30d1f8671d,2012,completed,0.4869583713989115,0.4854442361575932,
multi_objective_tpe-rep-9,multi_objective_tpe,9.0,53fc92bcf9bf4a959ee90cfdd1e90a7429f2600e4eb7e2f2d3138b30d1f8671d,2013,completed,0.4839858426923504,0.47189889131745477,
multi_objective_tpe-rep-9,multi_objective_tpe,9.0,53fc92bcf9bf4a959ee90cfdd1e90a7429f2600e4eb7e2f2d3138b30d1f8671d,2014,completed,0.46951942197513113,0.4702380740406192,
multi_objective_tpe-rep-9,multi_objective_tpe,9.0,53fc92bcf9bf4a959ee90cfdd1e90a7429f2600e4eb7e2f2d3138b30d1f8671d,2015,completed,0.46904017988696917,0.47705308206710756,
multi_objective_tpe-rep-9,multi_objective_tpe,9.0,53fc92bcf9bf4a959ee90cfdd1e90a7429f2600e4eb7e2f2d3138b30d1f8671d,2016,completed,0.4744754725003414,0.48064439960947614,
multi_objective_tpe-rep-9,multi_objective_tpe,9.0,53fc92bcf9bf4a959ee90cfdd1e90a7429f2600e4eb7e2f2d3138b30d1f8671d,2017,completed,0.48721882503825586,0.4870946307375078,
multi_objective_tpe-rep-9,multi_objective_tpe,9.0,53fc92bcf9bf4a959ee90cfdd1e90a7429f2600e4eb7e2f2d3138b30d1f8671d,2018,completed,0.48852862995279933,0.4785616116448475,
multi_objective_tpe-rep-9,multi_objective_tpe,9.0,53fc92bcf9bf4a959ee90cfdd1e90a7429f2600e4eb7e2f2d3138b30d1f8671d,2019,completed,0.4815381524600104,0.4771941130985816,
multi_objective_tpe-rep-9,multi_objective_tpe,9.0,53fc92bcf9bf4a959ee90cfdd1e90a7429f2600e4eb7e2f2d3138b30d1f8671d,2020,completed,0.4896445613049622,0.4856246034843329,
random_search-rep-10,random_search,10.0,76d59a459fa52a53e75ab8eda53a3759d462d6ac512349d8d4e8ad860e4733b5,2001,completed,0.46588120690863116,0.4665933421142471,
random_search-rep-10,random_search,10.0,76d59a459fa52a53e75ab8eda53a3759d462d6ac512349d8d4e8ad860e4733b5,2002,completed,0.47644742511450106,0.4726636671945393,
random_search-rep-10,random_search,10.0,76d59a459fa52a53e75ab8eda53a3759d462d6ac512349d8d4e8ad860e4733b5,2003,completed,0.458964082624308,0.46633081723309433,
random_search-rep-10,random_search,10.0,76d59a459fa52a53e75ab8eda53a3759d462d6ac512349d8d4e8ad860e4733b5,2004,completed,0.4672558658366546,0.46613605935462893,
random_search-rep-10,random_search,10.0,76d59a459fa52a53e75ab8eda53a3759d462d6ac512349d8d4e8ad860e4733b5,2005,completed,0.452768334645388,0.4667450579705959,
random_search-rep-10,random_search,10.0,76d59a459fa52a53e75ab8eda53a3759d462d6ac512349d8d4e8ad860e4733b5,2006,completed,0.4713363370472142,0.4674438911109108,
random_search-rep-10,random_search,10.0,76d59a459fa52a53e75ab8eda53a3759d462d6ac512349d8d4e8ad860e4733b5,2007,completed,0.459989913523144,0.4639820872317822,
random_search-rep-10,random_search,10.0,76d59a459fa52a53e75ab8eda53a3759d462d6ac512349d8d4e8ad860e4733b5,2008,completed,0.46179308956719833,0.4637169929781754,
random_search-rep-10,random_search,10.0,76d59a459fa52a53e75ab8eda53a3759d462d6ac512349d8d4e8ad860e4733b5,2009,completed,0.47258690078475396,0.46659601668360534,
random_search-rep-10,random_search,10.0,76d59a459fa52a53e75ab8eda53a3759d462d6ac512349d8d4e8ad860e4733b5,2010,completed,0.46966082975204065,0.4703390151992555,
random_search-rep-10,random_search,10.0,76d59a459fa52a53e75ab8eda53a3759d462d6ac512349d8d4e8ad860e4733b5,2011,completed,0.46560651865621494,0.4665505805335215,
random_search-rep-10,random_search,10.0,76d59a459fa52a53e75ab8eda53a3759d462d6ac512349d8d4e8ad860e4733b5,2012,completed,0.4761656217447791,0.4690590571206794,
random_search-rep-10,random_search,10.0,76d59a459fa52a53e75ab8eda53a3759d462d6ac512349d8d4e8ad860e4733b5,2013,completed,0.4729832380814699,0.46811801636748224,
random_search-rep-10,random_search,10.0,76d59a459fa52a53e75ab8eda53a3759d462d6ac512349d8d4e8ad860e4733b5,2014,completed,0.4596251745744879,0.468540306067833,
random_search-rep-10,random_search,10.0,76d59a459fa52a53e75ab8eda53a3759d462d6ac512349d8d4e8ad860e4733b5,2015,completed,0.4591027184516403,0.4670434326121337,
random_search-rep-10,random_search,10.0,76d59a459fa52a53e75ab8eda53a3759d462d6ac512349d8d4e8ad860e4733b5,2016,completed,0.4612371175897609,0.46628052402320114,
random_search-rep-10,random_search,10.0,76d59a459fa52a53e75ab8eda53a3759d462d6ac512349d8d4e8ad860e4733b5,2017,completed,0.467792317685112,0.46725317189146,
random_search-rep-10,random_search,10.0,76d59a459fa52a53e75ab8eda53a3759d462d6ac512349d8d4e8ad860e4733b5,2018,completed,0.47621446460123523,0.46826676089132324,
random_search-rep-10,random_search,10.0,76d59a459fa52a53e75ab8eda53a3759d462d6ac512349d8d4e8ad860e4733b5,2019,completed,0.47280548950253776,0.4721108073250941,
random_search-rep-10,random_search,10.0,76d59a459fa52a53e75ab8eda53a3759d462d6ac512349d8d4e8ad860e4733b5,2020,completed,0.46368048508338094,0.465380896391022,
single_objective_tpe-rep-10,single_objective_tpe,10.0,eacb492eaa974cf056ab38b233f2643715929ec5b6deb447b8d07cdf7fb23d0d,2001,completed,0.4702516089606401,0.4611324029070943,
single_objective_tpe-rep-10,single_objective_tpe,10.0,eacb492eaa974cf056ab38b233f2643715929ec5b6deb447b8d07cdf7fb23d0d,2002,completed,0.48106826322581925,0.4675224549635169,
single_objective_tpe-rep-10,single_objective_tpe,10.0,eacb492eaa974cf056ab38b233f2643715929ec5b6deb447b8d07cdf7fb23d0d,2003,completed,0.4580480329038098,0.46471908960465147,
single_objective_tpe-rep-10,single_objective_tpe,10.0,eacb492eaa974cf056ab38b233f2643715929ec5b6deb447b8d07cdf7fb23d0d,2004,completed,0.46977222419031234,0.46637704875440195,
single_objective_tpe-rep-10,single_objective_tpe,10.0,eacb492eaa974cf056ab38b233f2643715929ec5b6deb447b8d07cdf7fb23d0d,2005,completed,0.45489049245320895,0.4726934096267095,
single_objective_tpe-rep-10,single_objective_tpe,10.0,eacb492eaa974cf056ab38b233f2643715929ec5b6deb447b8d07cdf7fb23d0d,2006,completed,0.46605544497080503,0.46817668287150915,
single_objective_tpe-rep-10,single_objective_tpe,10.0,eacb492eaa974cf056ab38b233f2643715929ec5b6deb447b8d07cdf7fb23d0d,2007,completed,0.46277640079865184,0.46334509674555857,
single_objective_tpe-rep-10,single_objective_tpe,10.0,eacb492eaa974cf056ab38b233f2643715929ec5b6deb447b8d07cdf7fb23d0d,2008,completed,0.464329846434934,0.4620060957259544,
single_objective_tpe-rep-10,single_objective_tpe,10.0,eacb492eaa974cf056ab38b233f2643715929ec5b6deb447b8d07cdf7fb23d0d,2009,completed,0.47715219705558026,0.4672360431937847,
single_objective_tpe-rep-10,single_objective_tpe,10.0,eacb492eaa974cf056ab38b233f2643715929ec5b6deb447b8d07cdf7fb23d0d,2010,completed,0.4669361369503475,0.47171408683533317,
single_objective_tpe-rep-10,single_objective_tpe,10.0,eacb492eaa974cf056ab38b233f2643715929ec5b6deb447b8d07cdf7fb23d0d,2011,completed,0.47158404802716675,0.4702841201582097,
single_objective_tpe-rep-10,single_objective_tpe,10.0,eacb492eaa974cf056ab38b233f2643715929ec5b6deb447b8d07cdf7fb23d0d,2012,completed,0.4791029029946467,0.4691278021836894,
single_objective_tpe-rep-10,single_objective_tpe,10.0,eacb492eaa974cf056ab38b233f2643715929ec5b6deb447b8d07cdf7fb23d0d,2013,completed,0.4731938301895597,0.4716485088607873,
single_objective_tpe-rep-10,single_objective_tpe,10.0,eacb492eaa974cf056ab38b233f2643715929ec5b6deb447b8d07cdf7fb23d0d,2014,completed,0.4638012448462171,0.4648899068805616,
single_objective_tpe-rep-10,single_objective_tpe,10.0,eacb492eaa974cf056ab38b233f2643715929ec5b6deb447b8d07cdf7fb23d0d,2015,completed,0.4569224858817666,0.4638933704512509,
single_objective_tpe-rep-10,single_objective_tpe,10.0,eacb492eaa974cf056ab38b233f2643715929ec5b6deb447b8d07cdf7fb23d0d,2016,completed,0.45555885929916295,0.4706601853582535,
single_objective_tpe-rep-10,single_objective_tpe,10.0,eacb492eaa974cf056ab38b233f2643715929ec5b6deb447b8d07cdf7fb23d0d,2017,completed,0.4658506253610561,0.4667678025461908,
single_objective_tpe-rep-10,single_objective_tpe,10.0,eacb492eaa974cf056ab38b233f2643715929ec5b6deb447b8d07cdf7fb23d0d,2018,completed,0.47595721410092834,0.46890900386120926,
single_objective_tpe-rep-10,single_objective_tpe,10.0,eacb492eaa974cf056ab38b233f2643715929ec5b6deb447b8d07cdf7fb23d0d,2019,completed,0.471302071118119,0.46287857449361036,
single_objective_tpe-rep-10,single_objective_tpe,10.0,eacb492eaa974cf056ab38b233f2643715929ec5b6deb447b8d07cdf7fb23d0d,2020,completed,0.4605131718059945,0.4658451321199177,
constrained_tpe-rep-10,constrained_tpe,10.0,9e6f7491d3db36a1e32bdf8fec0f2b91c1a90fc070d4abae3d88b0e6b686f13e,2001,completed,0.47051226709088323,0.46637534863017477,
constrained_tpe-rep-10,constrained_tpe,10.0,9e6f7491d3db36a1e32bdf8fec0f2b91c1a90fc070d4abae3d88b0e6b686f13e,2002,completed,0.4826992620852441,0.46830562819087906,
constrained_tpe-rep-10,constrained_tpe,10.0,9e6f7491d3db36a1e32bdf8fec0f2b91c1a90fc070d4abae3d88b0e6b686f13e,2003,completed,0.4649049713437799,0.4753464750180122,
constrained_tpe-rep-10,constrained_tpe,10.0,9e6f7491d3db36a1e32bdf8fec0f2b91c1a90fc070d4abae3d88b0e6b686f13e,2004,completed,0.4687975461796824,0.47385351087913524,
constrained_tpe-rep-10,constrained_tpe,10.0,9e6f7491d3db36a1e32bdf8fec0f2b91c1a90fc070d4abae3d88b0e6b686f13e,2005,completed,0.4592150610116068,0.4723105469710168,
constrained_tpe-rep-10,constrained_tpe,10.0,9e6f7491d3db36a1e32bdf8fec0f2b91c1a90fc070d4abae3d88b0e6b686f13e,2006,completed,0.467769340381421,0.47357307832593926,
constrained_tpe-rep-10,constrained_tpe,10.0,9e6f7491d3db36a1e32bdf8fec0f2b91c1a90fc070d4abae3d88b0e6b686f13e,2007,completed,0.463998341692456,0.46520500468842585,
constrained_tpe-rep-10,constrained_tpe,10.0,9e6f7491d3db36a1e32bdf8fec0f2b91c1a90fc070d4abae3d88b0e6b686f13e,2008,completed,0.467766476266976,0.46993616360056745,
constrained_tpe-rep-10,constrained_tpe,10.0,9e6f7491d3db36a1e32bdf8fec0f2b91c1a90fc070d4abae3d88b0e6b686f13e,2009,completed,0.47916833662599895,0.4729927760713597,
constrained_tpe-rep-10,constrained_tpe,10.0,9e6f7491d3db36a1e32bdf8fec0f2b91c1a90fc070d4abae3d88b0e6b686f13e,2010,completed,0.472038797445461,0.47809495144739056,
constrained_tpe-rep-10,constrained_tpe,10.0,9e6f7491d3db36a1e32bdf8fec0f2b91c1a90fc070d4abae3d88b0e6b686f13e,2011,completed,0.4719064159078893,0.47681624570621023,
constrained_tpe-rep-10,constrained_tpe,10.0,9e6f7491d3db36a1e32bdf8fec0f2b91c1a90fc070d4abae3d88b0e6b686f13e,2012,completed,0.47801992046097314,0.47160779351642007,
constrained_tpe-rep-10,constrained_tpe,10.0,9e6f7491d3db36a1e32bdf8fec0f2b91c1a90fc070d4abae3d88b0e6b686f13e,2013,completed,0.47792842278392306,0.47293981331076856,
constrained_tpe-rep-10,constrained_tpe,10.0,9e6f7491d3db36a1e32bdf8fec0f2b91c1a90fc070d4abae3d88b0e6b686f13e,2014,completed,0.4674123792912183,0.4753851441904386,
constrained_tpe-rep-10,constrained_tpe,10.0,9e6f7491d3db36a1e32bdf8fec0f2b91c1a90fc070d4abae3d88b0e6b686f13e,2015,completed,0.4574183206348325,0.4678695948573483,
constrained_tpe-rep-10,constrained_tpe,10.0,9e6f7491d3db36a1e32bdf8fec0f2b91c1a90fc070d4abae3d88b0e6b686f13e,2016,completed,0.4617146820588295,0.46997859645668955,
constrained_tpe-rep-10,constrained_tpe,10.0,9e6f7491d3db36a1e32bdf8fec0f2b91c1a90fc070d4abae3d88b0e6b686f13e,2017,completed,0.47484996864500517,0.4723757776366584,
constrained_tpe-rep-10,constrained_tpe,10.0,9e6f7491d3db36a1e32bdf8fec0f2b91c1a90fc070d4abae3d88b0e6b686f13e,2018,completed,0.477716483248398,0.47465224258237815,
constrained_tpe-rep-10,constrained_tpe,10.0,9e6f7491d3db36a1e32bdf8fec0f2b91c1a90fc070d4abae3d88b0e6b686f13e,2019,completed,0.47118342767901084,0.4744042087180407,
constrained_tpe-rep-10,constrained_tpe,10.0,9e6f7491d3db36a1e32bdf8fec0f2b91c1a90fc070d4abae3d88b0e6b686f13e,2020,completed,0.4681844655971547,0.47199488371277337,
multi_objective_tpe-rep-10,multi_objective_tpe,10.0,4dc29853de785bf30f25b826ca3f27e86837a4cf1dab601e7184c98cb79d75ab,2001,completed,0.4963153718985552,0.5084104473209694,
multi_objective_tpe-rep-10,multi_objective_tpe,10.0,4dc29853de785bf30f25b826ca3f27e86837a4cf1dab601e7184c98cb79d75ab,2002,completed,0.5147144636202875,0.5056575757496072,
multi_objective_tpe-rep-10,multi_objective_tpe,10.0,4dc29853de785bf30f25b826ca3f27e86837a4cf1dab601e7184c98cb79d75ab,2003,completed,0.49140256776523933,0.5078148159003589,
multi_objective_tpe-rep-10,multi_objective_tpe,10.0,4dc29853de785bf30f25b826ca3f27e86837a4cf1dab601e7184c98cb79d75ab,2004,completed,0.5040771327519893,0.5107502908045806,
multi_objective_tpe-rep-10,multi_objective_tpe,10.0,4dc29853de785bf30f25b826ca3f27e86837a4cf1dab601e7184c98cb79d75ab,2005,completed,0.4944261582718325,0.5108683317362976,
multi_objective_tpe-rep-10,multi_objective_tpe,10.0,4dc29853de785bf30f25b826ca3f27e86837a4cf1dab601e7184c98cb79d75ab,2006,completed,0.49815487486261467,0.5079312775814158,
multi_objective_tpe-rep-10,multi_objective_tpe,10.0,4dc29853de785bf30f25b826ca3f27e86837a4cf1dab601e7184c98cb79d75ab,2007,completed,0.48579235704354684,0.49699646847916445,
multi_objective_tpe-rep-10,multi_objective_tpe,10.0,4dc29853de785bf30f25b826ca3f27e86837a4cf1dab601e7184c98cb79d75ab,2008,completed,0.4975691014739028,0.5037764066455752,
multi_objective_tpe-rep-10,multi_objective_tpe,10.0,4dc29853de785bf30f25b826ca3f27e86837a4cf1dab601e7184c98cb79d75ab,2009,completed,0.5120719961180445,0.5062835676445625,
multi_objective_tpe-rep-10,multi_objective_tpe,10.0,4dc29853de785bf30f25b826ca3f27e86837a4cf1dab601e7184c98cb79d75ab,2010,completed,0.5043278000885224,0.5089486958089493,
multi_objective_tpe-rep-10,multi_objective_tpe,10.0,4dc29853de785bf30f25b826ca3f27e86837a4cf1dab601e7184c98cb79d75ab,2011,completed,0.49497971232703425,0.5069394242245756,
multi_objective_tpe-rep-10,multi_objective_tpe,10.0,4dc29853de785bf30f25b826ca3f27e86837a4cf1dab601e7184c98cb79d75ab,2012,completed,0.5078110907043651,0.5070484869210683,
multi_objective_tpe-rep-10,multi_objective_tpe,10.0,4dc29853de785bf30f25b826ca3f27e86837a4cf1dab601e7184c98cb79d75ab,2013,completed,0.5046270393104725,0.5025397833020716,
multi_objective_tpe-rep-10,multi_objective_tpe,10.0,4dc29853de785bf30f25b826ca3f27e86837a4cf1dab601e7184c98cb79d75ab,2014,completed,0.49450367278147056,0.5046221836217758,
multi_objective_tpe-rep-10,multi_objective_tpe,10.0,4dc29853de785bf30f25b826ca3f27e86837a4cf1dab601e7184c98cb79d75ab,2015,completed,0.4998152270848824,0.5098135028971043,
multi_objective_tpe-rep-10,multi_objective_tpe,10.0,4dc29853de785bf30f25b826ca3f27e86837a4cf1dab601e7184c98cb79d75ab,2016,completed,0.4931065727906277,0.506083494631374,
multi_objective_tpe-rep-10,multi_objective_tpe,10.0,4dc29853de785bf30f25b826ca3f27e86837a4cf1dab601e7184c98cb79d75ab,2017,completed,0.5052615108670945,0.5103986274837656,
multi_objective_tpe-rep-10,multi_objective_tpe,10.0,4dc29853de785bf30f25b826ca3f27e86837a4cf1dab601e7184c98cb79d75ab,2018,completed,0.5114461208580249,0.5021253555296372,
multi_objective_tpe-rep-10,multi_objective_tpe,10.0,4dc29853de785bf30f25b826ca3f27e86837a4cf1dab601e7184c98cb79d75ab,2019,completed,0.49295655977287195,0.5051673928486241,
multi_objective_tpe-rep-10,multi_objective_tpe,10.0,4dc29853de785bf30f25b826ca3f27e86837a4cf1dab601e7184c98cb79d75ab,2020,completed,0.5081814341536881,0.5087310303518378,
random_search-rep-11,random_search,11.0,280673fa76def2cd70d2e73d4bfedc671929591374cbd3314d627935905977e5,2001,completed,0.46658781337808786,0.4632915140141202,
random_search-rep-11,random_search,11.0,280673fa76def2cd70d2e73d4bfedc671929591374cbd3314d627935905977e5,2002,completed,0.4875788895011548,0.4657524559411529,
random_search-rep-11,random_search,11.0,280673fa76def2cd70d2e73d4bfedc671929591374cbd3314d627935905977e5,2003,completed,0.4615639526061562,0.46605562443845233,
random_search-rep-11,random_search,11.0,280673fa76def2cd70d2e73d4bfedc671929591374cbd3314d627935905977e5,2004,completed,0.4665972374191244,0.46498274610319273,
random_search-rep-11,random_search,11.0,280673fa76def2cd70d2e73d4bfedc671929591374cbd3314d627935905977e5,2005,completed,0.4539218114986446,0.47299767769125023,
random_search-rep-11,random_search,11.0,280673fa76def2cd70d2e73d4bfedc671929591374cbd3314d627935905977e5,2006,completed,0.47051428644843524,0.46903150513430725,
random_search-rep-11,random_search,11.0,280673fa76def2cd70d2e73d4bfedc671929591374cbd3314d627935905977e5,2007,completed,0.45903556669778195,0.4646308397427248,
random_search-rep-11,random_search,11.0,280673fa76def2cd70d2e73d4bfedc671929591374cbd3314d627935905977e5,2008,completed,0.46886427328570673,0.46677434543762436,
random_search-rep-11,random_search,11.0,280673fa76def2cd70d2e73d4bfedc671929591374cbd3314d627935905977e5,2009,completed,0.47775525892074605,0.46689457082296015,
random_search-rep-11,random_search,11.0,280673fa76def2cd70d2e73d4bfedc671929591374cbd3314d627935905977e5,2010,completed,0.46667653409152016,0.47066074671626706,
random_search-rep-11,random_search,11.0,280673fa76def2cd70d2e73d4bfedc671929591374cbd3314d627935905977e5,2011,completed,0.46820007680058345,0.4690396573501691,
random_search-rep-11,random_search,11.0,280673fa76def2cd70d2e73d4bfedc671929591374cbd3314d627935905977e5,2012,completed,0.4783845996768808,0.46665946405860603,
random_search-rep-11,random_search,11.0,280673fa76def2cd70d2e73d4bfedc671929591374cbd3314d627935905977e5,2013,completed,0.47709988758802924,0.4730141824806483,
random_search-rep-11,random_search,11.0,280673fa76def2cd70d2e73d4bfedc671929591374cbd3314d627935905977e5,2014,completed,0.4624973679531573,0.46645187673420685,
random_search-rep-11,random_search,11.0,280673fa76def2cd70d2e73d4bfedc671929591374cbd3314d627935905977e5,2015,completed,0.45748037298805205,0.46149557259154844,
random_search-rep-11,random_search,11.0,280673fa76def2cd70d2e73d4bfedc671929591374cbd3314d627935905977e5,2016,completed,0.45840965568330383,0.4621938612145311,
random_search-rep-11,random_search,11.0,280673fa76def2cd70d2e73d4bfedc671929591374cbd3314d627935905977e5,2017,completed,0.47339340805354624,0.46384462963735834,
random_search-rep-11,random_search,11.0,280673fa76def2cd70d2e73d4bfedc671929591374cbd3314d627935905977e5,2018,completed,0.4765059329353255,0.4679289870157333,
random_search-rep-11,random_search,11.0,280673fa76def2cd70d2e73d4bfedc671929591374cbd3314d627935905977e5,2019,completed,0.4695333225219795,0.46465272109762457,
random_search-rep-11,random_search,11.0,280673fa76def2cd70d2e73d4bfedc671929591374cbd3314d627935905977e5,2020,completed,0.4670180419152424,0.47107170582348606,
single_objective_tpe-rep-11,single_objective_tpe,11.0,f4e74dfdc8a6a64c464b7c34b0c20ed414542415c29a97d7b93b9c8aa49f55c5,2001,completed,0.4677275978419629,0.46588237682138217,
single_objective_tpe-rep-11,single_objective_tpe,11.0,f4e74dfdc8a6a64c464b7c34b0c20ed414542415c29a97d7b93b9c8aa49f55c5,2002,completed,0.4765795157269384,0.465529425676488,
single_objective_tpe-rep-11,single_objective_tpe,11.0,f4e74dfdc8a6a64c464b7c34b0c20ed414542415c29a97d7b93b9c8aa49f55c5,2003,completed,0.45560971906217085,0.4636417102526291,
single_objective_tpe-rep-11,single_objective_tpe,11.0,f4e74dfdc8a6a64c464b7c34b0c20ed414542415c29a97d7b93b9c8aa49f55c5,2004,completed,0.46373273392487036,0.46511962668461987,
single_objective_tpe-rep-11,single_objective_tpe,11.0,f4e74dfdc8a6a64c464b7c34b0c20ed414542415c29a97d7b93b9c8aa49f55c5,2005,completed,0.4581574984129828,0.47231069907943707,
single_objective_tpe-rep-11,single_objective_tpe,11.0,f4e74dfdc8a6a64c464b7c34b0c20ed414542415c29a97d7b93b9c8aa49f55c5,2006,completed,0.46964090491577504,0.46904312952914223,
single_objective_tpe-rep-11,single_objective_tpe,11.0,f4e74dfdc8a6a64c464b7c34b0c20ed414542415c29a97d7b93b9c8aa49f55c5,2007,completed,0.4578711536379323,0.4634640119820484,
single_objective_tpe-rep-11,single_objective_tpe,11.0,f4e74dfdc8a6a64c464b7c34b0c20ed414542415c29a97d7b93b9c8aa49f55c5,2008,completed,0.4622451597059561,0.46751204932276574,
single_objective_tpe-rep-11,single_objective_tpe,11.0,f4e74dfdc8a6a64c464b7c34b0c20ed414542415c29a97d7b93b9c8aa49f55c5,2009,completed,0.47790533545939184,0.47128275036058004,
single_objective_tpe-rep-11,single_objective_tpe,11.0,f4e74dfdc8a6a64c464b7c34b0c20ed414542415c29a97d7b93b9c8aa49f55c5,2010,completed,0.4682068830643826,0.46982910081359897,
single_objective_tpe-rep-11,single_objective_tpe,11.0,f4e74dfdc8a6a64c464b7c34b0c20ed414542415c29a97d7b93b9c8aa49f55c5,2011,completed,0.47282052258838014,0.46877519869071205,
single_objective_tpe-rep-11,single_objective_tpe,11.0,f4e74dfdc8a6a64c464b7c34b0c20ed414542415c29a97d7b93b9c8aa49f55c5,2012,completed,0.4754762042246504,0.46615241097105603,
single_objective_tpe-rep-11,single_objective_tpe,11.0,f4e74dfdc8a6a64c464b7c34b0c20ed414542415c29a97d7b93b9c8aa49f55c5,2013,completed,0.47613284945619183,0.4697290790004638,
single_objective_tpe-rep-11,single_objective_tpe,11.0,f4e74dfdc8a6a64c464b7c34b0c20ed414542415c29a97d7b93b9c8aa49f55c5,2014,completed,0.4596904879827269,0.46234072897693645,
single_objective_tpe-rep-11,single_objective_tpe,11.0,f4e74dfdc8a6a64c464b7c34b0c20ed414542415c29a97d7b93b9c8aa49f55c5,2015,completed,0.457914609972824,0.4647796035433982,
single_objective_tpe-rep-11,single_objective_tpe,11.0,f4e74dfdc8a6a64c464b7c34b0c20ed414542415c29a97d7b93b9c8aa49f55c5,2016,completed,0.45948260045661055,0.46447411353743523,
single_objective_tpe-rep-11,single_objective_tpe,11.0,f4e74dfdc8a6a64c464b7c34b0c20ed414542415c29a97d7b93b9c8aa49f55c5,2017,completed,0.4663705923918702,0.46506497662839286,
single_objective_tpe-rep-11,single_objective_tpe,11.0,f4e74dfdc8a6a64c464b7c34b0c20ed414542415c29a97d7b93b9c8aa49f55c5,2018,completed,0.47240802562160666,0.4674994727069502,
single_objective_tpe-rep-11,single_objective_tpe,11.0,f4e74dfdc8a6a64c464b7c34b0c20ed414542415c29a97d7b93b9c8aa49f55c5,2019,completed,0.46820492891591475,0.4646173555690499,
single_objective_tpe-rep-11,single_objective_tpe,11.0,f4e74dfdc8a6a64c464b7c34b0c20ed414542415c29a97d7b93b9c8aa49f55c5,2020,completed,0.4656698094130227,0.46111565075540495,
constrained_tpe-rep-11,constrained_tpe,11.0,65f166bf3452f87ce9620b7d30ed5397e664dfcc89a38c8383eb413371b54a0d,2001,completed,0.47630363926355357,0.47256679269965773,
constrained_tpe-rep-11,constrained_tpe,11.0,65f166bf3452f87ce9620b7d30ed5397e664dfcc89a38c8383eb413371b54a0d,2002,completed,0.47998370228540854,0.46889888507594985,
constrained_tpe-rep-11,constrained_tpe,11.0,65f166bf3452f87ce9620b7d30ed5397e664dfcc89a38c8383eb413371b54a0d,2003,completed,0.4675826726140079,0.47610406865721966,
constrained_tpe-rep-11,constrained_tpe,11.0,65f166bf3452f87ce9620b7d30ed5397e664dfcc89a38c8383eb413371b54a0d,2004,completed,0.4749901695487999,0.47623202935952663,
constrained_tpe-rep-11,constrained_tpe,11.0,65f166bf3452f87ce9620b7d30ed5397e664dfcc89a38c8383eb413371b54a0d,2005,completed,0.46000825955360475,0.47403648170361934,
constrained_tpe-rep-11,constrained_tpe,11.0,65f166bf3452f87ce9620b7d30ed5397e664dfcc89a38c8383eb413371b54a0d,2006,completed,0.47109149844748943,0.47672062983293123,
constrained_tpe-rep-11,constrained_tpe,11.0,65f166bf3452f87ce9620b7d30ed5397e664dfcc89a38c8383eb413371b54a0d,2007,completed,0.4635648120027633,0.47219624615290756,
constrained_tpe-rep-11,constrained_tpe,11.0,65f166bf3452f87ce9620b7d30ed5397e664dfcc89a38c8383eb413371b54a0d,2008,completed,0.46987969855822004,0.47310114370940404,
constrained_tpe-rep-11,constrained_tpe,11.0,65f166bf3452f87ce9620b7d30ed5397e664dfcc89a38c8383eb413371b54a0d,2009,completed,0.4865958691948878,0.4786885317104794,
constrained_tpe-rep-11,constrained_tpe,11.0,65f166bf3452f87ce9620b7d30ed5397e664dfcc89a38c8383eb413371b54a0d,2010,completed,0.4795807671784478,0.479545314399413,
constrained_tpe-rep-11,constrained_tpe,11.0,65f166bf3452f87ce9620b7d30ed5397e664dfcc89a38c8383eb413371b54a0d,2011,completed,0.47656458800738744,0.4758826865028621,
constrained_tpe-rep-11,constrained_tpe,11.0,65f166bf3452f87ce9620b7d30ed5397e664dfcc89a38c8383eb413371b54a0d,2012,completed,0.4814728353969462,0.46904889688650514,
constrained_tpe-rep-11,constrained_tpe,11.0,65f166bf3452f87ce9620b7d30ed5397e664dfcc89a38c8383eb413371b54a0d,2013,completed,0.4806311823572589,0.47669430594611883,
constrained_tpe-rep-11,constrained_tpe,11.0,65f166bf3452f87ce9620b7d30ed5397e664dfcc89a38c8383eb413371b54a0d,2014,completed,0.46551400427005346,0.46920184231156536,
constrained_tpe-rep-11,constrained_tpe,11.0,65f166bf3452f87ce9620b7d30ed5397e664dfcc89a38c8383eb413371b54a0d,2015,completed,0.4621366304857232,0.4728437446864198,
constrained_tpe-rep-11,constrained_tpe,11.0,65f166bf3452f87ce9620b7d30ed5397e664dfcc89a38c8383eb413371b54a0d,2016,completed,0.46977965975398717,0.47217555294475333,
constrained_tpe-rep-11,constrained_tpe,11.0,65f166bf3452f87ce9620b7d30ed5397e664dfcc89a38c8383eb413371b54a0d,2017,completed,0.4739028830437899,0.4826798377315195,
constrained_tpe-rep-11,constrained_tpe,11.0,65f166bf3452f87ce9620b7d30ed5397e664dfcc89a38c8383eb413371b54a0d,2018,completed,0.48147421470460494,0.47554792746485974,
constrained_tpe-rep-11,constrained_tpe,11.0,65f166bf3452f87ce9620b7d30ed5397e664dfcc89a38c8383eb413371b54a0d,2019,completed,0.4750945707487952,0.4734089575325905,
constrained_tpe-rep-11,constrained_tpe,11.0,65f166bf3452f87ce9620b7d30ed5397e664dfcc89a38c8383eb413371b54a0d,2020,completed,0.48207817327843133,0.48182709091274195,
multi_objective_tpe-rep-11,multi_objective_tpe,11.0,45f8fd3181d3b4cf578c72b08fe2d877e75b77ccb8c38a8a283dd3c97504fccb,2001,completed,0.5009509753590354,0.5159753849631051,
multi_objective_tpe-rep-11,multi_objective_tpe,11.0,45f8fd3181d3b4cf578c72b08fe2d877e75b77ccb8c38a8a283dd3c97504fccb,2002,completed,0.5155785717059396,0.5150105235201985,
multi_objective_tpe-rep-11,multi_objective_tpe,11.0,45f8fd3181d3b4cf578c72b08fe2d877e75b77ccb8c38a8a283dd3c97504fccb,2003,completed,0.4910891084440921,0.5075686243229587,
multi_objective_tpe-rep-11,multi_objective_tpe,11.0,45f8fd3181d3b4cf578c72b08fe2d877e75b77ccb8c38a8a283dd3c97504fccb,2004,completed,0.5014442358098053,0.5091198188638345,
multi_objective_tpe-rep-11,multi_objective_tpe,11.0,45f8fd3181d3b4cf578c72b08fe2d877e75b77ccb8c38a8a283dd3c97504fccb,2005,completed,0.4884536090426347,0.5064628943937824,
multi_objective_tpe-rep-11,multi_objective_tpe,11.0,45f8fd3181d3b4cf578c72b08fe2d877e75b77ccb8c38a8a283dd3c97504fccb,2006,completed,0.49719013042674004,0.5078477100122597,
multi_objective_tpe-rep-11,multi_objective_tpe,11.0,45f8fd3181d3b4cf578c72b08fe2d877e75b77ccb8c38a8a283dd3c97504fccb,2007,completed,0.4888990028143695,0.5014809143300013,
multi_objective_tpe-rep-11,multi_objective_tpe,11.0,45f8fd3181d3b4cf578c72b08fe2d877e75b77ccb8c38a8a283dd3c97504fccb,2008,completed,0.5012789081769987,0.5060418219449679,
multi_objective_tpe-rep-11,multi_objective_tpe,11.0,45f8fd3181d3b4cf578c72b08fe2d877e75b77ccb8c38a8a283dd3c97504fccb,2009,completed,0.5100813461853724,0.5038659468824646,
multi_objective_tpe-rep-11,multi_objective_tpe,11.0,45f8fd3181d3b4cf578c72b08fe2d877e75b77ccb8c38a8a283dd3c97504fccb,2010,completed,0.501197312593687,0.507622144094848,
multi_objective_tpe-rep-11,multi_objective_tpe,11.0,45f8fd3181d3b4cf578c72b08fe2d877e75b77ccb8c38a8a283dd3c97504fccb,2011,completed,0.4937007000080384,0.5077094485064897,
multi_objective_tpe-rep-11,multi_objective_tpe,11.0,45f8fd3181d3b4cf578c72b08fe2d877e75b77ccb8c38a8a283dd3c97504fccb,2012,completed,0.5106720014661384,0.5070013390853334,
multi_objective_tpe-rep-11,multi_objective_tpe,11.0,45f8fd3181d3b4cf578c72b08fe2d877e75b77ccb8c38a8a283dd3c97504fccb,2013,completed,0.5062635401646226,0.5079927649912338,
multi_objective_tpe-rep-11,multi_objective_tpe,11.0,45f8fd3181d3b4cf578c72b08fe2d877e75b77ccb8c38a8a283dd3c97504fccb,2014,completed,0.48874233984768034,0.5021562113262478,
multi_objective_tpe-rep-11,multi_objective_tpe,11.0,45f8fd3181d3b4cf578c72b08fe2d877e75b77ccb8c38a8a283dd3c97504fccb,2015,completed,0.48880085989455396,0.5037991466941367,
multi_objective_tpe-rep-11,multi_objective_tpe,11.0,45f8fd3181d3b4cf578c72b08fe2d877e75b77ccb8c38a8a283dd3c97504fccb,2016,completed,0.49824054834736103,0.5077142404743858,
multi_objective_tpe-rep-11,multi_objective_tpe,11.0,45f8fd3181d3b4cf578c72b08fe2d877e75b77ccb8c38a8a283dd3c97504fccb,2017,completed,0.5041025740835421,0.5071672599072405,
multi_objective_tpe-rep-11,multi_objective_tpe,11.0,45f8fd3181d3b4cf578c72b08fe2d877e75b77ccb8c38a8a283dd3c97504fccb,2018,completed,0.5044082855848577,0.5023503293978487,
multi_objective_tpe-rep-11,multi_objective_tpe,11.0,45f8fd3181d3b4cf578c72b08fe2d877e75b77ccb8c38a8a283dd3c97504fccb,2019,completed,0.4935293810421862,0.4977757115336228,
multi_objective_tpe-rep-11,multi_objective_tpe,11.0,45f8fd3181d3b4cf578c72b08fe2d877e75b77ccb8c38a8a283dd3c97504fccb,2020,completed,0.5029588031763761,0.508605256968608,
random_search-rep-12,random_search,12.0,9c1d1acfec560d7feda8ab6c712af3d9eebe88bed8f3a50190d2b40d32c57435,2001,completed,0.4657637648966933,0.46365689694508133,
random_search-rep-12,random_search,12.0,9c1d1acfec560d7feda8ab6c712af3d9eebe88bed8f3a50190d2b40d32c57435,2002,completed,0.48034780028869023,0.46370686143277223,
random_search-rep-12,random_search,12.0,9c1d1acfec560d7feda8ab6c712af3d9eebe88bed8f3a50190d2b40d32c57435,2003,completed,0.46000168872930913,0.4650124591244089,
random_search-rep-12,random_search,12.0,9c1d1acfec560d7feda8ab6c712af3d9eebe88bed8f3a50190d2b40d32c57435,2004,completed,0.46489042954168364,0.46752660192641216,
random_search-rep-12,random_search,12.0,9c1d1acfec560d7feda8ab6c712af3d9eebe88bed8f3a50190d2b40d32c57435,2005,completed,0.46408331940032643,0.47301461596500277,
random_search-rep-12,random_search,12.0,9c1d1acfec560d7feda8ab6c712af3d9eebe88bed8f3a50190d2b40d32c57435,2006,completed,0.47018270280560287,0.4670379422745501,
random_search-rep-12,random_search,12.0,9c1d1acfec560d7feda8ab6c712af3d9eebe88bed8f3a50190d2b40d32c57435,2007,completed,0.46308593000028214,0.46800998030161706,
random_search-rep-12,random_search,12.0,9c1d1acfec560d7feda8ab6c712af3d9eebe88bed8f3a50190d2b40d32c57435,2008,completed,0.4620083628309585,0.46677391077894376,
random_search-rep-12,random_search,12.0,9c1d1acfec560d7feda8ab6c712af3d9eebe88bed8f3a50190d2b40d32c57435,2009,completed,0.4805454704315586,0.4701957302626742,
random_search-rep-12,random_search,12.0,9c1d1acfec560d7feda8ab6c712af3d9eebe88bed8f3a50190d2b40d32c57435,2010,completed,0.47167668879009983,0.4731304678127478,
random_search-rep-12,random_search,12.0,9c1d1acfec560d7feda8ab6c712af3d9eebe88bed8f3a50190d2b40d32c57435,2011,completed,0.46824901244309197,0.4732427144735925,
random_search-rep-12,random_search,12.0,9c1d1acfec560d7feda8ab6c712af3d9eebe88bed8f3a50190d2b40d32c57435,2012,completed,0.4734776133644418,0.46728302930682497,
random_search-rep-12,random_search,12.0,9c1d1acfec560d7feda8ab6c712af3d9eebe88bed8f3a50190d2b40d32c57435,2013,completed,0.47423254744352966,0.47121193668319306,
random_search-rep-12,random_search,12.0,9c1d1acfec560d7feda8ab6c712af3d9eebe88bed8f3a50190d2b40d32c57435,2014,completed,0.4635246235813978,0.4638633595320859,
random_search-rep-12,random_search,12.0,9c1d1acfec560d7feda8ab6c712af3d9eebe88bed8f3a50190d2b40d32c57435,2015,completed,0.458809582726911,0.46703961128882326,
random_search-rep-12,random_search,12.0,9c1d1acfec560d7feda8ab6c712af3d9eebe88bed8f3a50190d2b40d32c57435,2016,completed,0.46070469728239594,0.4675078004151381,
random_search-rep-12,random_search,12.0,9c1d1acfec560d7feda8ab6c712af3d9eebe88bed8f3a50190d2b40d32c57435,2017,completed,0.46889865425928606,0.4682636372442071,
random_search-rep-12,random_search,12.0,9c1d1acfec560d7feda8ab6c712af3d9eebe88bed8f3a50190d2b40d32c57435,2018,completed,0.47304952722026555,0.4686200895966365,
random_search-rep-12,random_search,12.0,9c1d1acfec560d7feda8ab6c712af3d9eebe88bed8f3a50190d2b40d32c57435,2019,completed,0.46904078687892564,0.4684776122738357,
random_search-rep-12,random_search,12.0,9c1d1acfec560d7feda8ab6c712af3d9eebe88bed8f3a50190d2b40d32c57435,2020,completed,0.46628626457737565,0.46670154884128673,
single_objective_tpe-rep-12,single_objective_tpe,12.0,1320169215faffc0d54d28c1e81c528602d26af0515d09de45819dcde27c3150,2001,completed,0.4717419275128951,0.46433895885326887,
single_objective_tpe-rep-12,single_objective_tpe,12.0,1320169215faffc0d54d28c1e81c528602d26af0515d09de45819dcde27c3150,2002,completed,0.482154539776367,0.47363554418011916,
single_objective_tpe-rep-12,single_objective_tpe,12.0,1320169215faffc0d54d28c1e81c528602d26af0515d09de45819dcde27c3150,2003,completed,0.4605763087125321,0.4684639932852955,
single_objective_tpe-rep-12,single_objective_tpe,12.0,1320169215faffc0d54d28c1e81c528602d26af0515d09de45819dcde27c3150,2004,completed,0.4655370321520722,0.4620965596497705,
single_objective_tpe-rep-12,single_objective_tpe,12.0,1320169215faffc0d54d28c1e81c528602d26af0515d09de45819dcde27c3150,2005,completed,0.45695057282368723,0.47230747595512523,
single_objective_tpe-rep-12,single_objective_tpe,12.0,1320169215faffc0d54d28c1e81c528602d26af0515d09de45819dcde27c3150,2006,completed,0.47264621371505,0.4756121490132105,
single_objective_tpe-rep-12,single_objective_tpe,12.0,1320169215faffc0d54d28c1e81c528602d26af0515d09de45819dcde27c3150,2007,completed,0.4575851462802738,0.4658885903909308,
single_objective_tpe-rep-12,single_objective_tpe,12.0,1320169215faffc0d54d28c1e81c528602d26af0515d09de45819dcde27c3150,2008,completed,0.4671062252405806,0.46970592431131486,
single_objective_tpe-rep-12,single_objective_tpe,12.0,1320169215faffc0d54d28c1e81c528602d26af0515d09de45819dcde27c3150,2009,completed,0.4799741447047924,0.4752492790584677,
single_objective_tpe-rep-12,single_objective_tpe,12.0,1320169215faffc0d54d28c1e81c528602d26af0515d09de45819dcde27c3150,2010,completed,0.46967602520792856,0.4710903184379648,
single_objective_tpe-rep-12,single_objective_tpe,12.0,1320169215faffc0d54d28c1e81c528602d26af0515d09de45819dcde27c3150,2011,completed,0.4713228591069057,0.4693615026631468,
single_objective_tpe-rep-12,single_objective_tpe,12.0,1320169215faffc0d54d28c1e81c528602d26af0515d09de45819dcde27c3150,2012,completed,0.47387054188903116,0.466383880827671,
single_objective_tpe-rep-12,single_objective_tpe,12.0,1320169215faffc0d54d28c1e81c528602d26af0515d09de45819dcde27c3150,2013,completed,0.47547195179061247,0.47417050912368996,
single_objective_tpe-rep-12,single_objective_tpe,12.0,1320169215faffc0d54d28c1e81c528602d26af0515d09de45819dcde27c3150,2014,completed,0.4580773995368843,0.46552866746144456,
single_objective_tpe-rep-12,single_objective_tpe,12.0,1320169215faffc0d54d28c1e81c528602d26af0515d09de45819dcde27c3150,2015,completed,0.46128183879810686,0.46892667759439693,
single_objective_tpe-rep-12,single_objective_tpe,12.0,1320169215faffc0d54d28c1e81c528602d26af0515d09de45819dcde27c3150,2016,completed,0.458327455173864,0.47207589714155107,
single_objective_tpe-rep-12,single_objective_tpe,12.0,1320169215faffc0d54d28c1e81c528602d26af0515d09de45819dcde27c3150,2017,completed,0.46983142199333594,0.4726705247044956,
single_objective_tpe-rep-12,single_objective_tpe,12.0,1320169215faffc0d54d28c1e81c528602d26af0515d09de45819dcde27c3150,2018,completed,0.47424737502817954,0.4694788435898573,
single_objective_tpe-rep-12,single_objective_tpe,12.0,1320169215faffc0d54d28c1e81c528602d26af0515d09de45819dcde27c3150,2019,completed,0.4723247497259287,0.4721681962533393,
single_objective_tpe-rep-12,single_objective_tpe,12.0,1320169215faffc0d54d28c1e81c528602d26af0515d09de45819dcde27c3150,2020,completed,0.46867645083126175,0.4644689661451846,
constrained_tpe-rep-12,constrained_tpe,12.0,3a0c4b4f41cf5503ed23861331eb703122314e1f2ee7f67920bd2665b1239e6b,2001,completed,0.4671832338240876,0.4626552130955072,
constrained_tpe-rep-12,constrained_tpe,12.0,3a0c4b4f41cf5503ed23861331eb703122314e1f2ee7f67920bd2665b1239e6b,2002,completed,0.48105409359879336,0.465523426658361,
constrained_tpe-rep-12,constrained_tpe,12.0,3a0c4b4f41cf5503ed23861331eb703122314e1f2ee7f67920bd2665b1239e6b,2003,completed,0.4612715309385166,0.4675340982193042,
constrained_tpe-rep-12,constrained_tpe,12.0,3a0c4b4f41cf5503ed23861331eb703122314e1f2ee7f67920bd2665b1239e6b,2004,completed,0.4701117900920463,0.47199626857337795,
constrained_tpe-rep-12,constrained_tpe,12.0,3a0c4b4f41cf5503ed23861331eb703122314e1f2ee7f67920bd2665b1239e6b,2005,completed,0.4606069698983049,0.47161465024143784,
constrained_tpe-rep-12,constrained_tpe,12.0,3a0c4b4f41cf5503ed23861331eb703122314e1f2ee7f67920bd2665b1239e6b,2006,completed,0.46900910872123014,0.47003116633531017,
constrained_tpe-rep-12,constrained_tpe,12.0,3a0c4b4f41cf5503ed23861331eb703122314e1f2ee7f67920bd2665b1239e6b,2007,completed,0.4688428908611022,0.46639235063821616,
constrained_tpe-rep-12,constrained_tpe,12.0,3a0c4b4f41cf5503ed23861331eb703122314e1f2ee7f67920bd2665b1239e6b,2008,completed,0.4686219579158286,0.46736525215092223,
constrained_tpe-rep-12,constrained_tpe,12.0,3a0c4b4f41cf5503ed23861331eb703122314e1f2ee7f67920bd2665b1239e6b,2009,completed,0.4831673707900799,0.4744270445705551,
constrained_tpe-rep-12,constrained_tpe,12.0,3a0c4b4f41cf5503ed23861331eb703122314e1f2ee7f67920bd2665b1239e6b,2010,completed,0.4679512786416329,0.4705776017958722,
constrained_tpe-rep-12,constrained_tpe,12.0,3a0c4b4f41cf5503ed23861331eb703122314e1f2ee7f67920bd2665b1239e6b,2011,completed,0.47311614832174026,0.47015665312421245,
constrained_tpe-rep-12,constrained_tpe,12.0,3a0c4b4f41cf5503ed23861331eb703122314e1f2ee7f67920bd2665b1239e6b,2012,completed,0.4819306465191103,0.46671655160940223,
constrained_tpe-rep-12,constrained_tpe,12.0,3a0c4b4f41cf5503ed23861331eb703122314e1f2ee7f67920bd2665b1239e6b,2013,completed,0.4742075128207112,0.47301589276866846,
constrained_tpe-rep-12,constrained_tpe,12.0,3a0c4b4f41cf5503ed23861331eb703122314e1f2ee7f67920bd2665b1239e6b,2014,completed,0.46196538590402425,0.47208971694842045,
constrained_tpe-rep-12,constrained_tpe,12.0,3a0c4b4f41cf5503ed23861331eb703122314e1f2ee7f67920bd2665b1239e6b,2015,completed,0.4582832495886973,0.46982712854399955,
constrained_tpe-rep-12,constrained_tpe,12.0,3a0c4b4f41cf5503ed23861331eb703122314e1f2ee7f67920bd2665b1239e6b,2016,completed,0.46155170642413856,0.46917442679465776,
constrained_tpe-rep-12,constrained_tpe,12.0,3a0c4b4f41cf5503ed23861331eb703122314e1f2ee7f67920bd2665b1239e6b,2017,completed,0.4702725716236508,0.4700113284208964,
constrained_tpe-rep-12,constrained_tpe,12.0,3a0c4b4f41cf5503ed23861331eb703122314e1f2ee7f67920bd2665b1239e6b,2018,completed,0.4785834691231479,0.47450357937266563,
constrained_tpe-rep-12,constrained_tpe,12.0,3a0c4b4f41cf5503ed23861331eb703122314e1f2ee7f67920bd2665b1239e6b,2019,completed,0.46680164194154045,0.47000609067565613,
constrained_tpe-rep-12,constrained_tpe,12.0,3a0c4b4f41cf5503ed23861331eb703122314e1f2ee7f67920bd2665b1239e6b,2020,completed,0.47053064101802455,0.47329252648122183,
multi_objective_tpe-rep-12,multi_objective_tpe,12.0,97c540ba022810d3326993de84253a6b8a8e999e6a139d4500a77d226750775f,2001,completed,0.485732530666206,0.4923790143608881,
multi_objective_tpe-rep-12,multi_objective_tpe,12.0,97c540ba022810d3326993de84253a6b8a8e999e6a139d4500a77d226750775f,2002,completed,0.49457464946771373,0.4895681347128829,
multi_objective_tpe-rep-12,multi_objective_tpe,12.0,97c540ba022810d3326993de84253a6b8a8e999e6a139d4500a77d226750775f,2003,completed,0.4757867794109858,0.4875932328220042,
multi_objective_tpe-rep-12,multi_objective_tpe,12.0,97c540ba022810d3326993de84253a6b8a8e999e6a139d4500a77d226750775f,2004,completed,0.4852379902541642,0.4857215921198891,
multi_objective_tpe-rep-12,multi_objective_tpe,12.0,97c540ba022810d3326993de84253a6b8a8e999e6a139d4500a77d226750775f,2005,completed,0.4690049429620277,0.48836425377083115,
multi_objective_tpe-rep-12,multi_objective_tpe,12.0,97c540ba022810d3326993de84253a6b8a8e999e6a139d4500a77d226750775f,2006,completed,0.48025459096358836,0.48719296128859374,
multi_objective_tpe-rep-12,multi_objective_tpe,12.0,97c540ba022810d3326993de84253a6b8a8e999e6a139d4500a77d226750775f,2007,completed,0.47763659875111364,0.48988839167728215,
multi_objective_tpe-rep-12,multi_objective_tpe,12.0,97c540ba022810d3326993de84253a6b8a8e999e6a139d4500a77d226750775f,2008,completed,0.4835621866401874,0.4858939290175604,
multi_objective_tpe-rep-12,multi_objective_tpe,12.0,97c540ba022810d3326993de84253a6b8a8e999e6a139d4500a77d226750775f,2009,completed,0.49544068285546283,0.4913895306748722,
multi_objective_tpe-rep-12,multi_objective_tpe,12.0,97c540ba022810d3326993de84253a6b8a8e999e6a139d4500a77d226750775f,2010,completed,0.48494737180361197,0.4903184612204657,
multi_objective_tpe-rep-12,multi_objective_tpe,12.0,97c540ba022810d3326993de84253a6b8a8e999e6a139d4500a77d226750775f,2011,completed,0.48463149401986383,0.4934695379595539,
multi_objective_tpe-rep-12,multi_objective_tpe,12.0,97c540ba022810d3326993de84253a6b8a8e999e6a139d4500a77d226750775f,2012,completed,0.4943061254348778,0.4870145294239476,
multi_objective_tpe-rep-12,multi_objective_tpe,12.0,97c540ba022810d3326993de84253a6b8a8e999e6a139d4500a77d226750775f,2013,completed,0.48944026441776056,0.4937281553886549,
multi_objective_tpe-rep-12,multi_objective_tpe,12.0,97c540ba022810d3326993de84253a6b8a8e999e6a139d4500a77d226750775f,2014,completed,0.47543261210277826,0.4837052319848201,
multi_objective_tpe-rep-12,multi_objective_tpe,12.0,97c540ba022810d3326993de84253a6b8a8e999e6a139d4500a77d226750775f,2015,completed,0.48051768557726554,0.48974697993444954,
multi_objective_tpe-rep-12,multi_objective_tpe,12.0,97c540ba022810d3326993de84253a6b8a8e999e6a139d4500a77d226750775f,2016,completed,0.48138455059966445,0.4911260634447082,
multi_objective_tpe-rep-12,multi_objective_tpe,12.0,97c540ba022810d3326993de84253a6b8a8e999e6a139d4500a77d226750775f,2017,completed,0.48920496217846793,0.49024511342827115,
multi_objective_tpe-rep-12,multi_objective_tpe,12.0,97c540ba022810d3326993de84253a6b8a8e999e6a139d4500a77d226750775f,2018,completed,0.49553082067532944,0.48578120355210136,
multi_objective_tpe-rep-12,multi_objective_tpe,12.0,97c540ba022810d3326993de84253a6b8a8e999e6a139d4500a77d226750775f,2019,completed,0.4797112039949506,0.49080760724530337,
multi_objective_tpe-rep-12,multi_objective_tpe,12.0,97c540ba022810d3326993de84253a6b8a8e999e6a139d4500a77d226750775f,2020,completed,0.4857180283587219,0.48929602668003225,
random_search-rep-13,random_search,13.0,b22e021c54ce41830d03567cb1342bfa26dc3372dd0cff82f4de34f53e67d4cf,2001,completed,0.46827277725511485,0.4684684392657206,
random_search-rep-13,random_search,13.0,b22e021c54ce41830d03567cb1342bfa26dc3372dd0cff82f4de34f53e67d4cf,2002,completed,0.479483278734185,0.4713095300187145,
random_search-rep-13,random_search,13.0,b22e021c54ce41830d03567cb1342bfa26dc3372dd0cff82f4de34f53e67d4cf,2003,completed,0.45927974492663387,0.4658433235636054,
random_search-rep-13,random_search,13.0,b22e021c54ce41830d03567cb1342bfa26dc3372dd0cff82f4de34f53e67d4cf,2004,completed,0.46765584565667023,0.4684386192112548,
random_search-rep-13,random_search,13.0,b22e021c54ce41830d03567cb1342bfa26dc3372dd0cff82f4de34f53e67d4cf,2005,completed,0.4543085650729999,0.47083582948372465,
random_search-rep-13,random_search,13.0,b22e021c54ce41830d03567cb1342bfa26dc3372dd0cff82f4de34f53e67d4cf,2006,completed,0.46911270655575504,0.4730764210952076,
random_search-rep-13,random_search,13.0,b22e021c54ce41830d03567cb1342bfa26dc3372dd0cff82f4de34f53e67d4cf,2007,completed,0.4615824185296692,0.46964457486463423,
random_search-rep-13,random_search,13.0,b22e021c54ce41830d03567cb1342bfa26dc3372dd0cff82f4de34f53e67d4cf,2008,completed,0.4699431578295744,0.4725004168804477,
random_search-rep-13,random_search,13.0,b22e021c54ce41830d03567cb1342bfa26dc3372dd0cff82f4de34f53e67d4cf,2009,completed,0.4812502843231924,0.47237074520273686,
random_search-rep-13,random_search,13.0,b22e021c54ce41830d03567cb1342bfa26dc3372dd0cff82f4de34f53e67d4cf,2010,completed,0.47694141388644123,0.47530578583311617,
random_search-rep-13,random_search,13.0,b22e021c54ce41830d03567cb1342bfa26dc3372dd0cff82f4de34f53e67d4cf,2011,completed,0.4732999530905281,0.4715588430559195,
random_search-rep-13,random_search,13.0,b22e021c54ce41830d03567cb1342bfa26dc3372dd0cff82f4de34f53e67d4cf,2012,completed,0.47309147950757663,0.46347958576878295,
random_search-rep-13,random_search,13.0,b22e021c54ce41830d03567cb1342bfa26dc3372dd0cff82f4de34f53e67d4cf,2013,completed,0.47188795318666005,0.4736029468122681,
random_search-rep-13,random_search,13.0,b22e021c54ce41830d03567cb1342bfa26dc3372dd0cff82f4de34f53e67d4cf,2014,completed,0.46168212892288796,0.46648927874319623,
random_search-rep-13,random_search,13.0,b22e021c54ce41830d03567cb1342bfa26dc3372dd0cff82f4de34f53e67d4cf,2015,completed,0.4585125223748691,0.472460177789224,
random_search-rep-13,random_search,13.0,b22e021c54ce41830d03567cb1342bfa26dc3372dd0cff82f4de34f53e67d4cf,2016,completed,0.45934338245411543,0.4667671072418684,
random_search-rep-13,random_search,13.0,b22e021c54ce41830d03567cb1342bfa26dc3372dd0cff82f4de34f53e67d4cf,2017,completed,0.47314463278774577,0.47096302633894843,
random_search-rep-13,random_search,13.0,b22e021c54ce41830d03567cb1342bfa26dc3372dd0cff82f4de34f53e67d4cf,2018,completed,0.47420680009222943,0.469355738270388,
random_search-rep-13,random_search,13.0,b22e021c54ce41830d03567cb1342bfa26dc3372dd0cff82f4de34f53e67d4cf,2019,completed,0.46959999915729445,0.4678281279568932,
random_search-rep-13,random_search,13.0,b22e021c54ce41830d03567cb1342bfa26dc3372dd0cff82f4de34f53e67d4cf,2020,completed,0.46726174789686115,0.464939959182211,
single_objective_tpe-rep-13,single_objective_tpe,13.0,476a38f65412ec7c13e7fdc7043985a818bbab2c11cfe306294374705822fc26,2001,completed,0.46980623618170836,0.4646641836293473,
single_objective_tpe-rep-13,single_objective_tpe,13.0,476a38f65412ec7c13e7fdc7043985a818bbab2c11cfe306294374705822fc26,2002,completed,0.4787986515242079,0.4643084228421467,
single_objective_tpe-rep-13,single_objective_tpe,13.0,476a38f65412ec7c13e7fdc7043985a818bbab2c11cfe306294374705822fc26,2003,completed,0.4618243231042747,0.4636079961253326,
single_objective_tpe-rep-13,single_objective_tpe,13.0,476a38f65412ec7c13e7fdc7043985a818bbab2c11cfe306294374705822fc26,2004,completed,0.4644879883919563,0.4615505269676407,
single_objective_tpe-rep-13,single_objective_tpe,13.0,476a38f65412ec7c13e7fdc7043985a818bbab2c11cfe306294374705822fc26,2005,completed,0.45813736153730067,0.4670630089649512,
single_objective_tpe-rep-13,single_objective_tpe,13.0,476a38f65412ec7c13e7fdc7043985a818bbab2c11cfe306294374705822fc26,2006,completed,0.4682988458033202,0.4665704508068142,
single_objective_tpe-rep-13,single_objective_tpe,13.0,476a38f65412ec7c13e7fdc7043985a818bbab2c11cfe306294374705822fc26,2007,completed,0.4582192745720893,0.46376846351702106,
single_objective_tpe-rep-13,single_objective_tpe,13.0,476a38f65412ec7c13e7fdc7043985a818bbab2c11cfe306294374705822fc26,2008,completed,0.46550783942450674,0.4631693781164436,
single_objective_tpe-rep-13,single_objective_tpe,13.0,476a38f65412ec7c13e7fdc7043985a818bbab2c11cfe306294374705822fc26,2009,completed,0.4779213591058675,0.46879533290210795,
single_objective_tpe-rep-13,single_objective_tpe,13.0,476a38f65412ec7c13e7fdc7043985a818bbab2c11cfe306294374705822fc26,2010,completed,0.4719028603953304,0.4724709455123581,
single_objective_tpe-rep-13,single_objective_tpe,13.0,476a38f65412ec7c13e7fdc7043985a818bbab2c11cfe306294374705822fc26,2011,completed,0.4726376487616509,0.4732638074581158,
single_objective_tpe-rep-13,single_objective_tpe,13.0,476a38f65412ec7c13e7fdc7043985a818bbab2c11cfe306294374705822fc26,2012,completed,0.4734663652684734,0.46649359479786257,
single_objective_tpe-rep-13,single_objective_tpe,13.0,476a38f65412ec7c13e7fdc7043985a818bbab2c11cfe306294374705822fc26,2013,completed,0.473252479124737,0.4672876331611209,
single_objective_tpe-rep-13,single_objective_tpe,13.0,476a38f65412ec7c13e7fdc7043985a818bbab2c11cfe306294374705822fc26,2014,completed,0.46212929599444535,0.46757266310455764,
single_objective_tpe-rep-13,single_objective_tpe,13.0,476a38f65412ec7c13e7fdc7043985a818bbab2c11cfe306294374705822fc26,2015,completed,0.4563713327298358,0.46264711255430624,
single_objective_tpe-rep-13,single_objective_tpe,13.0,476a38f65412ec7c13e7fdc7043985a818bbab2c11cfe306294374705822fc26,2016,completed,0.4579685738322454,0.4660493944594352,
single_objective_tpe-rep-13,single_objective_tpe,13.0,476a38f65412ec7c13e7fdc7043985a818bbab2c11cfe306294374705822fc26,2017,completed,0.4707174518289186,0.4653123940261556,
single_objective_tpe-rep-13,single_objective_tpe,13.0,476a38f65412ec7c13e7fdc7043985a818bbab2c11cfe306294374705822fc26,2018,completed,0.47013371488660527,0.4650176507950037,
single_objective_tpe-rep-13,single_objective_tpe,13.0,476a38f65412ec7c13e7fdc7043985a818bbab2c11cfe306294374705822fc26,2019,completed,0.4714682791059854,0.46476980148467756,
single_objective_tpe-rep-13,single_objective_tpe,13.0,476a38f65412ec7c13e7fdc7043985a818bbab2c11cfe306294374705822fc26,2020,completed,0.46353723082534454,0.4649795849812636,
constrained_tpe-rep-13,constrained_tpe,13.0,d60b9c1a4aa9fa3e04c00861ca49bf0aa4d54537bd1358589d0ed7803256fda3,2001,completed,0.46987882240633705,0.46295084313446416,
constrained_tpe-rep-13,constrained_tpe,13.0,d60b9c1a4aa9fa3e04c00861ca49bf0aa4d54537bd1358589d0ed7803256fda3,2002,completed,0.4808840085551036,0.4599807817626205,
constrained_tpe-rep-13,constrained_tpe,13.0,d60b9c1a4aa9fa3e04c00861ca49bf0aa4d54537bd1358589d0ed7803256fda3,2003,completed,0.4632896530197977,0.4605960990222885,
constrained_tpe-rep-13,constrained_tpe,13.0,d60b9c1a4aa9fa3e04c00861ca49bf0aa4d54537bd1358589d0ed7803256fda3,2004,completed,0.4695239660736132,0.46409981453081384,
constrained_tpe-rep-13,constrained_tpe,13.0,d60b9c1a4aa9fa3e04c00861ca49bf0aa4d54537bd1358589d0ed7803256fda3,2005,completed,0.4570884683344561,0.47095187291021734,
constrained_tpe-rep-13,constrained_tpe,13.0,d60b9c1a4aa9fa3e04c00861ca49bf0aa4d54537bd1358589d0ed7803256fda3,2006,completed,0.4664020237046559,0.4632532810959411,
constrained_tpe-rep-13,constrained_tpe,13.0,d60b9c1a4aa9fa3e04c00861ca49bf0aa4d54537bd1358589d0ed7803256fda3,2007,completed,0.45900557333037656,0.46222440815047017,
constrained_tpe-rep-13,constrained_tpe,13.0,d60b9c1a4aa9fa3e04c00861ca49bf0aa4d54537bd1358589d0ed7803256fda3,2008,completed,0.4608606807246537,0.4620611410574604,
constrained_tpe-rep-13,constrained_tpe,13.0,d60b9c1a4aa9fa3e04c00861ca49bf0aa4d54537bd1358589d0ed7803256fda3,2009,completed,0.4799162181767215,0.4721878207100538,
constrained_tpe-rep-13,constrained_tpe,13.0,d60b9c1a4aa9fa3e04c00861ca49bf0aa4d54537bd1358589d0ed7803256fda3,2010,completed,0.46899144407097193,0.47028592437115874,
constrained_tpe-rep-13,constrained_tpe,13.0,d60b9c1a4aa9fa3e04c00861ca49bf0aa4d54537bd1358589d0ed7803256fda3,2011,completed,0.46796569555031997,0.46842382894685786,
constrained_tpe-rep-13,constrained_tpe,13.0,d60b9c1a4aa9fa3e04c00861ca49bf0aa4d54537bd1358589d0ed7803256fda3,2012,completed,0.47693132960076234,0.46485962274842757,
constrained_tpe-rep-13,constrained_tpe,13.0,d60b9c1a4aa9fa3e04c00861ca49bf0aa4d54537bd1358589d0ed7803256fda3,2013,completed,0.47145959354243816,0.46912086698556027,
constrained_tpe-rep-13,constrained_tpe,13.0,d60b9c1a4aa9fa3e04c00861ca49bf0aa4d54537bd1358589d0ed7803256fda3,2014,completed,0.45814771409883925,0.4673370013235463,
constrained_tpe-rep-13,constrained_tpe,13.0,d60b9c1a4aa9fa3e04c00861ca49bf0aa4d54537bd1358589d0ed7803256fda3,2015,completed,0.459108132646938,0.46590369850046437,
constrained_tpe-rep-13,constrained_tpe,13.0,d60b9c1a4aa9fa3e04c00861ca49bf0aa4d54537bd1358589d0ed7803256fda3,2016,completed,0.45839709010771146,0.4620374563207561,
constrained_tpe-rep-13,constrained_tpe,13.0,d60b9c1a4aa9fa3e04c00861ca49bf0aa4d54537bd1358589d0ed7803256fda3,2017,completed,0.4727871779986505,0.4701594886982673,
constrained_tpe-rep-13,constrained_tpe,13.0,d60b9c1a4aa9fa3e04c00861ca49bf0aa4d54537bd1358589d0ed7803256fda3,2018,completed,0.4709755566446938,0.47096797059721,
constrained_tpe-rep-13,constrained_tpe,13.0,d60b9c1a4aa9fa3e04c00861ca49bf0aa4d54537bd1358589d0ed7803256fda3,2019,completed,0.4668775880015007,0.469661247605467,
constrained_tpe-rep-13,constrained_tpe,13.0,d60b9c1a4aa9fa3e04c00861ca49bf0aa4d54537bd1358589d0ed7803256fda3,2020,completed,0.46629760528935393,0.4693286186132724,
multi_objective_tpe-rep-13,multi_objective_tpe,13.0,14f78e4ce3980562f7a9eeb1ded28d92c2acea28eca11ccaee873a53ea28fcff,2001,completed,0.4827913955074666,0.4849665918577992,
multi_objective_tpe-rep-13,multi_objective_tpe,13.0,14f78e4ce3980562f7a9eeb1ded28d92c2acea28eca11ccaee873a53ea28fcff,2002,completed,0.4917907348909364,0.48862532456360047,
multi_objective_tpe-rep-13,multi_objective_tpe,13.0,14f78e4ce3980562f7a9eeb1ded28d92c2acea28eca11ccaee873a53ea28fcff,2003,completed,0.47531494297978083,0.48126585398451543,
multi_objective_tpe-rep-13,multi_objective_tpe,13.0,14f78e4ce3980562f7a9eeb1ded28d92c2acea28eca11ccaee873a53ea28fcff,2004,completed,0.48594630507730024,0.48639947134315775,
multi_objective_tpe-rep-13,multi_objective_tpe,13.0,14f78e4ce3980562f7a9eeb1ded28d92c2acea28eca11ccaee873a53ea28fcff,2005,completed,0.47015441746707637,0.4854678394564769,
multi_objective_tpe-rep-13,multi_objective_tpe,13.0,14f78e4ce3980562f7a9eeb1ded28d92c2acea28eca11ccaee873a53ea28fcff,2006,completed,0.4814832370748978,0.48530574069821003,
multi_objective_tpe-rep-13,multi_objective_tpe,13.0,14f78e4ce3980562f7a9eeb1ded28d92c2acea28eca11ccaee873a53ea28fcff,2007,completed,0.47963733439352146,0.49010741064632823,
multi_objective_tpe-rep-13,multi_objective_tpe,13.0,14f78e4ce3980562f7a9eeb1ded28d92c2acea28eca11ccaee873a53ea28fcff,2008,completed,0.4831286170800712,0.4828987715504648,
multi_objective_tpe-rep-13,multi_objective_tpe,13.0,14f78e4ce3980562f7a9eeb1ded28d92c2acea28eca11ccaee873a53ea28fcff,2009,completed,0.49574961325391925,0.4925982018796769,
multi_objective_tpe-rep-13,multi_objective_tpe,13.0,14f78e4ce3980562f7a9eeb1ded28d92c2acea28eca11ccaee873a53ea28fcff,2010,completed,0.4808156834201187,0.4898093606948299,
multi_objective_tpe-rep-13,multi_objective_tpe,13.0,14f78e4ce3980562f7a9eeb1ded28d92c2acea28eca11ccaee873a53ea28fcff,2011,completed,0.48234724665788836,0.4914123679899455,
multi_objective_tpe-rep-13,multi_objective_tpe,13.0,14f78e4ce3980562f7a9eeb1ded28d92c2acea28eca11ccaee873a53ea28fcff,2012,completed,0.49241389889749504,0.47985470779037487,
multi_objective_tpe-rep-13,multi_objective_tpe,13.0,14f78e4ce3980562f7a9eeb1ded28d92c2acea28eca11ccaee873a53ea28fcff,2013,completed,0.4877550708140213,0.4881331900276182,
multi_objective_tpe-rep-13,multi_objective_tpe,13.0,14f78e4ce3980562f7a9eeb1ded28d92c2acea28eca11ccaee873a53ea28fcff,2014,completed,0.4747405763240163,0.48426066083001607,
multi_objective_tpe-rep-13,multi_objective_tpe,13.0,14f78e4ce3980562f7a9eeb1ded28d92c2acea28eca11ccaee873a53ea28fcff,2015,completed,0.47414182780071007,0.4881150240799684,
multi_objective_tpe-rep-13,multi_objective_tpe,13.0,14f78e4ce3980562f7a9eeb1ded28d92c2acea28eca11ccaee873a53ea28fcff,2016,completed,0.4746256005295124,0.4824653896969247,
multi_objective_tpe-rep-13,multi_objective_tpe,13.0,14f78e4ce3980562f7a9eeb1ded28d92c2acea28eca11ccaee873a53ea28fcff,2017,completed,0.49280775307446895,0.48574374688082733,
multi_objective_tpe-rep-13,multi_objective_tpe,13.0,14f78e4ce3980562f7a9eeb1ded28d92c2acea28eca11ccaee873a53ea28fcff,2018,completed,0.4951895943517174,0.48818953434599077,
multi_objective_tpe-rep-13,multi_objective_tpe,13.0,14f78e4ce3980562f7a9eeb1ded28d92c2acea28eca11ccaee873a53ea28fcff,2019,completed,0.47554442714758327,0.4852506308124322,
multi_objective_tpe-rep-13,multi_objective_tpe,13.0,14f78e4ce3980562f7a9eeb1ded28d92c2acea28eca11ccaee873a53ea28fcff,2020,completed,0.4848395133564053,0.4867536282003291,
random_search-rep-14,random_search,14.0,82929656886d53c95b86fef77a918347b625faa029dd7b40ffa4d7d4b97cd3cb,2001,completed,0.47326935201787396,0.46557726253810644,
random_search-rep-14,random_search,14.0,82929656886d53c95b86fef77a918347b625faa029dd7b40ffa4d7d4b97cd3cb,2002,completed,0.48043473325473546,0.469918303497102,
random_search-rep-14,random_search,14.0,82929656886d53c95b86fef77a918347b625faa029dd7b40ffa4d7d4b97cd3cb,2003,completed,0.46521300199379895,0.47157377486112234,
random_search-rep-14,random_search,14.0,82929656886d53c95b86fef77a918347b625faa029dd7b40ffa4d7d4b97cd3cb,2004,completed,0.4700005318255462,0.47034344116130755,
random_search-rep-14,random_search,14.0,82929656886d53c95b86fef77a918347b625faa029dd7b40ffa4d7d4b97cd3cb,2005,completed,0.4601368558662011,0.4719035189673697,
random_search-rep-14,random_search,14.0,82929656886d53c95b86fef77a918347b625faa029dd7b40ffa4d7d4b97cd3cb,2006,completed,0.47459615647731584,0.47636620994339846,
random_search-rep-14,random_search,14.0,82929656886d53c95b86fef77a918347b625faa029dd7b40ffa4d7d4b97cd3cb,2007,completed,0.45982791704037523,0.46757536785760745,
random_search-rep-14,random_search,14.0,82929656886d53c95b86fef77a918347b625faa029dd7b40ffa4d7d4b97cd3cb,2008,completed,0.46564589390592614,0.47181026440198015,
random_search-rep-14,random_search,14.0,82929656886d53c95b86fef77a918347b625faa029dd7b40ffa4d7d4b97cd3cb,2009,completed,0.47947221496573555,0.4740713791310131,
random_search-rep-14,random_search,14.0,82929656886d53c95b86fef77a918347b625faa029dd7b40ffa4d7d4b97cd3cb,2010,completed,0.47156057208169017,0.47417764530888634,
random_search-rep-14,random_search,14.0,82929656886d53c95b86fef77a918347b625faa029dd7b40ffa4d7d4b97cd3cb,2011,completed,0.47091934626620946,0.4772740875131883,
random_search-rep-14,random_search,14.0,82929656886d53c95b86fef77a918347b625faa029dd7b40ffa4d7d4b97cd3cb,2012,completed,0.48123188993913507,0.47233501082254375,
random_search-rep-14,random_search,14.0,82929656886d53c95b86fef77a918347b625faa029dd7b40ffa4d7d4b97cd3cb,2013,completed,0.4783619188210608,0.4735840998228885,
random_search-rep-14,random_search,14.0,82929656886d53c95b86fef77a918347b625faa029dd7b40ffa4d7d4b97cd3cb,2014,completed,0.4639648591083164,0.47196157033418473,
random_search-rep-14,random_search,14.0,82929656886d53c95b86fef77a918347b625faa029dd7b40ffa4d7d4b97cd3cb,2015,completed,0.4613278243570468,0.47400829505734027,
random_search-rep-14,random_search,14.0,82929656886d53c95b86fef77a918347b625faa029dd7b40ffa4d7d4b97cd3cb,2016,completed,0.46233827900968344,0.4699674089869161,
random_search-rep-14,random_search,14.0,82929656886d53c95b86fef77a918347b625faa029dd7b40ffa4d7d4b97cd3cb,2017,completed,0.4746185196943764,0.4715609083893649,
random_search-rep-14,random_search,14.0,82929656886d53c95b86fef77a918347b625faa029dd7b40ffa4d7d4b97cd3cb,2018,completed,0.4793564521774169,0.4729680943868759,
random_search-rep-14,random_search,14.0,82929656886d53c95b86fef77a918347b625faa029dd7b40ffa4d7d4b97cd3cb,2019,completed,0.47427965111885867,0.47188977498543816,
random_search-rep-14,random_search,14.0,82929656886d53c95b86fef77a918347b625faa029dd7b40ffa4d7d4b97cd3cb,2020,completed,0.46602895712247683,0.47079379113959285,
single_objective_tpe-rep-14,single_objective_tpe,14.0,834a716f140edb9c79c8cda17d8c100ea0c1403cc354c4b469da27d6cd02dc6a,2001,completed,0.4676585662030739,0.4630375556572555,
single_objective_tpe-rep-14,single_objective_tpe,14.0,834a716f140edb9c79c8cda17d8c100ea0c1403cc354c4b469da27d6cd02dc6a,2002,completed,0.4819573059482096,0.46300052679109055,
single_objective_tpe-rep-14,single_objective_tpe,14.0,834a716f140edb9c79c8cda17d8c100ea0c1403cc354c4b469da27d6cd02dc6a,2003,completed,0.4575399946129138,0.4594735248604117,
single_objective_tpe-rep-14,single_objective_tpe,14.0,834a716f140edb9c79c8cda17d8c100ea0c1403cc354c4b469da27d6cd02dc6a,2004,completed,0.4633689823846786,0.4652012133853105,
single_objective_tpe-rep-14,single_objective_tpe,14.0,834a716f140edb9c79c8cda17d8c100ea0c1403cc354c4b469da27d6cd02dc6a,2005,completed,0.455231920034208,0.4688428362643227,
single_objective_tpe-rep-14,single_objective_tpe,14.0,834a716f140edb9c79c8cda17d8c100ea0c1403cc354c4b469da27d6cd02dc6a,2006,completed,0.47092202282804524,0.46559904783730793,
single_objective_tpe-rep-14,single_objective_tpe,14.0,834a716f140edb9c79c8cda17d8c100ea0c1403cc354c4b469da27d6cd02dc6a,2007,completed,0.46104647463063275,0.46552845932467046,
single_objective_tpe-rep-14,single_objective_tpe,14.0,834a716f140edb9c79c8cda17d8c100ea0c1403cc354c4b469da27d6cd02dc6a,2008,completed,0.46604363154590644,0.46161587952323035,
single_objective_tpe-rep-14,single_objective_tpe,14.0,834a716f140edb9c79c8cda17d8c100ea0c1403cc354c4b469da27d6cd02dc6a,2009,completed,0.48016437870228634,0.46658988222886155,
single_objective_tpe-rep-14,single_objective_tpe,14.0,834a716f140edb9c79c8cda17d8c100ea0c1403cc354c4b469da27d6cd02dc6a,2010,completed,0.47294304531469916,0.4714408151553781,
single_objective_tpe-rep-14,single_objective_tpe,14.0,834a716f140edb9c79c8cda17d8c100ea0c1403cc354c4b469da27d6cd02dc6a,2011,completed,0.472698004778039,0.46792803775848885,
single_objective_tpe-rep-14,single_objective_tpe,14.0,834a716f140edb9c79c8cda17d8c100ea0c1403cc354c4b469da27d6cd02dc6a,2012,completed,0.47781817548103067,0.4657969029348571,
single_objective_tpe-rep-14,single_objective_tpe,14.0,834a716f140edb9c79c8cda17d8c100ea0c1403cc354c4b469da27d6cd02dc6a,2013,completed,0.4721579890157939,0.4695813831448379,
single_objective_tpe-rep-14,single_objective_tpe,14.0,834a716f140edb9c79c8cda17d8c100ea0c1403cc354c4b469da27d6cd02dc6a,2014,completed,0.4602030370410901,0.46535411294975465,
single_objective_tpe-rep-14,single_objective_tpe,14.0,834a716f140edb9c79c8cda17d8c100ea0c1403cc354c4b469da27d6cd02dc6a,2015,completed,0.458319335749874,0.45945476908085897,
single_objective_tpe-rep-14,single_objective_tpe,14.0,834a716f140edb9c79c8cda17d8c100ea0c1403cc354c4b469da27d6cd02dc6a,2016,completed,0.45745510780379395,0.4638164869097024,
single_objective_tpe-rep-14,single_objective_tpe,14.0,834a716f140edb9c79c8cda17d8c100ea0c1403cc354c4b469da27d6cd02dc6a,2017,completed,0.4692335592211897,0.4661216153098014,
single_objective_tpe-rep-14,single_objective_tpe,14.0,834a716f140edb9c79c8cda17d8c100ea0c1403cc354c4b469da27d6cd02dc6a,2018,completed,0.47409206804472276,0.4668445991912662,
single_objective_tpe-rep-14,single_objective_tpe,14.0,834a716f140edb9c79c8cda17d8c100ea0c1403cc354c4b469da27d6cd02dc6a,2019,completed,0.46849733194083504,0.4654246246428402,
single_objective_tpe-rep-14,single_objective_tpe,14.0,834a716f140edb9c79c8cda17d8c100ea0c1403cc354c4b469da27d6cd02dc6a,2020,completed,0.460500242041632,0.4669900267087756,
constrained_tpe-rep-14,constrained_tpe,14.0,a83d932df4a4fc76efddca257e6bd4562582557dc901445873b6865132cf6ea3,2001,completed,0.47006541592306317,0.466938228846403,
constrained_tpe-rep-14,constrained_tpe,14.0,a83d932df4a4fc76efddca257e6bd4562582557dc901445873b6865132cf6ea3,2002,completed,0.4841407392900277,0.4680615313438367,
constrained_tpe-rep-14,constrained_tpe,14.0,a83d932df4a4fc76efddca257e6bd4562582557dc901445873b6865132cf6ea3,2003,completed,0.4612359738993033,0.4684754818017377,
constrained_tpe-rep-14,constrained_tpe,14.0,a83d932df4a4fc76efddca257e6bd4562582557dc901445873b6865132cf6ea3,2004,completed,0.47080453496368524,0.4706095184209684,
constrained_tpe-rep-14,constrained_tpe,14.0,a83d932df4a4fc76efddca257e6bd4562582557dc901445873b6865132cf6ea3,2005,completed,0.4567586921003682,0.4704168925206571,
constrained_tpe-rep-14,constrained_tpe,14.0,a83d932df4a4fc76efddca257e6bd4562582557dc901445873b6865132cf6ea3,2006,completed,0.47422827717591604,0.4720613303453317,
constrained_tpe-rep-14,constrained_tpe,14.0,a83d932df4a4fc76efddca257e6bd4562582557dc901445873b6865132cf6ea3,2007,completed,0.4660339200303503,0.46741895544565154,
constrained_tpe-rep-14,constrained_tpe,14.0,a83d932df4a4fc76efddca257e6bd4562582557dc901445873b6865132cf6ea3,2008,completed,0.469550003022031,0.46916033336219853,
constrained_tpe-rep-14,constrained_tpe,14.0,a83d932df4a4fc76efddca257e6bd4562582557dc901445873b6865132cf6ea3,2009,completed,0.483338742314218,0.4734287806346272,
constrained_tpe-rep-14,constrained_tpe,14.0,a83d932df4a4fc76efddca257e6bd4562582557dc901445873b6865132cf6ea3,2010,completed,0.47289348504642226,0.47127211998604623,
constrained_tpe-rep-14,constrained_tpe,14.0,a83d932df4a4fc76efddca257e6bd4562582557dc901445873b6865132cf6ea3,2011,completed,0.4696730927674636,0.46686561589270165,
constrained_tpe-rep-14,constrained_tpe,14.0,a83d932df4a4fc76efddca257e6bd4562582557dc901445873b6865132cf6ea3,2012,completed,0.483304863690753,0.47787874358483445,
constrained_tpe-rep-14,constrained_tpe,14.0,a83d932df4a4fc76efddca257e6bd4562582557dc901445873b6865132cf6ea3,2013,completed,0.48094070658072213,0.4757049999825666,
constrained_tpe-rep-14,constrained_tpe,14.0,a83d932df4a4fc76efddca257e6bd4562582557dc901445873b6865132cf6ea3,2014,completed,0.46174443375191915,0.46745246178297906,
constrained_tpe-rep-14,constrained_tpe,14.0,a83d932df4a4fc76efddca257e6bd4562582557dc901445873b6865132cf6ea3,2015,completed,0.46398838590812486,0.4687871966666924,
constrained_tpe-rep-14,constrained_tpe,14.0,a83d932df4a4fc76efddca257e6bd4562582557dc901445873b6865132cf6ea3,2016,completed,0.4653107601397319,0.4725586930041663,
constrained_tpe-rep-14,constrained_tpe,14.0,a83d932df4a4fc76efddca257e6bd4562582557dc901445873b6865132cf6ea3,2017,completed,0.47220763622188133,0.47473093984474596,
constrained_tpe-rep-14,constrained_tpe,14.0,a83d932df4a4fc76efddca257e6bd4562582557dc901445873b6865132cf6ea3,2018,completed,0.477211471744243,0.47420221878031665,
constrained_tpe-rep-14,constrained_tpe,14.0,a83d932df4a4fc76efddca257e6bd4562582557dc901445873b6865132cf6ea3,2019,completed,0.47391348574693026,0.4722922885384807,
constrained_tpe-rep-14,constrained_tpe,14.0,a83d932df4a4fc76efddca257e6bd4562582557dc901445873b6865132cf6ea3,2020,completed,0.4713355996981737,0.4718608347671109,
multi_objective_tpe-rep-14,multi_objective_tpe,14.0,0b23639e3d9ea51806854976ed0b7266926779236ed644be0e8a191abd5f1621,2001,completed,0.48582778100955837,0.4910802265099164,
multi_objective_tpe-rep-14,multi_objective_tpe,14.0,0b23639e3d9ea51806854976ed0b7266926779236ed644be0e8a191abd5f1621,2002,completed,0.49995814879889555,0.49734868297117923,
multi_objective_tpe-rep-14,multi_objective_tpe,14.0,0b23639e3d9ea51806854976ed0b7266926779236ed644be0e8a191abd5f1621,2003,completed,0.4795290300894477,0.4921816739541643,
multi_objective_tpe-rep-14,multi_objective_tpe,14.0,0b23639e3d9ea51806854976ed0b7266926779236ed644be0e8a191abd5f1621,2004,completed,0.4862013032490913,0.4962591831487021,
multi_objective_tpe-rep-14,multi_objective_tpe,14.0,0b23639e3d9ea51806854976ed0b7266926779236ed644be0e8a191abd5f1621,2005,completed,0.4759126530571923,0.4935739681722264,
multi_objective_tpe-rep-14,multi_objective_tpe,14.0,0b23639e3d9ea51806854976ed0b7266926779236ed644be0e8a191abd5f1621,2006,completed,0.4856549944315657,0.49324048217368116,
multi_objective_tpe-rep-14,multi_objective_tpe,14.0,0b23639e3d9ea51806854976ed0b7266926779236ed644be0e8a191abd5f1621,2007,completed,0.47613919810288685,0.4935014697172719,
multi_objective_tpe-rep-14,multi_objective_tpe,14.0,0b23639e3d9ea51806854976ed0b7266926779236ed644be0e8a191abd5f1621,2008,completed,0.4843105963515699,0.48541669136911925,
multi_objective_tpe-rep-14,multi_objective_tpe,14.0,0b23639e3d9ea51806854976ed0b7266926779236ed644be0e8a191abd5f1621,2009,completed,0.4963463565088447,0.49321358688661937,
multi_objective_tpe-rep-14,multi_objective_tpe,14.0,0b23639e3d9ea51806854976ed0b7266926779236ed644be0e8a191abd5f1621,2010,completed,0.49084389953148067,0.49758371132496326,
multi_objective_tpe-rep-14,multi_objective_tpe,14.0,0b23639e3d9ea51806854976ed0b7266926779236ed644be0e8a191abd5f1621,2011,completed,0.4834437695455501,0.49521958681078554,
multi_objective_tpe-rep-14,multi_objective_tpe,14.0,0b23639e3d9ea51806854976ed0b7266926779236ed644be0e8a191abd5f1621,2012,completed,0.49209673201853804,0.4896362477243554,
multi_objective_tpe-rep-14,multi_objective_tpe,14.0,0b23639e3d9ea51806854976ed0b7266926779236ed644be0e8a191abd5f1621,2013,completed,0.4891182618353779,0.4945247134027149,
multi_objective_tpe-rep-14,multi_objective_tpe,14.0,0b23639e3d9ea51806854976ed0b7266926779236ed644be0e8a191abd5f1621,2014,completed,0.47690813401874005,0.49037514602155724,
multi_objective_tpe-rep-14,multi_objective_tpe,14.0,0b23639e3d9ea51806854976ed0b7266926779236ed644be0e8a191abd5f1621,2015,completed,0.48121810762418626,0.4923659495251392,
multi_objective_tpe-rep-14,multi_objective_tpe,14.0,0b23639e3d9ea51806854976ed0b7266926779236ed644be0e8a191abd5f1621,2016,completed,0.48298848142645184,0.4925999048779631,
multi_objective_tpe-rep-14,multi_objective_tpe,14.0,0b23639e3d9ea51806854976ed0b7266926779236ed644be0e8a191abd5f1621,2017,completed,0.49273507099435687,0.4945551170397778,
multi_objective_tpe-rep-14,multi_objective_tpe,14.0,0b23639e3d9ea51806854976ed0b7266926779236ed644be0e8a191abd5f1621,2018,completed,0.4911137697215169,0.4871531742683486,
multi_objective_tpe-rep-14,multi_objective_tpe,14.0,0b23639e3d9ea51806854976ed0b7266926779236ed644be0e8a191abd5f1621,2019,completed,0.48327345040261516,0.49059771707209104,
multi_objective_tpe-rep-14,multi_objective_tpe,14.0,0b23639e3d9ea51806854976ed0b7266926779236ed644be0e8a191abd5f1621,2020,completed,0.48254365945307787,0.48920323966064816,
random_search-rep-15,random_search,15.0,364c1a4aa2ade6f73e2f5c1dcf608d7fc76d2fc136316fa14775145ca1151209,2001,completed,0.4686916925115495,0.46261834814791375,
random_search-rep-15,random_search,15.0,364c1a4aa2ade6f73e2f5c1dcf608d7fc76d2fc136316fa14775145ca1151209,2002,completed,0.4736258479988537,0.46653595102644996,
random_search-rep-15,random_search,15.0,364c1a4aa2ade6f73e2f5c1dcf608d7fc76d2fc136316fa14775145ca1151209,2003,completed,0.4588858860769397,0.46557527538934884,
random_search-rep-15,random_search,15.0,364c1a4aa2ade6f73e2f5c1dcf608d7fc76d2fc136316fa14775145ca1151209,2004,completed,0.4658326254731108,0.46334668664101836,
random_search-rep-15,random_search,15.0,364c1a4aa2ade6f73e2f5c1dcf608d7fc76d2fc136316fa14775145ca1151209,2005,completed,0.45587768910251025,0.46894939764251575,
random_search-rep-15,random_search,15.0,364c1a4aa2ade6f73e2f5c1dcf608d7fc76d2fc136316fa14775145ca1151209,2006,completed,0.4682028245019227,0.46720096630176594,
random_search-rep-15,random_search,15.0,364c1a4aa2ade6f73e2f5c1dcf608d7fc76d2fc136316fa14775145ca1151209,2007,completed,0.45491904882956324,0.47053230933505896,
random_search-rep-15,random_search,15.0,364c1a4aa2ade6f73e2f5c1dcf608d7fc76d2fc136316fa14775145ca1151209,2008,completed,0.46659243829926816,0.4665049555990227,
random_search-rep-15,random_search,15.0,364c1a4aa2ade6f73e2f5c1dcf608d7fc76d2fc136316fa14775145ca1151209,2009,completed,0.47921743494348273,0.4730209895882298,
random_search-rep-15,random_search,15.0,364c1a4aa2ade6f73e2f5c1dcf608d7fc76d2fc136316fa14775145ca1151209,2010,completed,0.47187671921497604,0.47267571059322355,
random_search-rep-15,random_search,15.0,364c1a4aa2ade6f73e2f5c1dcf608d7fc76d2fc136316fa14775145ca1151209,2011,completed,0.4690603162963781,0.47279286443758206,
random_search-rep-15,random_search,15.0,364c1a4aa2ade6f73e2f5c1dcf608d7fc76d2fc136316fa14775145ca1151209,2012,completed,0.4737433508849184,0.46732089180292835,
random_search-rep-15,random_search,15.0,364c1a4aa2ade6f73e2f5c1dcf608d7fc76d2fc136316fa14775145ca1151209,2013,completed,0.4658819897482965,0.47191776339135566,
random_search-rep-15,random_search,15.0,364c1a4aa2ade6f73e2f5c1dcf608d7fc76d2fc136316fa14775145ca1151209,2014,completed,0.4597509922265553,0.46787927177817507,
random_search-rep-15,random_search,15.0,364c1a4aa2ade6f73e2f5c1dcf608d7fc76d2fc136316fa14775145ca1151209,2015,completed,0.45407350553009695,0.46547079886071824,
random_search-rep-15,random_search,15.0,364c1a4aa2ade6f73e2f5c1dcf608d7fc76d2fc136316fa14775145ca1151209,2016,completed,0.4613072344242985,0.4670984476710399,
random_search-rep-15,random_search,15.0,364c1a4aa2ade6f73e2f5c1dcf608d7fc76d2fc136316fa14775145ca1151209,2017,completed,0.4729759924999242,0.4664328299918758,
random_search-rep-15,random_search,15.0,364c1a4aa2ade6f73e2f5c1dcf608d7fc76d2fc136316fa14775145ca1151209,2018,completed,0.47568424202973514,0.46830511299126615,
random_search-rep-15,random_search,15.0,364c1a4aa2ade6f73e2f5c1dcf608d7fc76d2fc136316fa14775145ca1151209,2019,completed,0.4730786829025459,0.4675074433707494,
random_search-rep-15,random_search,15.0,364c1a4aa2ade6f73e2f5c1dcf608d7fc76d2fc136316fa14775145ca1151209,2020,completed,0.46849410389770146,0.46893814927148597,
single_objective_tpe-rep-15,single_objective_tpe,15.0,0ba26cfc3a3b23bdc23cc09a937f9ba75e3bcbe7cab16dd42dab229f6e184153,2001,completed,0.4729986063783891,0.4677401516398585,
single_objective_tpe-rep-15,single_objective_tpe,15.0,0ba26cfc3a3b23bdc23cc09a937f9ba75e3bcbe7cab16dd42dab229f6e184153,2002,completed,0.4754168432289245,0.46004691592981145,
single_objective_tpe-rep-15,single_objective_tpe,15.0,0ba26cfc3a3b23bdc23cc09a937f9ba75e3bcbe7cab16dd42dab229f6e184153,2003,completed,0.46143419291370685,0.46093567318499945,
single_objective_tpe-rep-15,single_objective_tpe,15.0,0ba26cfc3a3b23bdc23cc09a937f9ba75e3bcbe7cab16dd42dab229f6e184153,2004,completed,0.4673192105835046,0.4686484120242814,
single_objective_tpe-rep-15,single_objective_tpe,15.0,0ba26cfc3a3b23bdc23cc09a937f9ba75e3bcbe7cab16dd42dab229f6e184153,2005,completed,0.456493035018649,0.47279148438416346,
single_objective_tpe-rep-15,single_objective_tpe,15.0,0ba26cfc3a3b23bdc23cc09a937f9ba75e3bcbe7cab16dd42dab229f6e184153,2006,completed,0.4711322147765334,0.46996326770055125,
single_objective_tpe-rep-15,single_objective_tpe,15.0,0ba26cfc3a3b23bdc23cc09a937f9ba75e3bcbe7cab16dd42dab229f6e184153,2007,completed,0.46349393331860317,0.4671546746520958,
single_objective_tpe-rep-15,single_objective_tpe,15.0,0ba26cfc3a3b23bdc23cc09a937f9ba75e3bcbe7cab16dd42dab229f6e184153,2008,completed,0.46810189459481477,0.4706812553596341,
single_objective_tpe-rep-15,single_objective_tpe,15.0,0ba26cfc3a3b23bdc23cc09a937f9ba75e3bcbe7cab16dd42dab229f6e184153,2009,completed,0.4814301620206638,0.47552471386546946,
single_objective_tpe-rep-15,single_objective_tpe,15.0,0ba26cfc3a3b23bdc23cc09a937f9ba75e3bcbe7cab16dd42dab229f6e184153,2010,completed,0.47537131486413897,0.4672501256306715,
single_objective_tpe-rep-15,single_objective_tpe,15.0,0ba26cfc3a3b23bdc23cc09a937f9ba75e3bcbe7cab16dd42dab229f6e184153,2011,completed,0.4734728266112968,0.4660063706673593,
single_objective_tpe-rep-15,single_objective_tpe,15.0,0ba26cfc3a3b23bdc23cc09a937f9ba75e3bcbe7cab16dd42dab229f6e184153,2012,completed,0.4805875063451632,0.4715142383811096,
single_objective_tpe-rep-15,single_objective_tpe,15.0,0ba26cfc3a3b23bdc23cc09a937f9ba75e3bcbe7cab16dd42dab229f6e184153,2013,completed,0.4781003409364481,0.46892212074323614,
single_objective_tpe-rep-15,single_objective_tpe,15.0,0ba26cfc3a3b23bdc23cc09a937f9ba75e3bcbe7cab16dd42dab229f6e184153,2014,completed,0.4579332111889457,0.4686196256162446,
single_objective_tpe-rep-15,single_objective_tpe,15.0,0ba26cfc3a3b23bdc23cc09a937f9ba75e3bcbe7cab16dd42dab229f6e184153,2015,completed,0.4582510628360025,0.46724499941965064,
single_objective_tpe-rep-15,single_objective_tpe,15.0,0ba26cfc3a3b23bdc23cc09a937f9ba75e3bcbe7cab16dd42dab229f6e184153,2016,completed,0.4632590639109691,0.46631092782674166,
single_objective_tpe-rep-15,single_objective_tpe,15.0,0ba26cfc3a3b23bdc23cc09a937f9ba75e3bcbe7cab16dd42dab229f6e184153,2017,completed,0.47153541938068605,0.4681683288278886,
single_objective_tpe-rep-15,single_objective_tpe,15.0,0ba26cfc3a3b23bdc23cc09a937f9ba75e3bcbe7cab16dd42dab229f6e184153,2018,completed,0.47518290972810284,0.47006231358747963,
single_objective_tpe-rep-15,single_objective_tpe,15.0,0ba26cfc3a3b23bdc23cc09a937f9ba75e3bcbe7cab16dd42dab229f6e184153,2019,completed,0.4743147110239133,0.4693567575996048,
single_objective_tpe-rep-15,single_objective_tpe,15.0,0ba26cfc3a3b23bdc23cc09a937f9ba75e3bcbe7cab16dd42dab229f6e184153,2020,completed,0.46955929478952085,0.4650545607350559,
constrained_tpe-rep-15,constrained_tpe,15.0,6472d2a3f6c6bce39ce588f26d361c1b93b154fb1e3be0a08cd0538647d71fc2,2001,completed,0.4681531557687307,0.46208708751361194,
constrained_tpe-rep-15,constrained_tpe,15.0,6472d2a3f6c6bce39ce588f26d361c1b93b154fb1e3be0a08cd0538647d71fc2,2002,completed,0.48104560315921124,0.4654530037036987,
constrained_tpe-rep-15,constrained_tpe,15.0,6472d2a3f6c6bce39ce588f26d361c1b93b154fb1e3be0a08cd0538647d71fc2,2003,completed,0.45958445452573066,0.46689018388928744,
constrained_tpe-rep-15,constrained_tpe,15.0,6472d2a3f6c6bce39ce588f26d361c1b93b154fb1e3be0a08cd0538647d71fc2,2004,completed,0.4691518495086284,0.46775193723905023,
constrained_tpe-rep-15,constrained_tpe,15.0,6472d2a3f6c6bce39ce588f26d361c1b93b154fb1e3be0a08cd0538647d71fc2,2005,completed,0.4542184328595754,0.46768518433952994,
constrained_tpe-rep-15,constrained_tpe,15.0,6472d2a3f6c6bce39ce588f26d361c1b93b154fb1e3be0a08cd0538647d71fc2,2006,completed,0.4701495726293377,0.4685877818325334,
constrained_tpe-rep-15,constrained_tpe,15.0,6472d2a3f6c6bce39ce588f26d361c1b93b154fb1e3be0a08cd0538647d71fc2,2007,completed,0.4635332844467516,0.46523855113035595,
constrained_tpe-rep-15,constrained_tpe,15.0,6472d2a3f6c6bce39ce588f26d361c1b93b154fb1e3be0a08cd0538647d71fc2,2008,completed,0.4644430044440184,0.46733323470314203,
constrained_tpe-rep-15,constrained_tpe,15.0,6472d2a3f6c6bce39ce588f26d361c1b93b154fb1e3be0a08cd0538647d71fc2,2009,completed,0.47885471962082193,0.4664333837566091,
constrained_tpe-rep-15,constrained_tpe,15.0,6472d2a3f6c6bce39ce588f26d361c1b93b154fb1e3be0a08cd0538647d71fc2,2010,completed,0.47012483370558467,0.4667166427232273,
constrained_tpe-rep-15,constrained_tpe,15.0,6472d2a3f6c6bce39ce588f26d361c1b93b154fb1e3be0a08cd0538647d71fc2,2011,completed,0.4670052723591856,0.46450975702294756,
constrained_tpe-rep-15,constrained_tpe,15.0,6472d2a3f6c6bce39ce588f26d361c1b93b154fb1e3be0a08cd0538647d71fc2,2012,completed,0.4763764331644637,0.4669788813683969,
constrained_tpe-rep-15,constrained_tpe,15.0,6472d2a3f6c6bce39ce588f26d361c1b93b154fb1e3be0a08cd0538647d71fc2,2013,completed,0.4704246606550811,0.46515859739729487,
constrained_tpe-rep-15,constrained_tpe,15.0,6472d2a3f6c6bce39ce588f26d361c1b93b154fb1e3be0a08cd0538647d71fc2,2014,completed,0.4641476631689463,0.46928893904262264,
constrained_tpe-rep-15,constrained_tpe,15.0,6472d2a3f6c6bce39ce588f26d361c1b93b154fb1e3be0a08cd0538647d71fc2,2015,completed,0.4601409163050951,0.4649895963669462,
constrained_tpe-rep-15,constrained_tpe,15.0,6472d2a3f6c6bce39ce588f26d361c1b93b154fb1e3be0a08cd0538647d71fc2,2016,completed,0.4626025518192937,0.46244122262843207,
constrained_tpe-rep-15,constrained_tpe,15.0,6472d2a3f6c6bce39ce588f26d361c1b93b154fb1e3be0a08cd0538647d71fc2,2017,completed,0.4725645950503605,0.47406044845984463,
constrained_tpe-rep-15,constrained_tpe,15.0,6472d2a3f6c6bce39ce588f26d361c1b93b154fb1e3be0a08cd0538647d71fc2,2018,completed,0.4737774145780089,0.4703284086272707,
constrained_tpe-rep-15,constrained_tpe,15.0,6472d2a3f6c6bce39ce588f26d361c1b93b154fb1e3be0a08cd0538647d71fc2,2019,completed,0.4675379360976906,0.46687364753153626,
constrained_tpe-rep-15,constrained_tpe,15.0,6472d2a3f6c6bce39ce588f26d361c1b93b154fb1e3be0a08cd0538647d71fc2,2020,completed,0.46666333751873973,0.47031018229923116,
multi_objective_tpe-rep-15,multi_objective_tpe,15.0,fa5c59fe35811b97230fa3bdf458071db25e92ad856974646a8c9e210ff5363b,2001,completed,0.5006372346037644,0.5038977925715284,
multi_objective_tpe-rep-15,multi_objective_tpe,15.0,fa5c59fe35811b97230fa3bdf458071db25e92ad856974646a8c9e210ff5363b,2002,completed,0.5069652094750071,0.5022026629517724,
multi_objective_tpe-rep-15,multi_objective_tpe,15.0,fa5c59fe35811b97230fa3bdf458071db25e92ad856974646a8c9e210ff5363b,2003,completed,0.4840545447126667,0.5010626927917011,
multi_objective_tpe-rep-15,multi_objective_tpe,15.0,fa5c59fe35811b97230fa3bdf458071db25e92ad856974646a8c9e210ff5363b,2004,completed,0.49280279108737796,0.5041050281810943,
multi_objective_tpe-rep-15,multi_objective_tpe,15.0,fa5c59fe35811b97230fa3bdf458071db25e92ad856974646a8c9e210ff5363b,2005,completed,0.4817224830163868,0.5004690201902672,
multi_objective_tpe-rep-15,multi_objective_tpe,15.0,fa5c59fe35811b97230fa3bdf458071db25e92ad856974646a8c9e210ff5363b,2006,completed,0.4960051599552569,0.5085729424856449,
multi_objective_tpe-rep-15,multi_objective_tpe,15.0,fa5c59fe35811b97230fa3bdf458071db25e92ad856974646a8c9e210ff5363b,2007,completed,0.48516147730173986,0.5037813513828451,
multi_objective_tpe-rep-15,multi_objective_tpe,15.0,fa5c59fe35811b97230fa3bdf458071db25e92ad856974646a8c9e210ff5363b,2008,completed,0.4948703844765409,0.5027549470645166,
multi_objective_tpe-rep-15,multi_objective_tpe,15.0,fa5c59fe35811b97230fa3bdf458071db25e92ad856974646a8c9e210ff5363b,2009,completed,0.5074566829241235,0.5029196156318622,
multi_objective_tpe-rep-15,multi_objective_tpe,15.0,fa5c59fe35811b97230fa3bdf458071db25e92ad856974646a8c9e210ff5363b,2010,completed,0.49776170547034143,0.5026898424487387,
multi_objective_tpe-rep-15,multi_objective_tpe,15.0,fa5c59fe35811b97230fa3bdf458071db25e92ad856974646a8c9e210ff5363b,2011,completed,0.489636154399615,0.5021015252239739,
multi_objective_tpe-rep-15,multi_objective_tpe,15.0,fa5c59fe35811b97230fa3bdf458071db25e92ad856974646a8c9e210ff5363b,2012,completed,0.5059070771167342,0.49818696530948753,
multi_objective_tpe-rep-15,multi_objective_tpe,15.0,fa5c59fe35811b97230fa3bdf458071db25e92ad856974646a8c9e210ff5363b,2013,completed,0.5023415689955542,0.5035139545866583,
multi_objective_tpe-rep-15,multi_objective_tpe,15.0,fa5c59fe35811b97230fa3bdf458071db25e92ad856974646a8c9e210ff5363b,2014,completed,0.49181132211209666,0.5082711064203671,
multi_objective_tpe-rep-15,multi_objective_tpe,15.0,fa5c59fe35811b97230fa3bdf458071db25e92ad856974646a8c9e210ff5363b,2015,completed,0.4888169902144883,0.503024902503274,
multi_objective_tpe-rep-15,multi_objective_tpe,15.0,fa5c59fe35811b97230fa3bdf458071db25e92ad856974646a8c9e210ff5363b,2016,completed,0.4906344981250713,0.5030442034753626,
multi_objective_tpe-rep-15,multi_objective_tpe,15.0,fa5c59fe35811b97230fa3bdf458071db25e92ad856974646a8c9e210ff5363b,2017,completed,0.5050460216715142,0.5024144018924264,
multi_objective_tpe-rep-15,multi_objective_tpe,15.0,fa5c59fe35811b97230fa3bdf458071db25e92ad856974646a8c9e210ff5363b,2018,completed,0.5067925633880124,0.49963861457693615,
multi_objective_tpe-rep-15,multi_objective_tpe,15.0,fa5c59fe35811b97230fa3bdf458071db25e92ad856974646a8c9e210ff5363b,2019,completed,0.48948217848215353,0.5009971317574801,
multi_objective_tpe-rep-15,multi_objective_tpe,15.0,fa5c59fe35811b97230fa3bdf458071db25e92ad856974646a8c9e210ff5363b,2020,completed,0.49520541386524314,0.506856561323182,
random_search-rep-16,random_search,16.0,0c3b26a615f9f2cc2b8b97197c99c6d88c09c5ed9276513df7a8ed0e02bff06f,2001,completed,0.47034344377120413,0.4660395739534627,
random_search-rep-16,random_search,16.0,0c3b26a615f9f2cc2b8b97197c99c6d88c09c5ed9276513df7a8ed0e02bff06f,2002,completed,0.4775231477520206,0.46352894647368537,
random_search-rep-16,random_search,16.0,0c3b26a615f9f2cc2b8b97197c99c6d88c09c5ed9276513df7a8ed0e02bff06f,2003,completed,0.4612307841673799,0.470764779794862,
random_search-rep-16,random_search,16.0,0c3b26a615f9f2cc2b8b97197c99c6d88c09c5ed9276513df7a8ed0e02bff06f,2004,completed,0.46781260932537205,0.46838631765914035,
random_search-rep-16,random_search,16.0,0c3b26a615f9f2cc2b8b97197c99c6d88c09c5ed9276513df7a8ed0e02bff06f,2005,completed,0.4600445181016341,0.4713908771412035,
random_search-rep-16,random_search,16.0,0c3b26a615f9f2cc2b8b97197c99c6d88c09c5ed9276513df7a8ed0e02bff06f,2006,completed,0.46948645161026636,0.4704180421475661,
random_search-rep-16,random_search,16.0,0c3b26a615f9f2cc2b8b97197c99c6d88c09c5ed9276513df7a8ed0e02bff06f,2007,completed,0.4582246457655505,0.46987634055229915,
random_search-rep-16,random_search,16.0,0c3b26a615f9f2cc2b8b97197c99c6d88c09c5ed9276513df7a8ed0e02bff06f,2008,completed,0.4667945299091032,0.4698992522098177,
random_search-rep-16,random_search,16.0,0c3b26a615f9f2cc2b8b97197c99c6d88c09c5ed9276513df7a8ed0e02bff06f,2009,completed,0.4773614861624026,0.4755870212183712,
random_search-rep-16,random_search,16.0,0c3b26a615f9f2cc2b8b97197c99c6d88c09c5ed9276513df7a8ed0e02bff06f,2010,completed,0.4699314021506737,0.475343220718702,
random_search-rep-16,random_search,16.0,0c3b26a615f9f2cc2b8b97197c99c6d88c09c5ed9276513df7a8ed0e02bff06f,2011,completed,0.47303010478521423,0.47385572747282284,
random_search-rep-16,random_search,16.0,0c3b26a615f9f2cc2b8b97197c99c6d88c09c5ed9276513df7a8ed0e02bff06f,2012,completed,0.47428222803985476,0.46952144101434007,
random_search-rep-16,random_search,16.0,0c3b26a615f9f2cc2b8b97197c99c6d88c09c5ed9276513df7a8ed0e02bff06f,2013,completed,0.4769310573514815,0.4732048587571658,
random_search-rep-16,random_search,16.0,0c3b26a615f9f2cc2b8b97197c99c6d88c09c5ed9276513df7a8ed0e02bff06f,2014,completed,0.46359761701389496,0.46873658305747834,
random_search-rep-16,random_search,16.0,0c3b26a615f9f2cc2b8b97197c99c6d88c09c5ed9276513df7a8ed0e02bff06f,2015,completed,0.461773153169619,0.46944609561346307,
random_search-rep-16,random_search,16.0,0c3b26a615f9f2cc2b8b97197c99c6d88c09c5ed9276513df7a8ed0e02bff06f,2016,completed,0.4629220666199661,0.46556044341260744,
random_search-rep-16,random_search,16.0,0c3b26a615f9f2cc2b8b97197c99c6d88c09c5ed9276513df7a8ed0e02bff06f,2017,completed,0.4728029280393057,0.4735828344843748,
random_search-rep-16,random_search,16.0,0c3b26a615f9f2cc2b8b97197c99c6d88c09c5ed9276513df7a8ed0e02bff06f,2018,completed,0.48265305016422194,0.47293827478408934,
random_search-rep-16,random_search,16.0,0c3b26a615f9f2cc2b8b97197c99c6d88c09c5ed9276513df7a8ed0e02bff06f,2019,completed,0.4706454991616775,0.47010173430490476,
random_search-rep-16,random_search,16.0,0c3b26a615f9f2cc2b8b97197c99c6d88c09c5ed9276513df7a8ed0e02bff06f,2020,completed,0.4678865609891067,0.47344869534473244,
single_objective_tpe-rep-16,single_objective_tpe,16.0,baf24db257a5017e681aadafb84812fc0c17932a426320bd776cfb32ae35953a,2001,completed,0.47280405765916533,0.46430961717078656,
single_objective_tpe-rep-16,single_objective_tpe,16.0,baf24db257a5017e681aadafb84812fc0c17932a426320bd776cfb32ae35953a,2002,completed,0.48001633862121573,0.46353257664173275,
single_objective_tpe-rep-16,single_objective_tpe,16.0,baf24db257a5017e681aadafb84812fc0c17932a426320bd776cfb32ae35953a,2003,completed,0.4586376506610666,0.4605100650256455,
single_objective_tpe-rep-16,single_objective_tpe,16.0,baf24db257a5017e681aadafb84812fc0c17932a426320bd776cfb32ae35953a,2004,completed,0.46714676782423564,0.4664218999323688,
single_objective_tpe-rep-16,single_objective_tpe,16.0,baf24db257a5017e681aadafb84812fc0c17932a426320bd776cfb32ae35953a,2005,completed,0.45767954315262016,0.4726123443083276,
single_objective_tpe-rep-16,single_objective_tpe,16.0,baf24db257a5017e681aadafb84812fc0c17932a426320bd776cfb32ae35953a,2006,completed,0.467598834266281,0.4666238662414058,
single_objective_tpe-rep-16,single_objective_tpe,16.0,baf24db257a5017e681aadafb84812fc0c17932a426320bd776cfb32ae35953a,2007,completed,0.4635303842284169,0.4673203328275166,
single_objective_tpe-rep-16,single_objective_tpe,16.0,baf24db257a5017e681aadafb84812fc0c17932a426320bd776cfb32ae35953a,2008,completed,0.46271674530867846,0.4664442657835494,
single_objective_tpe-rep-16,single_objective_tpe,16.0,baf24db257a5017e681aadafb84812fc0c17932a426320bd776cfb32ae35953a,2009,completed,0.47217517126462677,0.4703283438389546,
single_objective_tpe-rep-16,single_objective_tpe,16.0,baf24db257a5017e681aadafb84812fc0c17932a426320bd776cfb32ae35953a,2010,completed,0.46793957321708757,0.4675922569880859,
single_objective_tpe-rep-16,single_objective_tpe,16.0,baf24db257a5017e681aadafb84812fc0c17932a426320bd776cfb32ae35953a,2011,completed,0.47004149931928296,0.46753482291436266,
single_objective_tpe-rep-16,single_objective_tpe,16.0,baf24db257a5017e681aadafb84812fc0c17932a426320bd776cfb32ae35953a,2012,completed,0.47578594111863526,0.46770130764497214,
single_objective_tpe-rep-16,single_objective_tpe,16.0,baf24db257a5017e681aadafb84812fc0c17932a426320bd776cfb32ae35953a,2013,completed,0.4731928912040272,0.47031771913643916,
single_objective_tpe-rep-16,single_objective_tpe,16.0,baf24db257a5017e681aadafb84812fc0c17932a426320bd776cfb32ae35953a,2014,completed,0.4563303210069378,0.465343199150599,
single_objective_tpe-rep-16,single_objective_tpe,16.0,baf24db257a5017e681aadafb84812fc0c17932a426320bd776cfb32ae35953a,2015,completed,0.45876992510712794,0.4639627994286962,
single_objective_tpe-rep-16,single_objective_tpe,16.0,baf24db257a5017e681aadafb84812fc0c17932a426320bd776cfb32ae35953a,2016,completed,0.4597911550302378,0.464953966140332,
single_objective_tpe-rep-16,single_objective_tpe,16.0,baf24db257a5017e681aadafb84812fc0c17932a426320bd776cfb32ae35953a,2017,completed,0.4677881228779456,0.46722366770788226,
single_objective_tpe-rep-16,single_objective_tpe,16.0,baf24db257a5017e681aadafb84812fc0c17932a426320bd776cfb32ae35953a,2018,completed,0.47288239487494615,0.46898611933787765,
single_objective_tpe-rep-16,single_objective_tpe,16.0,baf24db257a5017e681aadafb84812fc0c17932a426320bd776cfb32ae35953a,2019,completed,0.4715158253897891,0.4644325742183255,
single_objective_tpe-rep-16,single_objective_tpe,16.0,baf24db257a5017e681aadafb84812fc0c17932a426320bd776cfb32ae35953a,2020,completed,0.4592631562630587,0.4626874961628444,
constrained_tpe-rep-16,constrained_tpe,16.0,21cdcfa4f8afb8b314202afca8ed6c0cbc0a0689a8914a6e50b067555770f93c,2001,completed,0.4705142595348879,0.46374798286840657,
constrained_tpe-rep-16,constrained_tpe,16.0,21cdcfa4f8afb8b314202afca8ed6c0cbc0a0689a8914a6e50b067555770f93c,2002,completed,0.4751746600650486,0.4629324640728638,
constrained_tpe-rep-16,constrained_tpe,16.0,21cdcfa4f8afb8b314202afca8ed6c0cbc0a0689a8914a6e50b067555770f93c,2003,completed,0.4581201694567819,0.4643873929399763,
constrained_tpe-rep-16,constrained_tpe,16.0,21cdcfa4f8afb8b314202afca8ed6c0cbc0a0689a8914a6e50b067555770f93c,2004,completed,0.46788445696241704,0.4690237383058089,
constrained_tpe-rep-16,constrained_tpe,16.0,21cdcfa4f8afb8b314202afca8ed6c0cbc0a0689a8914a6e50b067555770f93c,2005,completed,0.45406291955547406,0.4679991209107754,
constrained_tpe-rep-16,constrained_tpe,16.0,21cdcfa4f8afb8b314202afca8ed6c0cbc0a0689a8914a6e50b067555770f93c,2006,completed,0.4729823338624399,0.46931933425068306,
constrained_tpe-rep-16,constrained_tpe,16.0,21cdcfa4f8afb8b314202afca8ed6c0cbc0a0689a8914a6e50b067555770f93c,2007,completed,0.458102236656131,0.46805277476724017,
constrained_tpe-rep-16,constrained_tpe,16.0,21cdcfa4f8afb8b314202afca8ed6c0cbc0a0689a8914a6e50b067555770f93c,2008,completed,0.4628544902342483,0.4646048509167398,
constrained_tpe-rep-16,constrained_tpe,16.0,21cdcfa4f8afb8b314202afca8ed6c0cbc0a0689a8914a6e50b067555770f93c,2009,completed,0.4760787672156799,0.46836894810741436,
constrained_tpe-rep-16,constrained_tpe,16.0,21cdcfa4f8afb8b314202afca8ed6c0cbc0a0689a8914a6e50b067555770f93c,2010,completed,0.4719966821945228,0.472855471095029,
constrained_tpe-rep-16,constrained_tpe,16.0,21cdcfa4f8afb8b314202afca8ed6c0cbc0a0689a8914a6e50b067555770f93c,2011,completed,0.4700016624358186,0.47327552081618957,
constrained_tpe-rep-16,constrained_tpe,16.0,21cdcfa4f8afb8b314202afca8ed6c0cbc0a0689a8914a6e50b067555770f93c,2012,completed,0.47604298877005424,0.46706754047885674,
constrained_tpe-rep-16,constrained_tpe,16.0,21cdcfa4f8afb8b314202afca8ed6c0cbc0a0689a8914a6e50b067555770f93c,2013,completed,0.4715356082393609,0.4678208109538313,
constrained_tpe-rep-16,constrained_tpe,16.0,21cdcfa4f8afb8b314202afca8ed6c0cbc0a0689a8914a6e50b067555770f93c,2014,completed,0.4528290734311237,0.465252548071406,
constrained_tpe-rep-16,constrained_tpe,16.0,21cdcfa4f8afb8b314202afca8ed6c0cbc0a0689a8914a6e50b067555770f93c,2015,completed,0.4602767236211705,0.4651183630091855,
constrained_tpe-rep-16,constrained_tpe,16.0,21cdcfa4f8afb8b314202afca8ed6c0cbc0a0689a8914a6e50b067555770f93c,2016,completed,0.4600359432208857,0.4688371635673013,
constrained_tpe-rep-16,constrained_tpe,16.0,21cdcfa4f8afb8b314202afca8ed6c0cbc0a0689a8914a6e50b067555770f93c,2017,completed,0.47195679147903885,0.4691375548075005,
constrained_tpe-rep-16,constrained_tpe,16.0,21cdcfa4f8afb8b314202afca8ed6c0cbc0a0689a8914a6e50b067555770f93c,2018,completed,0.46869643463128485,0.4661458838567,
constrained_tpe-rep-16,constrained_tpe,16.0,21cdcfa4f8afb8b314202afca8ed6c0cbc0a0689a8914a6e50b067555770f93c,2019,completed,0.46797790839288433,0.46649072855729556,
constrained_tpe-rep-16,constrained_tpe,16.0,21cdcfa4f8afb8b314202afca8ed6c0cbc0a0689a8914a6e50b067555770f93c,2020,completed,0.46748326338392665,0.46844515497309863,
multi_objective_tpe-rep-16,multi_objective_tpe,16.0,69349026c9e00f30b73664f484e7800ac3d980001d47ad7d8d8fdf5d273fc3ad,2001,completed,0.4820922082783729,0.4883649720530667,
multi_objective_tpe-rep-16,multi_objective_tpe,16.0,69349026c9e00f30b73664f484e7800ac3d980001d47ad7d8d8fdf5d273fc3ad,2002,completed,0.4971921033448031,0.49005954119791917,
multi_objective_tpe-rep-16,multi_objective_tpe,16.0,69349026c9e00f30b73664f484e7800ac3d980001d47ad7d8d8fdf5d273fc3ad,2003,completed,0.47742083072653363,0.4866069949100776,
multi_objective_tpe-rep-16,multi_objective_tpe,16.0,69349026c9e00f30b73664f484e7800ac3d980001d47ad7d8d8fdf5d273fc3ad,2004,completed,0.48528368277202105,0.4911623010322628,
multi_objective_tpe-rep-16,multi_objective_tpe,16.0,69349026c9e00f30b73664f484e7800ac3d980001d47ad7d8d8fdf5d273fc3ad,2005,completed,0.47156491976210596,0.48920682680045374,
multi_objective_tpe-rep-16,multi_objective_tpe,16.0,69349026c9e00f30b73664f484e7800ac3d980001d47ad7d8d8fdf5d273fc3ad,2006,completed,0.4861110687854875,0.48949876435676704,
multi_objective_tpe-rep-16,multi_objective_tpe,16.0,69349026c9e00f30b73664f484e7800ac3d980001d47ad7d8d8fdf5d273fc3ad,2007,completed,0.47748809106879564,0.4913152620289762,
multi_objective_tpe-rep-16,multi_objective_tpe,16.0,69349026c9e00f30b73664f484e7800ac3d980001d47ad7d8d8fdf5d273fc3ad,2008,completed,0.48307362674628446,0.48429547083104396,
multi_objective_tpe-rep-16,multi_objective_tpe,16.0,69349026c9e00f30b73664f484e7800ac3d980001d47ad7d8d8fdf5d273fc3ad,2009,completed,0.4929712550534688,0.49531058696382396,
multi_objective_tpe-rep-16,multi_objective_tpe,16.0,69349026c9e00f30b73664f484e7800ac3d980001d47ad7d8d8fdf5d273fc3ad,2010,completed,0.4828751003747043,0.48653482203180176,
multi_objective_tpe-rep-16,multi_objective_tpe,16.0,69349026c9e00f30b73664f484e7800ac3d980001d47ad7d8d8fdf5d273fc3ad,2011,completed,0.4844819011423035,0.4911745095122651,
multi_objective_tpe-rep-16,multi_objective_tpe,16.0,69349026c9e00f30b73664f484e7800ac3d980001d47ad7d8d8fdf5d273fc3ad,2012,completed,0.49080905429530414,0.48706591086188267,
multi_objective_tpe-rep-16,multi_objective_tpe,16.0,69349026c9e00f30b73664f484e7800ac3d980001d47ad7d8d8fdf5d273fc3ad,2013,completed,0.4900233471526066,0.49507805456921444,
multi_objective_tpe-rep-16,multi_objective_tpe,16.0,69349026c9e00f30b73664f484e7800ac3d980001d47ad7d8d8fdf5d273fc3ad,2014,completed,0.47994407579828374,0.4893344285653368,
multi_objective_tpe-rep-16,multi_objective_tpe,16.0,69349026c9e00f30b73664f484e7800ac3d980001d47ad7d8d8fdf5d273fc3ad,2015,completed,0.47552256686845845,0.48730803919654114,
multi_objective_tpe-rep-16,multi_objective_tpe,16.0,69349026c9e00f30b73664f484e7800ac3d980001d47ad7d8d8fdf5d273fc3ad,2016,completed,0.480365572268867,0.4905211732882925,
multi_objective_tpe-rep-16,multi_objective_tpe,16.0,69349026c9e00f30b73664f484e7800ac3d980001d47ad7d8d8fdf5d273fc3ad,2017,completed,0.4846277983446549,0.49151979038996885,
multi_objective_tpe-rep-16,multi_objective_tpe,16.0,69349026c9e00f30b73664f484e7800ac3d980001d47ad7d8d8fdf5d273fc3ad,2018,completed,0.49365285289284944,0.4848768880832287,
multi_objective_tpe-rep-16,multi_objective_tpe,16.0,69349026c9e00f30b73664f484e7800ac3d980001d47ad7d8d8fdf5d273fc3ad,2019,completed,0.4782433327402415,0.490601866850995,
multi_objective_tpe-rep-16,multi_objective_tpe,16.0,69349026c9e00f30b73664f484e7800ac3d980001d47ad7d8d8fdf5d273fc3ad,2020,completed,0.48577637690442194,0.48873636739474685,
random_search-rep-17,random_search,17.0,53dff2ad49ff758d470e4d1c25bb50c06a9e2ca21db239b7eab05809fedb2caa,2001,completed,0.46959247633627677,0.4620925516071198,
random_search-rep-17,random_search,17.0,53dff2ad49ff758d470e4d1c25bb50c06a9e2ca21db239b7eab05809fedb2caa,2002,completed,0.477801287577747,0.46359623222775864,
random_search-rep-17,random_search,17.0,53dff2ad49ff758d470e4d1c25bb50c06a9e2ca21db239b7eab05809fedb2caa,2003,completed,0.4586910470974548,0.462615296037583,
random_search-rep-17,random_search,17.0,53dff2ad49ff758d470e4d1c25bb50c06a9e2ca21db239b7eab05809fedb2caa,2004,completed,0.4656937026279447,0.472480302335355,
random_search-rep-17,random_search,17.0,53dff2ad49ff758d470e4d1c25bb50c06a9e2ca21db239b7eab05809fedb2caa,2005,completed,0.45400521410268363,0.4681537787985101,
random_search-rep-17,random_search,17.0,53dff2ad49ff758d470e4d1c25bb50c06a9e2ca21db239b7eab05809fedb2caa,2006,completed,0.46821601188971096,0.47358868092709633,
random_search-rep-17,random_search,17.0,53dff2ad49ff758d470e4d1c25bb50c06a9e2ca21db239b7eab05809fedb2caa,2007,completed,0.46043876544975315,0.47098641002669733,
random_search-rep-17,random_search,17.0,53dff2ad49ff758d470e4d1c25bb50c06a9e2ca21db239b7eab05809fedb2caa,2008,completed,0.46642062569474996,0.4703990495022566,
random_search-rep-17,random_search,17.0,53dff2ad49ff758d470e4d1c25bb50c06a9e2ca21db239b7eab05809fedb2caa,2009,completed,0.47988237964092606,0.4696324611705013,
random_search-rep-17,random_search,17.0,53dff2ad49ff758d470e4d1c25bb50c06a9e2ca21db239b7eab05809fedb2caa,2010,completed,0.473260881632685,0.470451872185028,
random_search-rep-17,random_search,17.0,53dff2ad49ff758d470e4d1c25bb50c06a9e2ca21db239b7eab05809fedb2caa,2011,completed,0.47265008832488276,0.4734120487318475,
random_search-rep-17,random_search,17.0,53dff2ad49ff758d470e4d1c25bb50c06a9e2ca21db239b7eab05809fedb2caa,2012,completed,0.48085376325195567,0.4682986991651866,
random_search-rep-17,random_search,17.0,53dff2ad49ff758d470e4d1c25bb50c06a9e2ca21db239b7eab05809fedb2caa,2013,completed,0.4733156049899555,0.46832482927824315,
random_search-rep-17,random_search,17.0,53dff2ad49ff758d470e4d1c25bb50c06a9e2ca21db239b7eab05809fedb2caa,2014,completed,0.45917457397356876,0.4660729944206441,
random_search-rep-17,random_search,17.0,53dff2ad49ff758d470e4d1c25bb50c06a9e2ca21db239b7eab05809fedb2caa,2015,completed,0.45946802056030706,0.4681175471414254,
random_search-rep-17,random_search,17.0,53dff2ad49ff758d470e4d1c25bb50c06a9e2ca21db239b7eab05809fedb2caa,2016,completed,0.46191056748684284,0.4656400684014661,
random_search-rep-17,random_search,17.0,53dff2ad49ff758d470e4d1c25bb50c06a9e2ca21db239b7eab05809fedb2caa,2017,completed,0.466393268745125,0.4649562914048332,
random_search-rep-17,random_search,17.0,53dff2ad49ff758d470e4d1c25bb50c06a9e2ca21db239b7eab05809fedb2caa,2018,completed,0.4744076233938323,0.4701874428946418,
random_search-rep-17,random_search,17.0,53dff2ad49ff758d470e4d1c25bb50c06a9e2ca21db239b7eab05809fedb2caa,2019,completed,0.4720638313109612,0.4668762828450735,
random_search-rep-17,random_search,17.0,53dff2ad49ff758d470e4d1c25bb50c06a9e2ca21db239b7eab05809fedb2caa,2020,completed,0.4668444778853544,0.46470651938020646,
single_objective_tpe-rep-17,single_objective_tpe,17.0,4877a4a9d41cd7aa4a9e1bfb34774b3682411269291b932ca793d9eb2c3ba84d,2001,completed,0.46828854491399546,0.4651129295582717,
single_objective_tpe-rep-17,single_objective_tpe,17.0,4877a4a9d41cd7aa4a9e1bfb34774b3682411269291b932ca793d9eb2c3ba84d,2002,completed,0.47908247525068465,0.4637273779187441,
single_objective_tpe-rep-17,single_objective_tpe,17.0,4877a4a9d41cd7aa4a9e1bfb34774b3682411269291b932ca793d9eb2c3ba84d,2003,completed,0.4602167630985797,0.4636074411591123,
single_objective_tpe-rep-17,single_objective_tpe,17.0,4877a4a9d41cd7aa4a9e1bfb34774b3682411269291b932ca793d9eb2c3ba84d,2004,completed,0.4630958278517151,0.4591719331428372,
single_objective_tpe-rep-17,single_objective_tpe,17.0,4877a4a9d41cd7aa4a9e1bfb34774b3682411269291b932ca793d9eb2c3ba84d,2005,completed,0.4562106673089382,0.46476584259595705,
single_objective_tpe-rep-17,single_objective_tpe,17.0,4877a4a9d41cd7aa4a9e1bfb34774b3682411269291b932ca793d9eb2c3ba84d,2006,completed,0.4661714957147706,0.4668568296213796,
single_objective_tpe-rep-17,single_objective_tpe,17.0,4877a4a9d41cd7aa4a9e1bfb34774b3682411269291b932ca793d9eb2c3ba84d,2007,completed,0.4614141307536003,0.46286858482064636,
single_objective_tpe-rep-17,single_objective_tpe,17.0,4877a4a9d41cd7aa4a9e1bfb34774b3682411269291b932ca793d9eb2c3ba84d,2008,completed,0.46443626976304325,0.4678765669389874,
single_objective_tpe-rep-17,single_objective_tpe,17.0,4877a4a9d41cd7aa4a9e1bfb34774b3682411269291b932ca793d9eb2c3ba84d,2009,completed,0.47644343276846374,0.4660938443103772,
single_objective_tpe-rep-17,single_objective_tpe,17.0,4877a4a9d41cd7aa4a9e1bfb34774b3682411269291b932ca793d9eb2c3ba84d,2010,completed,0.47400260784665993,0.4645106316902145,
single_objective_tpe-rep-17,single_objective_tpe,17.0,4877a4a9d41cd7aa4a9e1bfb34774b3682411269291b932ca793d9eb2c3ba84d,2011,completed,0.4671251201952244,0.4691839153707073,
single_objective_tpe-rep-17,single_objective_tpe,17.0,4877a4a9d41cd7aa4a9e1bfb34774b3682411269291b932ca793d9eb2c3ba84d,2012,completed,0.4731495103031586,0.46449614400455,
single_objective_tpe-rep-17,single_objective_tpe,17.0,4877a4a9d41cd7aa4a9e1bfb34774b3682411269291b932ca793d9eb2c3ba84d,2013,completed,0.4728695761007314,0.46450556937919374,
single_objective_tpe-rep-17,single_objective_tpe,17.0,4877a4a9d41cd7aa4a9e1bfb34774b3682411269291b932ca793d9eb2c3ba84d,2014,completed,0.4579279948054864,0.4681115435874612,
single_objective_tpe-rep-17,single_objective_tpe,17.0,4877a4a9d41cd7aa4a9e1bfb34774b3682411269291b932ca793d9eb2c3ba84d,2015,completed,0.45431344134689444,0.46324689728141366,
single_objective_tpe-rep-17,single_objective_tpe,17.0,4877a4a9d41cd7aa4a9e1bfb34774b3682411269291b932ca793d9eb2c3ba84d,2016,completed,0.45818083453323255,0.4662336735279656,
single_objective_tpe-rep-17,single_objective_tpe,17.0,4877a4a9d41cd7aa4a9e1bfb34774b3682411269291b932ca793d9eb2c3ba84d,2017,completed,0.472420884641938,0.46401045729483276,
single_objective_tpe-rep-17,single_objective_tpe,17.0,4877a4a9d41cd7aa4a9e1bfb34774b3682411269291b932ca793d9eb2c3ba84d,2018,completed,0.4729402838997459,0.4689075303558522,
single_objective_tpe-rep-17,single_objective_tpe,17.0,4877a4a9d41cd7aa4a9e1bfb34774b3682411269291b932ca793d9eb2c3ba84d,2019,completed,0.4673437404501917,0.4673490147618939,
single_objective_tpe-rep-17,single_objective_tpe,17.0,4877a4a9d41cd7aa4a9e1bfb34774b3682411269291b932ca793d9eb2c3ba84d,2020,completed,0.4640148002110957,0.46031865435034924,
constrained_tpe-rep-17,constrained_tpe,17.0,d50c3e7dc2f5b2c5dfe504b4fcb32752c80a98a1596a55ae66d42e42bc7c7e47,2001,completed,0.46608852669220635,0.46244299836094616,
constrained_tpe-rep-17,constrained_tpe,17.0,d50c3e7dc2f5b2c5dfe504b4fcb32752c80a98a1596a55ae66d42e42bc7c7e47,2002,completed,0.4825661157936796,0.4765890595996238,
constrained_tpe-rep-17,constrained_tpe,17.0,d50c3e7dc2f5b2c5dfe504b4fcb32752c80a98a1596a55ae66d42e42bc7c7e47,2003,completed,0.46179105871310344,0.4615362671785276,
constrained_tpe-rep-17,constrained_tpe,17.0,d50c3e7dc2f5b2c5dfe504b4fcb32752c80a98a1596a55ae66d42e42bc7c7e47,2004,completed,0.4739005223919316,0.4715181745272272,
constrained_tpe-rep-17,constrained_tpe,17.0,d50c3e7dc2f5b2c5dfe504b4fcb32752c80a98a1596a55ae66d42e42bc7c7e47,2005,completed,0.45399378181058664,0.4634135706201203,
constrained_tpe-rep-17,constrained_tpe,17.0,d50c3e7dc2f5b2c5dfe504b4fcb32752c80a98a1596a55ae66d42e42bc7c7e47,2006,completed,0.4664171835088038,0.4681985266073902,
constrained_tpe-rep-17,constrained_tpe,17.0,d50c3e7dc2f5b2c5dfe504b4fcb32752c80a98a1596a55ae66d42e42bc7c7e47,2007,completed,0.46600915245048574,0.47125363452817276,
constrained_tpe-rep-17,constrained_tpe,17.0,d50c3e7dc2f5b2c5dfe504b4fcb32752c80a98a1596a55ae66d42e42bc7c7e47,2008,completed,0.46818945302579784,0.47082237298793705,
constrained_tpe-rep-17,constrained_tpe,17.0,d50c3e7dc2f5b2c5dfe504b4fcb32752c80a98a1596a55ae66d42e42bc7c7e47,2009,completed,0.483283564356669,0.47140430503510705,
constrained_tpe-rep-17,constrained_tpe,17.0,d50c3e7dc2f5b2c5dfe504b4fcb32752c80a98a1596a55ae66d42e42bc7c7e47,2010,completed,0.47613573703449874,0.4727723618431543,
constrained_tpe-rep-17,constrained_tpe,17.0,d50c3e7dc2f5b2c5dfe504b4fcb32752c80a98a1596a55ae66d42e42bc7c7e47,2011,completed,0.4744288525535926,0.46987454836888826,
constrained_tpe-rep-17,constrained_tpe,17.0,d50c3e7dc2f5b2c5dfe504b4fcb32752c80a98a1596a55ae66d42e42bc7c7e47,2012,completed,0.47536586059240754,0.472838661296535,
constrained_tpe-rep-17,constrained_tpe,17.0,d50c3e7dc2f5b2c5dfe504b4fcb32752c80a98a1596a55ae66d42e42bc7c7e47,2013,completed,0.4749989255245117,0.4743375039985271,
constrained_tpe-rep-17,constrained_tpe,17.0,d50c3e7dc2f5b2c5dfe504b4fcb32752c80a98a1596a55ae66d42e42bc7c7e47,2014,completed,0.46448043263946437,0.4702314208130139,
constrained_tpe-rep-17,constrained_tpe,17.0,d50c3e7dc2f5b2c5dfe504b4fcb32752c80a98a1596a55ae66d42e42bc7c7e47,2015,completed,0.46082159519067906,0.4674637970477326,
constrained_tpe-rep-17,constrained_tpe,17.0,d50c3e7dc2f5b2c5dfe504b4fcb32752c80a98a1596a55ae66d42e42bc7c7e47,2016,completed,0.4695333373180139,0.46559977074270137,
constrained_tpe-rep-17,constrained_tpe,17.0,d50c3e7dc2f5b2c5dfe504b4fcb32752c80a98a1596a55ae66d42e42bc7c7e47,2017,completed,0.47764144077844034,0.47234045488963916,
constrained_tpe-rep-17,constrained_tpe,17.0,d50c3e7dc2f5b2c5dfe504b4fcb32752c80a98a1596a55ae66d42e42bc7c7e47,2018,completed,0.47380547865469297,0.4737233501333424,
constrained_tpe-rep-17,constrained_tpe,17.0,d50c3e7dc2f5b2c5dfe504b4fcb32752c80a98a1596a55ae66d42e42bc7c7e47,2019,completed,0.47251631541187117,0.47309704021248156,
constrained_tpe-rep-17,constrained_tpe,17.0,d50c3e7dc2f5b2c5dfe504b4fcb32752c80a98a1596a55ae66d42e42bc7c7e47,2020,completed,0.4698679380165938,0.4687611016256697,
multi_objective_tpe-rep-17,multi_objective_tpe,17.0,136f91545373ad6ef501d3a365da1413708a7d3b10c98a7bb5a7d3d88ff72901,2001,completed,0.4860359572042406,0.48772251437416414,
multi_objective_tpe-rep-17,multi_objective_tpe,17.0,136f91545373ad6ef501d3a365da1413708a7d3b10c98a7bb5a7d3d88ff72901,2002,completed,0.49536079321169363,0.47953079109190616,
multi_objective_tpe-rep-17,multi_objective_tpe,17.0,136f91545373ad6ef501d3a365da1413708a7d3b10c98a7bb5a7d3d88ff72901,2003,completed,0.4863230060509723,0.48619854011844377,
multi_objective_tpe-rep-17,multi_objective_tpe,17.0,136f91545373ad6ef501d3a365da1413708a7d3b10c98a7bb5a7d3d88ff72901,2004,completed,0.48684062263812344,0.4917639712303242,
multi_objective_tpe-rep-17,multi_objective_tpe,17.0,136f91545373ad6ef501d3a365da1413708a7d3b10c98a7bb5a7d3d88ff72901,2005,completed,0.4724119300436136,0.48691262677416364,
multi_objective_tpe-rep-17,multi_objective_tpe,17.0,136f91545373ad6ef501d3a365da1413708a7d3b10c98a7bb5a7d3d88ff72901,2006,completed,0.48753335584563895,0.485280241627301,
multi_objective_tpe-rep-17,multi_objective_tpe,17.0,136f91545373ad6ef501d3a365da1413708a7d3b10c98a7bb5a7d3d88ff72901,2007,completed,0.4780000779981755,0.47964845138451445,
multi_objective_tpe-rep-17,multi_objective_tpe,17.0,136f91545373ad6ef501d3a365da1413708a7d3b10c98a7bb5a7d3d88ff72901,2008,completed,0.4839858032945217,0.48304387765654766,
multi_objective_tpe-rep-17,multi_objective_tpe,17.0,136f91545373ad6ef501d3a365da1413708a7d3b10c98a7bb5a7d3d88ff72901,2009,completed,0.49834337037649035,0.48550053891633765,
multi_objective_tpe-rep-17,multi_objective_tpe,17.0,136f91545373ad6ef501d3a365da1413708a7d3b10c98a7bb5a7d3d88ff72901,2010,completed,0.48806396928430323,0.49113808745156456,
multi_objective_tpe-rep-17,multi_objective_tpe,17.0,136f91545373ad6ef501d3a365da1413708a7d3b10c98a7bb5a7d3d88ff72901,2011,completed,0.48093165656876796,0.4856081761772865,
multi_objective_tpe-rep-17,multi_objective_tpe,17.0,136f91545373ad6ef501d3a365da1413708a7d3b10c98a7bb5a7d3d88ff72901,2012,completed,0.4937090481844124,0.48720313000454873,
multi_objective_tpe-rep-17,multi_objective_tpe,17.0,136f91545373ad6ef501d3a365da1413708a7d3b10c98a7bb5a7d3d88ff72901,2013,completed,0.49508530116759225,0.49108220819329634,
multi_objective_tpe-rep-17,multi_objective_tpe,17.0,136f91545373ad6ef501d3a365da1413708a7d3b10c98a7bb5a7d3d88ff72901,2014,completed,0.47118085694330536,0.4812549373580091,
multi_objective_tpe-rep-17,multi_objective_tpe,17.0,136f91545373ad6ef501d3a365da1413708a7d3b10c98a7bb5a7d3d88ff72901,2015,completed,0.48248158799463625,0.490281275377421,
multi_objective_tpe-rep-17,multi_objective_tpe,17.0,136f91545373ad6ef501d3a365da1413708a7d3b10c98a7bb5a7d3d88ff72901,2016,completed,0.48039940066915127,0.4752034244502988,
multi_objective_tpe-rep-17,multi_objective_tpe,17.0,136f91545373ad6ef501d3a365da1413708a7d3b10c98a7bb5a7d3d88ff72901,2017,completed,0.49578777303189275,0.49765744147938573,
multi_objective_tpe-rep-17,multi_objective_tpe,17.0,136f91545373ad6ef501d3a365da1413708a7d3b10c98a7bb5a7d3d88ff72901,2018,completed,0.4931715571698446,0.4921850865798876,
multi_objective_tpe-rep-17,multi_objective_tpe,17.0,136f91545373ad6ef501d3a365da1413708a7d3b10c98a7bb5a7d3d88ff72901,2019,completed,0.4754008349722913,0.48044433561638655,
multi_objective_tpe-rep-17,multi_objective_tpe,17.0,136f91545373ad6ef501d3a365da1413708a7d3b10c98a7bb5a7d3d88ff72901,2020,completed,0.48748282164468626,0.4864583840347124,
random_search-rep-18,random_search,18.0,d05d946c228eafce87f1147d0d2994f29ef06639179d0c03215ee98a58990be6,2001,completed,0.4689514823942562,0.4651631058086837,
random_search-rep-18,random_search,18.0,d05d946c228eafce87f1147d0d2994f29ef06639179d0c03215ee98a58990be6,2002,completed,0.4815998080270873,0.46744836326990086,
random_search-rep-18,random_search,18.0,d05d946c228eafce87f1147d0d2994f29ef06639179d0c03215ee98a58990be6,2003,completed,0.4584031242162862,0.46854955095775475,
random_search-rep-18,random_search,18.0,d05d946c228eafce87f1147d0d2994f29ef06639179d0c03215ee98a58990be6,2004,completed,0.465052506259088,0.46688017249190533,
random_search-rep-18,random_search,18.0,d05d946c228eafce87f1147d0d2994f29ef06639179d0c03215ee98a58990be6,2005,completed,0.4591247016907196,0.4710046760948823,
random_search-rep-18,random_search,18.0,d05d946c228eafce87f1147d0d2994f29ef06639179d0c03215ee98a58990be6,2006,completed,0.4666582417083827,0.4704250068288409,
random_search-rep-18,random_search,18.0,d05d946c228eafce87f1147d0d2994f29ef06639179d0c03215ee98a58990be6,2007,completed,0.45764410708200093,0.46683618460525766,
random_search-rep-18,random_search,18.0,d05d946c228eafce87f1147d0d2994f29ef06639179d0c03215ee98a58990be6,2008,completed,0.4696550495540333,0.46980918371378017,
random_search-rep-18,random_search,18.0,d05d946c228eafce87f1147d0d2994f29ef06639179d0c03215ee98a58990be6,2009,completed,0.47796683333719914,0.47129232394076065,
random_search-rep-18,random_search,18.0,d05d946c228eafce87f1147d0d2994f29ef06639179d0c03215ee98a58990be6,2010,completed,0.47322231009314214,0.47298180085472075,
random_search-rep-18,random_search,18.0,d05d946c228eafce87f1147d0d2994f29ef06639179d0c03215ee98a58990be6,2011,completed,0.4706703700096159,0.4712155019793727,
random_search-rep-18,random_search,18.0,d05d946c228eafce87f1147d0d2994f29ef06639179d0c03215ee98a58990be6,2012,completed,0.481594355591335,0.4711535274552136,
random_search-rep-18,random_search,18.0,d05d946c228eafce87f1147d0d2994f29ef06639179d0c03215ee98a58990be6,2013,completed,0.4720692358424064,0.475482031841051,
random_search-rep-18,random_search,18.0,d05d946c228eafce87f1147d0d2994f29ef06639179d0c03215ee98a58990be6,2014,completed,0.45778653691818133,0.46318305112390623,
random_search-rep-18,random_search,18.0,d05d946c228eafce87f1147d0d2994f29ef06639179d0c03215ee98a58990be6,2015,completed,0.4589887290491667,0.46551539070354214,
random_search-rep-18,random_search,18.0,d05d946c228eafce87f1147d0d2994f29ef06639179d0c03215ee98a58990be6,2016,completed,0.4605694073252539,0.46223900577376537,
random_search-rep-18,random_search,18.0,d05d946c228eafce87f1147d0d2994f29ef06639179d0c03215ee98a58990be6,2017,completed,0.47184788151526674,0.4712583811612733,
random_search-rep-18,random_search,18.0,d05d946c228eafce87f1147d0d2994f29ef06639179d0c03215ee98a58990be6,2018,completed,0.4751882819696165,0.47455275752201753,
random_search-rep-18,random_search,18.0,d05d946c228eafce87f1147d0d2994f29ef06639179d0c03215ee98a58990be6,2019,completed,0.46946753205953645,0.4660816288390011,
random_search-rep-18,random_search,18.0,d05d946c228eafce87f1147d0d2994f29ef06639179d0c03215ee98a58990be6,2020,completed,0.4657505052376996,0.4670838304536983,
single_objective_tpe-rep-18,single_objective_tpe,18.0,4e3a5a51d27a727469cf61d5301a3a086c737d1c7c25ef88054a6f8a043a23f7,2001,completed,0.4673134659706913,0.4605461681000959,
single_objective_tpe-rep-18,single_objective_tpe,18.0,4e3a5a51d27a727469cf61d5301a3a086c737d1c7c25ef88054a6f8a043a23f7,2002,completed,0.4765788771191806,0.4619428693913561,
single_objective_tpe-rep-18,single_objective_tpe,18.0,4e3a5a51d27a727469cf61d5301a3a086c737d1c7c25ef88054a6f8a043a23f7,2003,completed,0.45773902316832793,0.46212527708662543,
single_objective_tpe-rep-18,single_objective_tpe,18.0,4e3a5a51d27a727469cf61d5301a3a086c737d1c7c25ef88054a6f8a043a23f7,2004,completed,0.4673874678828269,0.4634255172266633,
single_objective_tpe-rep-18,single_objective_tpe,18.0,4e3a5a51d27a727469cf61d5301a3a086c737d1c7c25ef88054a6f8a043a23f7,2005,completed,0.45779388270349824,0.4728377466642222,
single_objective_tpe-rep-18,single_objective_tpe,18.0,4e3a5a51d27a727469cf61d5301a3a086c737d1c7c25ef88054a6f8a043a23f7,2006,completed,0.4683676215047491,0.4666151984808814,
single_objective_tpe-rep-18,single_objective_tpe,18.0,4e3a5a51d27a727469cf61d5301a3a086c737d1c7c25ef88054a6f8a043a23f7,2007,completed,0.4574973754230817,0.46342167286752356,
single_objective_tpe-rep-18,single_objective_tpe,18.0,4e3a5a51d27a727469cf61d5301a3a086c737d1c7c25ef88054a6f8a043a23f7,2008,completed,0.4641868799432,0.4658847808709183,
single_objective_tpe-rep-18,single_objective_tpe,18.0,4e3a5a51d27a727469cf61d5301a3a086c737d1c7c25ef88054a6f8a043a23f7,2009,completed,0.47873114313330395,0.4725399652254696,
single_objective_tpe-rep-18,single_objective_tpe,18.0,4e3a5a51d27a727469cf61d5301a3a086c737d1c7c25ef88054a6f8a043a23f7,2010,completed,0.4658603689332763,0.4696346578565224,
single_objective_tpe-rep-18,single_objective_tpe,18.0,4e3a5a51d27a727469cf61d5301a3a086c737d1c7c25ef88054a6f8a043a23f7,2011,completed,0.47169828128243974,0.4700930282085595,
single_objective_tpe-rep-18,single_objective_tpe,18.0,4e3a5a51d27a727469cf61d5301a3a086c737d1c7c25ef88054a6f8a043a23f7,2012,completed,0.4708578511450987,0.4645006656154271,
single_objective_tpe-rep-18,single_objective_tpe,18.0,4e3a5a51d27a727469cf61d5301a3a086c737d1c7c25ef88054a6f8a043a23f7,2013,completed,0.4730251388376172,0.46717188909433405,
single_objective_tpe-rep-18,single_objective_tpe,18.0,4e3a5a51d27a727469cf61d5301a3a086c737d1c7c25ef88054a6f8a043a23f7,2014,completed,0.46113154350137714,0.4624365152083104,
single_objective_tpe-rep-18,single_objective_tpe,18.0,4e3a5a51d27a727469cf61d5301a3a086c737d1c7c25ef88054a6f8a043a23f7,2015,completed,0.4582705551395137,0.464071689181445,
single_objective_tpe-rep-18,single_objective_tpe,18.0,4e3a5a51d27a727469cf61d5301a3a086c737d1c7c25ef88054a6f8a043a23f7,2016,completed,0.45866881418700367,0.4692528769938887,
single_objective_tpe-rep-18,single_objective_tpe,18.0,4e3a5a51d27a727469cf61d5301a3a086c737d1c7c25ef88054a6f8a043a23f7,2017,completed,0.4665133749827356,0.46280030280611384,
single_objective_tpe-rep-18,single_objective_tpe,18.0,4e3a5a51d27a727469cf61d5301a3a086c737d1c7c25ef88054a6f8a043a23f7,2018,completed,0.4735462920157895,0.4711649824370854,
single_objective_tpe-rep-18,single_objective_tpe,18.0,4e3a5a51d27a727469cf61d5301a3a086c737d1c7c25ef88054a6f8a043a23f7,2019,completed,0.46836065748386585,0.4646605854788366,
single_objective_tpe-rep-18,single_objective_tpe,18.0,4e3a5a51d27a727469cf61d5301a3a086c737d1c7c25ef88054a6f8a043a23f7,2020,completed,0.4654424807067277,0.4638886400844803,
constrained_tpe-rep-18,constrained_tpe,18.0,4c63cde8b280ce0df326ecbf99bac70ac92e8a1c31df1b2628d10b0cd21fd373,2001,completed,0.46902437926244406,0.46281862645443184,
constrained_tpe-rep-18,constrained_tpe,18.0,4c63cde8b280ce0df326ecbf99bac70ac92e8a1c31df1b2628d10b0cd21fd373,2002,completed,0.4798782636648115,0.4638426033679902,
constrained_tpe-rep-18,constrained_tpe,18.0,4c63cde8b280ce0df326ecbf99bac70ac92e8a1c31df1b2628d10b0cd21fd373,2003,completed,0.4589345581801001,0.46155775881064487,
constrained_tpe-rep-18,constrained_tpe,18.0,4c63cde8b280ce0df326ecbf99bac70ac92e8a1c31df1b2628d10b0cd21fd373,2004,completed,0.46196715273009814,0.4649361131166527,
constrained_tpe-rep-18,constrained_tpe,18.0,4c63cde8b280ce0df326ecbf99bac70ac92e8a1c31df1b2628d10b0cd21fd373,2005,completed,0.4541560215759738,0.465183663207693,
constrained_tpe-rep-18,constrained_tpe,18.0,4c63cde8b280ce0df326ecbf99bac70ac92e8a1c31df1b2628d10b0cd21fd373,2006,completed,0.46361309227660646,0.4662020012760495,
constrained_tpe-rep-18,constrained_tpe,18.0,4c63cde8b280ce0df326ecbf99bac70ac92e8a1c31df1b2628d10b0cd21fd373,2007,completed,0.45914276280006944,0.4678375473528695,
constrained_tpe-rep-18,constrained_tpe,18.0,4c63cde8b280ce0df326ecbf99bac70ac92e8a1c31df1b2628d10b0cd21fd373,2008,completed,0.46585364414112285,0.4659009634294494,
constrained_tpe-rep-18,constrained_tpe,18.0,4c63cde8b280ce0df326ecbf99bac70ac92e8a1c31df1b2628d10b0cd21fd373,2009,completed,0.47673889044763257,0.4702106255676043,
constrained_tpe-rep-18,constrained_tpe,18.0,4c63cde8b280ce0df326ecbf99bac70ac92e8a1c31df1b2628d10b0cd21fd373,2010,completed,0.4675381804564498,0.4652046907394915,
constrained_tpe-rep-18,constrained_tpe,18.0,4c63cde8b280ce0df326ecbf99bac70ac92e8a1c31df1b2628d10b0cd21fd373,2011,completed,0.4669304056647258,0.46940485995561615,
constrained_tpe-rep-18,constrained_tpe,18.0,4c63cde8b280ce0df326ecbf99bac70ac92e8a1c31df1b2628d10b0cd21fd373,2012,completed,0.4772095468948041,0.4662584532867351,
constrained_tpe-rep-18,constrained_tpe,18.0,4c63cde8b280ce0df326ecbf99bac70ac92e8a1c31df1b2628d10b0cd21fd373,2013,completed,0.4721287809145026,0.4655187385588651,
constrained_tpe-rep-18,constrained_tpe,18.0,4c63cde8b280ce0df326ecbf99bac70ac92e8a1c31df1b2628d10b0cd21fd373,2014,completed,0.4605947237194296,0.46529198782185016,
constrained_tpe-rep-18,constrained_tpe,18.0,4c63cde8b280ce0df326ecbf99bac70ac92e8a1c31df1b2628d10b0cd21fd373,2015,completed,0.4578488035735547,0.46646572921320706,
constrained_tpe-rep-18,constrained_tpe,18.0,4c63cde8b280ce0df326ecbf99bac70ac92e8a1c31df1b2628d10b0cd21fd373,2016,completed,0.4665877169433072,0.46304015359743605,
constrained_tpe-rep-18,constrained_tpe,18.0,4c63cde8b280ce0df326ecbf99bac70ac92e8a1c31df1b2628d10b0cd21fd373,2017,completed,0.47181473541668983,0.467667993161275,
constrained_tpe-rep-18,constrained_tpe,18.0,4c63cde8b280ce0df326ecbf99bac70ac92e8a1c31df1b2628d10b0cd21fd373,2018,completed,0.47404455514250315,0.46686392100200264,
constrained_tpe-rep-18,constrained_tpe,18.0,4c63cde8b280ce0df326ecbf99bac70ac92e8a1c31df1b2628d10b0cd21fd373,2019,completed,0.4734868275353164,0.46625702251362916,
constrained_tpe-rep-18,constrained_tpe,18.0,4c63cde8b280ce0df326ecbf99bac70ac92e8a1c31df1b2628d10b0cd21fd373,2020,completed,0.4660748179939786,0.46083290194796306,
multi_objective_tpe-rep-18,multi_objective_tpe,18.0,5e1662fd71f9420dd8f416623b48688b24351e6bf0a59c445c4d8bd1459843e1,2001,completed,0.5016265561760713,0.5057786051353667,
multi_objective_tpe-rep-18,multi_objective_tpe,18.0,5e1662fd71f9420dd8f416623b48688b24351e6bf0a59c445c4d8bd1459843e1,2002,completed,0.506240182739206,0.5013010394660041,
multi_objective_tpe-rep-18,multi_objective_tpe,18.0,5e1662fd71f9420dd8f416623b48688b24351e6bf0a59c445c4d8bd1459843e1,2003,completed,0.49609462610571214,0.5027195042425232,
multi_objective_tpe-rep-18,multi_objective_tpe,18.0,5e1662fd71f9420dd8f416623b48688b24351e6bf0a59c445c4d8bd1459843e1,2004,completed,0.4980152635881093,0.4996011124498256,
multi_objective_tpe-rep-18,multi_objective_tpe,18.0,5e1662fd71f9420dd8f416623b48688b24351e6bf0a59c445c4d8bd1459843e1,2005,completed,0.4901610439674526,0.5026678591019538,
multi_objective_tpe-rep-18,multi_objective_tpe,18.0,5e1662fd71f9420dd8f416623b48688b24351e6bf0a59c445c4d8bd1459843e1,2006,completed,0.5006982768182345,0.5031713386037309,
multi_objective_tpe-rep-18,multi_objective_tpe,18.0,5e1662fd71f9420dd8f416623b48688b24351e6bf0a59c445c4d8bd1459843e1,2007,completed,0.49000862404318263,0.5001861562091868,
multi_objective_tpe-rep-18,multi_objective_tpe,18.0,5e1662fd71f9420dd8f416623b48688b24351e6bf0a59c445c4d8bd1459843e1,2008,completed,0.5023632122071745,0.5025628754051792,
multi_objective_tpe-rep-18,multi_objective_tpe,18.0,5e1662fd71f9420dd8f416623b48688b24351e6bf0a59c445c4d8bd1459843e1,2009,completed,0.5079691974637506,0.503697877147744,
multi_objective_tpe-rep-18,multi_objective_tpe,18.0,5e1662fd71f9420dd8f416623b48688b24351e6bf0a59c445c4d8bd1459843e1,2010,completed,0.5009821775352447,0.5084934633270419,
multi_objective_tpe-rep-18,multi_objective_tpe,18.0,5e1662fd71f9420dd8f416623b48688b24351e6bf0a59c445c4d8bd1459843e1,2011,completed,0.4956076662528258,0.5024088459397189,
multi_objective_tpe-rep-18,multi_objective_tpe,18.0,5e1662fd71f9420dd8f416623b48688b24351e6bf0a59c445c4d8bd1459843e1,2012,completed,0.5097796318749899,0.5008110461437122,
multi_objective_tpe-rep-18,multi_objective_tpe,18.0,5e1662fd71f9420dd8f416623b48688b24351e6bf0a59c445c4d8bd1459843e1,2013,completed,0.5006772830640588,0.5015331508308459,
multi_objective_tpe-rep-18,multi_objective_tpe,18.0,5e1662fd71f9420dd8f416623b48688b24351e6bf0a59c445c4d8bd1459843e1,2014,completed,0.48926066336628965,0.4995986493618516,
multi_objective_tpe-rep-18,multi_objective_tpe,18.0,5e1662fd71f9420dd8f416623b48688b24351e6bf0a59c445c4d8bd1459843e1,2015,completed,0.49093595038635074,0.5004956068394449,
multi_objective_tpe-rep-18,multi_objective_tpe,18.0,5e1662fd71f9420dd8f416623b48688b24351e6bf0a59c445c4d8bd1459843e1,2016,completed,0.5005866067178271,0.5076316681108859,
multi_objective_tpe-rep-18,multi_objective_tpe,18.0,5e1662fd71f9420dd8f416623b48688b24351e6bf0a59c445c4d8bd1459843e1,2017,completed,0.5031771135970396,0.5055333817774892,
multi_objective_tpe-rep-18,multi_objective_tpe,18.0,5e1662fd71f9420dd8f416623b48688b24351e6bf0a59c445c4d8bd1459843e1,2018,completed,0.5023075486053792,0.4998518613315266,
multi_objective_tpe-rep-18,multi_objective_tpe,18.0,5e1662fd71f9420dd8f416623b48688b24351e6bf0a59c445c4d8bd1459843e1,2019,completed,0.4910913947052757,0.5043287810060807,
multi_objective_tpe-rep-18,multi_objective_tpe,18.0,5e1662fd71f9420dd8f416623b48688b24351e6bf0a59c445c4d8bd1459843e1,2020,completed,0.5003424945726366,0.5034997847553708,
random_search-rep-19,random_search,19.0,d99b51e8388f3d671d11da36fb49daf5194d524c335614f3d1354e14b5e18002,2001,completed,0.4699954596421818,0.4635182697509929,
random_search-rep-19,random_search,19.0,d99b51e8388f3d671d11da36fb49daf5194d524c335614f3d1354e14b5e18002,2002,completed,0.47966507558310834,0.4659130784275312,
random_search-rep-19,random_search,19.0,d99b51e8388f3d671d11da36fb49daf5194d524c335614f3d1354e14b5e18002,2003,completed,0.45910204905369134,0.4653002856315835,
random_search-rep-19,random_search,19.0,d99b51e8388f3d671d11da36fb49daf5194d524c335614f3d1354e14b5e18002,2004,completed,0.4679532163384268,0.47198077221228263,
random_search-rep-19,random_search,19.0,d99b51e8388f3d671d11da36fb49daf5194d524c335614f3d1354e14b5e18002,2005,completed,0.4637949810166227,0.4698545079132144,
random_search-rep-19,random_search,19.0,d99b51e8388f3d671d11da36fb49daf5194d524c335614f3d1354e14b5e18002,2006,completed,0.4646937653860055,0.47000000956423277,
random_search-rep-19,random_search,19.0,d99b51e8388f3d671d11da36fb49daf5194d524c335614f3d1354e14b5e18002,2007,completed,0.461095153662542,0.46757026278919495,
random_search-rep-19,random_search,19.0,d99b51e8388f3d671d11da36fb49daf5194d524c335614f3d1354e14b5e18002,2008,completed,0.46443924312510987,0.47006289609008417,
random_search-rep-19,random_search,19.0,d99b51e8388f3d671d11da36fb49daf5194d524c335614f3d1354e14b5e18002,2009,completed,0.4826857828600087,0.473986788026318,
random_search-rep-19,random_search,19.0,d99b51e8388f3d671d11da36fb49daf5194d524c335614f3d1354e14b5e18002,2010,completed,0.4681125002387704,0.4716828843813034,
random_search-rep-19,random_search,19.0,d99b51e8388f3d671d11da36fb49daf5194d524c335614f3d1354e14b5e18002,2011,completed,0.4676127103560659,0.4675620667960691,
random_search-rep-19,random_search,19.0,d99b51e8388f3d671d11da36fb49daf5194d524c335614f3d1354e14b5e18002,2012,completed,0.4751776180349846,0.4658147366227668,
random_search-rep-19,random_search,19.0,d99b51e8388f3d671d11da36fb49daf5194d524c335614f3d1354e14b5e18002,2013,completed,0.46955944993411725,0.46584283699624873,
random_search-rep-19,random_search,19.0,d99b51e8388f3d671d11da36fb49daf5194d524c335614f3d1354e14b5e18002,2014,completed,0.4651818856732264,0.4681942313744718,
random_search-rep-19,random_search,19.0,d99b51e8388f3d671d11da36fb49daf5194d524c335614f3d1354e14b5e18002,2015,completed,0.4610955184842758,0.46708114545387697,
random_search-rep-19,random_search,19.0,d99b51e8388f3d671d11da36fb49daf5194d524c335614f3d1354e14b5e18002,2016,completed,0.4583332071508946,0.4668889052980183,
random_search-rep-19,random_search,19.0,d99b51e8388f3d671d11da36fb49daf5194d524c335614f3d1354e14b5e18002,2017,completed,0.4670192361247122,0.4644971587895245,
random_search-rep-19,random_search,19.0,d99b51e8388f3d671d11da36fb49daf5194d524c335614f3d1354e14b5e18002,2018,completed,0.4741618782181396,0.4684327821252896,
random_search-rep-19,random_search,19.0,d99b51e8388f3d671d11da36fb49daf5194d524c335614f3d1354e14b5e18002,2019,completed,0.46886879564166595,0.46749789873855796,
random_search-rep-19,random_search,19.0,d99b51e8388f3d671d11da36fb49daf5194d524c335614f3d1354e14b5e18002,2020,completed,0.4658561898435261,0.4688446820306446,
single_objective_tpe-rep-19,single_objective_tpe,19.0,934c786dac95bb7741ca2de4b8900c9ecaeb902f75ee1ac13ac261db678a1220,2001,completed,0.46925915329625406,0.46650533184564835,
single_objective_tpe-rep-19,single_objective_tpe,19.0,934c786dac95bb7741ca2de4b8900c9ecaeb902f75ee1ac13ac261db678a1220,2002,completed,0.4812808241224492,0.4624552103437798,
single_objective_tpe-rep-19,single_objective_tpe,19.0,934c786dac95bb7741ca2de4b8900c9ecaeb902f75ee1ac13ac261db678a1220,2003,completed,0.4580718733112822,0.46417389252901864,
single_objective_tpe-rep-19,single_objective_tpe,19.0,934c786dac95bb7741ca2de4b8900c9ecaeb902f75ee1ac13ac261db678a1220,2004,completed,0.46513021809539407,0.46658147669014016,
single_objective_tpe-rep-19,single_objective_tpe,19.0,934c786dac95bb7741ca2de4b8900c9ecaeb902f75ee1ac13ac261db678a1220,2005,completed,0.45109395718296,0.46268231777373847,
single_objective_tpe-rep-19,single_objective_tpe,19.0,934c786dac95bb7741ca2de4b8900c9ecaeb902f75ee1ac13ac261db678a1220,2006,completed,0.4661857039013567,0.4630619307079769,
single_objective_tpe-rep-19,single_objective_tpe,19.0,934c786dac95bb7741ca2de4b8900c9ecaeb902f75ee1ac13ac261db678a1220,2007,completed,0.45807102159229435,0.46574735339382906,
single_objective_tpe-rep-19,single_objective_tpe,19.0,934c786dac95bb7741ca2de4b8900c9ecaeb902f75ee1ac13ac261db678a1220,2008,completed,0.4636355463695014,0.46551431845411606,
single_objective_tpe-rep-19,single_objective_tpe,19.0,934c786dac95bb7741ca2de4b8900c9ecaeb902f75ee1ac13ac261db678a1220,2009,completed,0.4794525185892629,0.4665376564417361,
single_objective_tpe-rep-19,single_objective_tpe,19.0,934c786dac95bb7741ca2de4b8900c9ecaeb902f75ee1ac13ac261db678a1220,2010,completed,0.4756110563114917,0.4695574247555571,
single_objective_tpe-rep-19,single_objective_tpe,19.0,934c786dac95bb7741ca2de4b8900c9ecaeb902f75ee1ac13ac261db678a1220,2011,completed,0.47249351686332164,0.4674434012133616,
single_objective_tpe-rep-19,single_objective_tpe,19.0,934c786dac95bb7741ca2de4b8900c9ecaeb902f75ee1ac13ac261db678a1220,2012,completed,0.47442450821901233,0.4635140589839823,
single_objective_tpe-rep-19,single_objective_tpe,19.0,934c786dac95bb7741ca2de4b8900c9ecaeb902f75ee1ac13ac261db678a1220,2013,completed,0.471891267791273,0.4708350887566687,
single_objective_tpe-rep-19,single_objective_tpe,19.0,934c786dac95bb7741ca2de4b8900c9ecaeb902f75ee1ac13ac261db678a1220,2014,completed,0.462211548719322,0.46655964205151584,
single_objective_tpe-rep-19,single_objective_tpe,19.0,934c786dac95bb7741ca2de4b8900c9ecaeb902f75ee1ac13ac261db678a1220,2015,completed,0.4582393148755383,0.46494516288694543,
single_objective_tpe-rep-19,single_objective_tpe,19.0,934c786dac95bb7741ca2de4b8900c9ecaeb902f75ee1ac13ac261db678a1220,2016,completed,0.45887447473377707,0.4632226390925167,
single_objective_tpe-rep-19,single_objective_tpe,19.0,934c786dac95bb7741ca2de4b8900c9ecaeb902f75ee1ac13ac261db678a1220,2017,completed,0.46988805548903095,0.46870869077785243,
single_objective_tpe-rep-19,single_objective_tpe,19.0,934c786dac95bb7741ca2de4b8900c9ecaeb902f75ee1ac13ac261db678a1220,2018,completed,0.4709709180157219,0.4665798494154066,
single_objective_tpe-rep-19,single_objective_tpe,19.0,934c786dac95bb7741ca2de4b8900c9ecaeb902f75ee1ac13ac261db678a1220,2019,completed,0.47376146901749827,0.46503984258506437,
single_objective_tpe-rep-19,single_objective_tpe,19.0,934c786dac95bb7741ca2de4b8900c9ecaeb902f75ee1ac13ac261db678a1220,2020,completed,0.46509871357682603,0.4664984601643365,
constrained_tpe-rep-19,constrained_tpe,19.0,697ce08d62fab4a016fdfaee51b79936b85bfd35a6328ecb101a58e613b768c6,2001,completed,0.46532655831171305,0.46138384214936784,
constrained_tpe-rep-19,constrained_tpe,19.0,697ce08d62fab4a016fdfaee51b79936b85bfd35a6328ecb101a58e613b768c6,2002,completed,0.4809711388107458,0.4663216241663179,
constrained_tpe-rep-19,constrained_tpe,19.0,697ce08d62fab4a016fdfaee51b79936b85bfd35a6328ecb101a58e613b768c6,2003,completed,0.45766762554886875,0.4664845730756381,
constrained_tpe-rep-19,constrained_tpe,19.0,697ce08d62fab4a016fdfaee51b79936b85bfd35a6328ecb101a58e613b768c6,2004,completed,0.4703678441996076,0.46464054263747506,
constrained_tpe-rep-19,constrained_tpe,19.0,697ce08d62fab4a016fdfaee51b79936b85bfd35a6328ecb101a58e613b768c6,2005,completed,0.4559110617939358,0.46695239095766167,
constrained_tpe-rep-19,constrained_tpe,19.0,697ce08d62fab4a016fdfaee51b79936b85bfd35a6328ecb101a58e613b768c6,2006,completed,0.4727605129837807,0.4687805231647129,
constrained_tpe-rep-19,constrained_tpe,19.0,697ce08d62fab4a016fdfaee51b79936b85bfd35a6328ecb101a58e613b768c6,2007,completed,0.4628503542821289,0.4714456781689622,
constrained_tpe-rep-19,constrained_tpe,19.0,697ce08d62fab4a016fdfaee51b79936b85bfd35a6328ecb101a58e613b768c6,2008,completed,0.4671552962218705,0.46642744357684396,
constrained_tpe-rep-19,constrained_tpe,19.0,697ce08d62fab4a016fdfaee51b79936b85bfd35a6328ecb101a58e613b768c6,2009,completed,0.4779254807295682,0.46899087246554144,
constrained_tpe-rep-19,constrained_tpe,19.0,697ce08d62fab4a016fdfaee51b79936b85bfd35a6328ecb101a58e613b768c6,2010,completed,0.47288608178969915,0.47267732395487166,
constrained_tpe-rep-19,constrained_tpe,19.0,697ce08d62fab4a016fdfaee51b79936b85bfd35a6328ecb101a58e613b768c6,2011,completed,0.47302673600164136,0.47046951770910106,
constrained_tpe-rep-19,constrained_tpe,19.0,697ce08d62fab4a016fdfaee51b79936b85bfd35a6328ecb101a58e613b768c6,2012,completed,0.4817033875172542,0.4708123092720324,
constrained_tpe-rep-19,constrained_tpe,19.0,697ce08d62fab4a016fdfaee51b79936b85bfd35a6328ecb101a58e613b768c6,2013,completed,0.4797483306382191,0.47223553063181417,
constrained_tpe-rep-19,constrained_tpe,19.0,697ce08d62fab4a016fdfaee51b79936b85bfd35a6328ecb101a58e613b768c6,2014,completed,0.4630369715405344,0.47009945566626476,
constrained_tpe-rep-19,constrained_tpe,19.0,697ce08d62fab4a016fdfaee51b79936b85bfd35a6328ecb101a58e613b768c6,2015,completed,0.4588703953001199,0.47013533285484954,
constrained_tpe-rep-19,constrained_tpe,19.0,697ce08d62fab4a016fdfaee51b79936b85bfd35a6328ecb101a58e613b768c6,2016,completed,0.46319519112637586,0.47025489561184686,
constrained_tpe-rep-19,constrained_tpe,19.0,697ce08d62fab4a016fdfaee51b79936b85bfd35a6328ecb101a58e613b768c6,2017,completed,0.47271101401910376,0.467193210613466,
constrained_tpe-rep-19,constrained_tpe,19.0,697ce08d62fab4a016fdfaee51b79936b85bfd35a6328ecb101a58e613b768c6,2018,completed,0.4758362665519439,0.4701540265403011,
constrained_tpe-rep-19,constrained_tpe,19.0,697ce08d62fab4a016fdfaee51b79936b85bfd35a6328ecb101a58e613b768c6,2019,completed,0.4710705337305569,0.47007916405400096,
constrained_tpe-rep-19,constrained_tpe,19.0,697ce08d62fab4a016fdfaee51b79936b85bfd35a6328ecb101a58e613b768c6,2020,completed,0.46388181633431913,0.4690635826640381,
multi_objective_tpe-rep-19,multi_objective_tpe,19.0,14cdd13d1a753a9dab024b831a53eb29daacc3f02c436be8fbc154b87150bf25,2001,completed,0.4848914943645964,0.4861351206494495,
multi_objective_tpe-rep-19,multi_objective_tpe,19.0,14cdd13d1a753a9dab024b831a53eb29daacc3f02c436be8fbc154b87150bf25,2002,completed,0.4971328548512847,0.4853439563505912,
multi_objective_tpe-rep-19,multi_objective_tpe,19.0,14cdd13d1a753a9dab024b831a53eb29daacc3f02c436be8fbc154b87150bf25,2003,completed,0.47903383288202384,0.48348503518956454,
multi_objective_tpe-rep-19,multi_objective_tpe,19.0,14cdd13d1a753a9dab024b831a53eb29daacc3f02c436be8fbc154b87150bf25,2004,completed,0.4847162408121417,0.48002200155009483,
multi_objective_tpe-rep-19,multi_objective_tpe,19.0,14cdd13d1a753a9dab024b831a53eb29daacc3f02c436be8fbc154b87150bf25,2005,completed,0.4667255772060455,0.4814358955831766,
multi_objective_tpe-rep-19,multi_objective_tpe,19.0,14cdd13d1a753a9dab024b831a53eb29daacc3f02c436be8fbc154b87150bf25,2006,completed,0.4802129949661838,0.4875427018013561,
multi_objective_tpe-rep-19,multi_objective_tpe,19.0,14cdd13d1a753a9dab024b831a53eb29daacc3f02c436be8fbc154b87150bf25,2007,completed,0.47628538861784353,0.48465435791015266,
multi_objective_tpe-rep-19,multi_objective_tpe,19.0,14cdd13d1a753a9dab024b831a53eb29daacc3f02c436be8fbc154b87150bf25,2008,completed,0.47921287765412074,0.473943313170372,
multi_objective_tpe-rep-19,multi_objective_tpe,19.0,14cdd13d1a753a9dab024b831a53eb29daacc3f02c436be8fbc154b87150bf25,2009,completed,0.4950775410998625,0.4837584962854585,
multi_objective_tpe-rep-19,multi_objective_tpe,19.0,14cdd13d1a753a9dab024b831a53eb29daacc3f02c436be8fbc154b87150bf25,2010,completed,0.4795641012103213,0.48363801661926525,
multi_objective_tpe-rep-19,multi_objective_tpe,19.0,14cdd13d1a753a9dab024b831a53eb29daacc3f02c436be8fbc154b87150bf25,2011,completed,0.4881665920890931,0.4888243009740571,
multi_objective_tpe-rep-19,multi_objective_tpe,19.0,14cdd13d1a753a9dab024b831a53eb29daacc3f02c436be8fbc154b87150bf25,2012,completed,0.4904966353497089,0.48450437374688327,
multi_objective_tpe-rep-19,multi_objective_tpe,19.0,14cdd13d1a753a9dab024b831a53eb29daacc3f02c436be8fbc154b87150bf25,2013,completed,0.48874485629218895,0.4890307003852066,
multi_objective_tpe-rep-19,multi_objective_tpe,19.0,14cdd13d1a753a9dab024b831a53eb29daacc3f02c436be8fbc154b87150bf25,2014,completed,0.4717255106460271,0.4820167096717113,
multi_objective_tpe-rep-19,multi_objective_tpe,19.0,14cdd13d1a753a9dab024b831a53eb29daacc3f02c436be8fbc154b87150bf25,2015,completed,0.47421623198283913,0.48950420187549326,
multi_objective_tpe-rep-19,multi_objective_tpe,19.0,14cdd13d1a753a9dab024b831a53eb29daacc3f02c436be8fbc154b87150bf25,2016,completed,0.48068327787289894,0.48366232737599874,
multi_objective_tpe-rep-19,multi_objective_tpe,19.0,14cdd13d1a753a9dab024b831a53eb29daacc3f02c436be8fbc154b87150bf25,2017,completed,0.48372379016952477,0.4854355201883761,
multi_objective_tpe-rep-19,multi_objective_tpe,19.0,14cdd13d1a753a9dab024b831a53eb29daacc3f02c436be8fbc154b87150bf25,2018,completed,0.49342655875670366,0.4876242412891566,
multi_objective_tpe-rep-19,multi_objective_tpe,19.0,14cdd13d1a753a9dab024b831a53eb29daacc3f02c436be8fbc154b87150bf25,2019,completed,0.47974189867266237,0.48095259769328763,
multi_objective_tpe-rep-19,multi_objective_tpe,19.0,14cdd13d1a753a9dab024b831a53eb29daacc3f02c436be8fbc154b87150bf25,2020,completed,0.4792741832436358,0.48670489058753663,
doe-mo-rep-0,repeated_preplanned_doe_multi_objective,0.0,25504c815fab540daa7163dd0b33e23dcdfccdc93c4872f2d50d2abbadb1a35e,2001,completed,0.48316266049920015,0.48710747206999316,
doe-mo-rep-0,repeated_preplanned_doe_multi_objective,0.0,25504c815fab540daa7163dd0b33e23dcdfccdc93c4872f2d50d2abbadb1a35e,2002,completed,0.49718348838156917,0.4909892725051604,
doe-mo-rep-0,repeated_preplanned_doe_multi_objective,0.0,25504c815fab540daa7163dd0b33e23dcdfccdc93c4872f2d50d2abbadb1a35e,2003,completed,0.47427325131539133,0.4856927217220658,
doe-mo-rep-0,repeated_preplanned_doe_multi_objective,0.0,25504c815fab540daa7163dd0b33e23dcdfccdc93c4872f2d50d2abbadb1a35e,2004,completed,0.48431342627561713,0.488944123537209,
doe-mo-rep-0,repeated_preplanned_doe_multi_objective,0.0,25504c815fab540daa7163dd0b33e23dcdfccdc93c4872f2d50d2abbadb1a35e,2005,completed,0.470540503770922,0.48801142404538855,
doe-mo-rep-0,repeated_preplanned_doe_multi_objective,0.0,25504c815fab540daa7163dd0b33e23dcdfccdc93c4872f2d50d2abbadb1a35e,2006,completed,0.4810953447587467,0.4879629739888424,
doe-mo-rep-0,repeated_preplanned_doe_multi_objective,0.0,25504c815fab540daa7163dd0b33e23dcdfccdc93c4872f2d50d2abbadb1a35e,2007,completed,0.47185568277756185,0.4821690989782117,
doe-mo-rep-0,repeated_preplanned_doe_multi_objective,0.0,25504c815fab540daa7163dd0b33e23dcdfccdc93c4872f2d50d2abbadb1a35e,2008,completed,0.47735737829853997,0.483416246511887,
doe-mo-rep-0,repeated_preplanned_doe_multi_objective,0.0,25504c815fab540daa7163dd0b33e23dcdfccdc93c4872f2d50d2abbadb1a35e,2009,completed,0.49212543130252345,0.4967151312727899,
doe-mo-rep-0,repeated_preplanned_doe_multi_objective,0.0,25504c815fab540daa7163dd0b33e23dcdfccdc93c4872f2d50d2abbadb1a35e,2010,completed,0.483573917927366,0.491627692009729,
doe-mo-rep-0,repeated_preplanned_doe_multi_objective,0.0,25504c815fab540daa7163dd0b33e23dcdfccdc93c4872f2d50d2abbadb1a35e,2011,completed,0.4842830051646165,0.49539511104898754,
doe-mo-rep-0,repeated_preplanned_doe_multi_objective,0.0,25504c815fab540daa7163dd0b33e23dcdfccdc93c4872f2d50d2abbadb1a35e,2012,completed,0.49120755090512375,0.48360334795236465,
doe-mo-rep-0,repeated_preplanned_doe_multi_objective,0.0,25504c815fab540daa7163dd0b33e23dcdfccdc93c4872f2d50d2abbadb1a35e,2013,completed,0.4832576751491662,0.49334729328595195,
doe-mo-rep-0,repeated_preplanned_doe_multi_objective,0.0,25504c815fab540daa7163dd0b33e23dcdfccdc93c4872f2d50d2abbadb1a35e,2014,completed,0.4785859071906643,0.4851793851197897,
doe-mo-rep-0,repeated_preplanned_doe_multi_objective,0.0,25504c815fab540daa7163dd0b33e23dcdfccdc93c4872f2d50d2abbadb1a35e,2015,completed,0.47705119919872163,0.4912373334721036,
doe-mo-rep-0,repeated_preplanned_doe_multi_objective,0.0,25504c815fab540daa7163dd0b33e23dcdfccdc93c4872f2d50d2abbadb1a35e,2016,completed,0.47629259797311413,0.48773590098834685,
doe-mo-rep-0,repeated_preplanned_doe_multi_objective,0.0,25504c815fab540daa7163dd0b33e23dcdfccdc93c4872f2d50d2abbadb1a35e,2017,completed,0.49024000599777684,0.4928439881025736,
doe-mo-rep-0,repeated_preplanned_doe_multi_objective,0.0,25504c815fab540daa7163dd0b33e23dcdfccdc93c4872f2d50d2abbadb1a35e,2018,completed,0.4930709496063121,0.48593674640118184,
doe-mo-rep-0,repeated_preplanned_doe_multi_objective,0.0,25504c815fab540daa7163dd0b33e23dcdfccdc93c4872f2d50d2abbadb1a35e,2019,completed,0.4809662865395286,0.4903493181548521,
doe-mo-rep-0,repeated_preplanned_doe_multi_objective,0.0,25504c815fab540daa7163dd0b33e23dcdfccdc93c4872f2d50d2abbadb1a35e,2020,completed,0.4850456929866075,0.4930781858611055,
doe-so-rep-0,repeated_preplanned_doe_single_objective,0.0,9d7c4e74ff1568700970bc620a7b8be082f43cb0bfc04b29a1d791dfea9e2028,2001,completed,0.4751183194324913,0.46866876182653505,
doe-so-rep-0,repeated_preplanned_doe_single_objective,0.0,9d7c4e74ff1568700970bc620a7b8be082f43cb0bfc04b29a1d791dfea9e2028,2002,completed,0.48091816524918657,0.4689310825721539,
doe-so-rep-0,repeated_preplanned_doe_single_objective,0.0,9d7c4e74ff1568700970bc620a7b8be082f43cb0bfc04b29a1d791dfea9e2028,2003,completed,0.459445286334745,0.4649749039041509,
doe-so-rep-0,repeated_preplanned_doe_single_objective,0.0,9d7c4e74ff1568700970bc620a7b8be082f43cb0bfc04b29a1d791dfea9e2028,2004,completed,0.46490573980021543,0.4645480690063279,
doe-so-rep-0,repeated_preplanned_doe_single_objective,0.0,9d7c4e74ff1568700970bc620a7b8be082f43cb0bfc04b29a1d791dfea9e2028,2005,completed,0.4572170171849771,0.4723356396907691,
doe-so-rep-0,repeated_preplanned_doe_single_objective,0.0,9d7c4e74ff1568700970bc620a7b8be082f43cb0bfc04b29a1d791dfea9e2028,2006,completed,0.47336604722605524,0.4709112158100828,
doe-so-rep-0,repeated_preplanned_doe_single_objective,0.0,9d7c4e74ff1568700970bc620a7b8be082f43cb0bfc04b29a1d791dfea9e2028,2007,completed,0.4570330674963435,0.46507376640596004,
doe-so-rep-0,repeated_preplanned_doe_single_objective,0.0,9d7c4e74ff1568700970bc620a7b8be082f43cb0bfc04b29a1d791dfea9e2028,2008,completed,0.4687506231820256,0.46924643200828026,
doe-so-rep-0,repeated_preplanned_doe_single_objective,0.0,9d7c4e74ff1568700970bc620a7b8be082f43cb0bfc04b29a1d791dfea9e2028,2009,completed,0.48041493990842693,0.47204189357598164,
doe-so-rep-0,repeated_preplanned_doe_single_objective,0.0,9d7c4e74ff1568700970bc620a7b8be082f43cb0bfc04b29a1d791dfea9e2028,2010,completed,0.4686062378327744,0.4725289678990777,
doe-so-rep-0,repeated_preplanned_doe_single_objective,0.0,9d7c4e74ff1568700970bc620a7b8be082f43cb0bfc04b29a1d791dfea9e2028,2011,completed,0.4705326297501655,0.4729659949809411,
doe-so-rep-0,repeated_preplanned_doe_single_objective,0.0,9d7c4e74ff1568700970bc620a7b8be082f43cb0bfc04b29a1d791dfea9e2028,2012,completed,0.4753837714676779,0.46569745845692406,
doe-so-rep-0,repeated_preplanned_doe_single_objective,0.0,9d7c4e74ff1568700970bc620a7b8be082f43cb0bfc04b29a1d791dfea9e2028,2013,completed,0.47214075050566956,0.46920880663846937,
doe-so-rep-0,repeated_preplanned_doe_single_objective,0.0,9d7c4e74ff1568700970bc620a7b8be082f43cb0bfc04b29a1d791dfea9e2028,2014,completed,0.458569220628145,0.4638440483211268,
doe-so-rep-0,repeated_preplanned_doe_single_objective,0.0,9d7c4e74ff1568700970bc620a7b8be082f43cb0bfc04b29a1d791dfea9e2028,2015,completed,0.45627369889918196,0.4701226198953921,
doe-so-rep-0,repeated_preplanned_doe_single_objective,0.0,9d7c4e74ff1568700970bc620a7b8be082f43cb0bfc04b29a1d791dfea9e2028,2016,completed,0.45968173722401456,0.463927534578103,
doe-so-rep-0,repeated_preplanned_doe_single_objective,0.0,9d7c4e74ff1568700970bc620a7b8be082f43cb0bfc04b29a1d791dfea9e2028,2017,completed,0.4785500324859321,0.47100879508311694,
doe-so-rep-0,repeated_preplanned_doe_single_objective,0.0,9d7c4e74ff1568700970bc620a7b8be082f43cb0bfc04b29a1d791dfea9e2028,2018,completed,0.47676636459162325,0.46866267539305334,
doe-so-rep-0,repeated_preplanned_doe_single_objective,0.0,9d7c4e74ff1568700970bc620a7b8be082f43cb0bfc04b29a1d791dfea9e2028,2019,completed,0.46889288783659566,0.4702376113517394,
doe-so-rep-0,repeated_preplanned_doe_single_objective,0.0,9d7c4e74ff1568700970bc620a7b8be082f43cb0bfc04b29a1d791dfea9e2028,2020,completed,0.47188976464833565,0.46687643731362266,
doe-mo-rep-1,repeated_preplanned_doe_multi_objective,1.0,af55425015c1452d7d9dae6282fb5c32784e04a12082a73f0872ccba8d124d10,2001,completed,0.48854051716430497,0.4952138078063745,
doe-mo-rep-1,repeated_preplanned_doe_multi_objective,1.0,af55425015c1452d7d9dae6282fb5c32784e04a12082a73f0872ccba8d124d10,2002,completed,0.49872856372264485,0.48847351939855616,
doe-mo-rep-1,repeated_preplanned_doe_multi_objective,1.0,af55425015c1452d7d9dae6282fb5c32784e04a12082a73f0872ccba8d124d10,2003,completed,0.48388978176529035,0.49220400069808184,
doe-mo-rep-1,repeated_preplanned_doe_multi_objective,1.0,af55425015c1452d7d9dae6282fb5c32784e04a12082a73f0872ccba8d124d10,2004,completed,0.4881739883964319,0.49127853621199946,
doe-mo-rep-1,repeated_preplanned_doe_multi_objective,1.0,af55425015c1452d7d9dae6282fb5c32784e04a12082a73f0872ccba8d124d10,2005,completed,0.47598880447099934,0.4910944919341155,
doe-mo-rep-1,repeated_preplanned_doe_multi_objective,1.0,af55425015c1452d7d9dae6282fb5c32784e04a12082a73f0872ccba8d124d10,2006,completed,0.48695372662032943,0.4936829002887659,
doe-mo-rep-1,repeated_preplanned_doe_multi_objective,1.0,af55425015c1452d7d9dae6282fb5c32784e04a12082a73f0872ccba8d124d10,2007,completed,0.48035124171031973,0.48759856292989795,
doe-mo-rep-1,repeated_preplanned_doe_multi_objective,1.0,af55425015c1452d7d9dae6282fb5c32784e04a12082a73f0872ccba8d124d10,2008,completed,0.4876739270723537,0.4905733844299198,
doe-mo-rep-1,repeated_preplanned_doe_multi_objective,1.0,af55425015c1452d7d9dae6282fb5c32784e04a12082a73f0872ccba8d124d10,2009,completed,0.5014997702325186,0.49722312757427584,
doe-mo-rep-1,repeated_preplanned_doe_multi_objective,1.0,af55425015c1452d7d9dae6282fb5c32784e04a12082a73f0872ccba8d124d10,2010,completed,0.4881996237531748,0.49560148549272026,
doe-mo-rep-1,repeated_preplanned_doe_multi_objective,1.0,af55425015c1452d7d9dae6282fb5c32784e04a12082a73f0872ccba8d124d10,2011,completed,0.48286548654188405,0.49771188280778594,
doe-mo-rep-1,repeated_preplanned_doe_multi_objective,1.0,af55425015c1452d7d9dae6282fb5c32784e04a12082a73f0872ccba8d124d10,2012,completed,0.49521651865273,0.49063118067318834,
doe-mo-rep-1,repeated_preplanned_doe_multi_objective,1.0,af55425015c1452d7d9dae6282fb5c32784e04a12082a73f0872ccba8d124d10,2013,completed,0.4934064921775921,0.49489389413872065,
doe-mo-rep-1,repeated_preplanned_doe_multi_objective,1.0,af55425015c1452d7d9dae6282fb5c32784e04a12082a73f0872ccba8d124d10,2014,completed,0.481200300731396,0.4946445928822312,
doe-mo-rep-1,repeated_preplanned_doe_multi_objective,1.0,af55425015c1452d7d9dae6282fb5c32784e04a12082a73f0872ccba8d124d10,2015,completed,0.479172943553636,0.49605247991259604,
doe-mo-rep-1,repeated_preplanned_doe_multi_objective,1.0,af55425015c1452d7d9dae6282fb5c32784e04a12082a73f0872ccba8d124d10,2016,completed,0.4825384337896471,0.4908447468207046,
doe-mo-rep-1,repeated_preplanned_doe_multi_objective,1.0,af55425015c1452d7d9dae6282fb5c32784e04a12082a73f0872ccba8d124d10,2017,completed,0.49127715021335183,0.4886841975302922,
doe-mo-rep-1,repeated_preplanned_doe_multi_objective,1.0,af55425015c1452d7d9dae6282fb5c32784e04a12082a73f0872ccba8d124d10,2018,completed,0.49740143042616713,0.4924440014284012,
doe-mo-rep-1,repeated_preplanned_doe_multi_objective,1.0,af55425015c1452d7d9dae6282fb5c32784e04a12082a73f0872ccba8d124d10,2019,completed,0.4798810938513678,0.48938534508636206,
doe-mo-rep-1,repeated_preplanned_doe_multi_objective,1.0,af55425015c1452d7d9dae6282fb5c32784e04a12082a73f0872ccba8d124d10,2020,completed,0.4921329961001303,0.4931448544277782,
doe-so-rep-1,repeated_preplanned_doe_single_objective,1.0,9d7c4e74ff1568700970bc620a7b8be082f43cb0bfc04b29a1d791dfea9e2028,2001,completed,0.4751183194324913,0.46866876182653505,
doe-so-rep-1,repeated_preplanned_doe_single_objective,1.0,9d7c4e74ff1568700970bc620a7b8be082f43cb0bfc04b29a1d791dfea9e2028,2002,completed,0.48091816524918657,0.4689310825721539,
doe-so-rep-1,repeated_preplanned_doe_single_objective,1.0,9d7c4e74ff1568700970bc620a7b8be082f43cb0bfc04b29a1d791dfea9e2028,2003,completed,0.459445286334745,0.4649749039041509,
doe-so-rep-1,repeated_preplanned_doe_single_objective,1.0,9d7c4e74ff1568700970bc620a7b8be082f43cb0bfc04b29a1d791dfea9e2028,2004,completed,0.46490573980021543,0.4645480690063279,
doe-so-rep-1,repeated_preplanned_doe_single_objective,1.0,9d7c4e74ff1568700970bc620a7b8be082f43cb0bfc04b29a1d791dfea9e2028,2005,completed,0.4572170171849771,0.4723356396907691,
doe-so-rep-1,repeated_preplanned_doe_single_objective,1.0,9d7c4e74ff1568700970bc620a7b8be082f43cb0bfc04b29a1d791dfea9e2028,2006,completed,0.47336604722605524,0.4709112158100828,
doe-so-rep-1,repeated_preplanned_doe_single_objective,1.0,9d7c4e74ff1568700970bc620a7b8be082f43cb0bfc04b29a1d791dfea9e2028,2007,completed,0.4570330674963435,0.46507376640596004,
doe-so-rep-1,repeated_preplanned_doe_single_objective,1.0,9d7c4e74ff1568700970bc620a7b8be082f43cb0bfc04b29a1d791dfea9e2028,2008,completed,0.4687506231820256,0.46924643200828026,
doe-so-rep-1,repeated_preplanned_doe_single_objective,1.0,9d7c4e74ff1568700970bc620a7b8be082f43cb0bfc04b29a1d791dfea9e2028,2009,completed,0.48041493990842693,0.47204189357598164,
doe-so-rep-1,repeated_preplanned_doe_single_objective,1.0,9d7c4e74ff1568700970bc620a7b8be082f43cb0bfc04b29a1d791dfea9e2028,2010,completed,0.4686062378327744,0.4725289678990777,
doe-so-rep-1,repeated_preplanned_doe_single_objective,1.0,9d7c4e74ff1568700970bc620a7b8be082f43cb0bfc04b29a1d791dfea9e2028,2011,completed,0.4705326297501655,0.4729659949809411,
doe-so-rep-1,repeated_preplanned_doe_single_objective,1.0,9d7c4e74ff1568700970bc620a7b8be082f43cb0bfc04b29a1d791dfea9e2028,2012,completed,0.4753837714676779,0.46569745845692406,
doe-so-rep-1,repeated_preplanned_doe_single_objective,1.0,9d7c4e74ff1568700970bc620a7b8be082f43cb0bfc04b29a1d791dfea9e2028,2013,completed,0.47214075050566956,0.46920880663846937,
doe-so-rep-1,repeated_preplanned_doe_single_objective,1.0,9d7c4e74ff1568700970bc620a7b8be082f43cb0bfc04b29a1d791dfea9e2028,2014,completed,0.458569220628145,0.4638440483211268,
doe-so-rep-1,repeated_preplanned_doe_single_objective,1.0,9d7c4e74ff1568700970bc620a7b8be082f43cb0bfc04b29a1d791dfea9e2028,2015,completed,0.45627369889918196,0.4701226198953921,
doe-so-rep-1,repeated_preplanned_doe_single_objective,1.0,9d7c4e74ff1568700970bc620a7b8be082f43cb0bfc04b29a1d791dfea9e2028,2016,completed,0.45968173722401456,0.463927534578103,
doe-so-rep-1,repeated_preplanned_doe_single_objective,1.0,9d7c4e74ff1568700970bc620a7b8be082f43cb0bfc04b29a1d791dfea9e2028,2017,completed,0.4785500324859321,0.47100879508311694,
doe-so-rep-1,repeated_preplanned_doe_single_objective,1.0,9d7c4e74ff1568700970bc620a7b8be082f43cb0bfc04b29a1d791dfea9e2028,2018,completed,0.47676636459162325,0.46866267539305334,
doe-so-rep-1,repeated_preplanned_doe_single_objective,1.0,9d7c4e74ff1568700970bc620a7b8be082f43cb0bfc04b29a1d791dfea9e2028,2019,completed,0.46889288783659566,0.4702376113517394,
doe-so-rep-1,repeated_preplanned_doe_single_objective,1.0,9d7c4e74ff1568700970bc620a7b8be082f43cb0bfc04b29a1d791dfea9e2028,2020,completed,0.47188976464833565,0.46687643731362266,
doe-mo-rep-2,repeated_preplanned_doe_multi_objective,2.0,af55425015c1452d7d9dae6282fb5c32784e04a12082a73f0872ccba8d124d10,2001,completed,0.48854051716430497,0.4952138078063745,
doe-mo-rep-2,repeated_preplanned_doe_multi_objective,2.0,af55425015c1452d7d9dae6282fb5c32784e04a12082a73f0872ccba8d124d10,2002,completed,0.49872856372264485,0.48847351939855616,
doe-mo-rep-2,repeated_preplanned_doe_multi_objective,2.0,af55425015c1452d7d9dae6282fb5c32784e04a12082a73f0872ccba8d124d10,2003,completed,0.48388978176529035,0.49220400069808184,
doe-mo-rep-2,repeated_preplanned_doe_multi_objective,2.0,af55425015c1452d7d9dae6282fb5c32784e04a12082a73f0872ccba8d124d10,2004,completed,0.4881739883964319,0.49127853621199946,
doe-mo-rep-2,repeated_preplanned_doe_multi_objective,2.0,af55425015c1452d7d9dae6282fb5c32784e04a12082a73f0872ccba8d124d10,2005,completed,0.47598880447099934,0.4910944919341155,
doe-mo-rep-2,repeated_preplanned_doe_multi_objective,2.0,af55425015c1452d7d9dae6282fb5c32784e04a12082a73f0872ccba8d124d10,2006,completed,0.48695372662032943,0.4936829002887659,
doe-mo-rep-2,repeated_preplanned_doe_multi_objective,2.0,af55425015c1452d7d9dae6282fb5c32784e04a12082a73f0872ccba8d124d10,2007,completed,0.48035124171031973,0.48759856292989795,
doe-mo-rep-2,repeated_preplanned_doe_multi_objective,2.0,af55425015c1452d7d9dae6282fb5c32784e04a12082a73f0872ccba8d124d10,2008,completed,0.4876739270723537,0.4905733844299198,
doe-mo-rep-2,repeated_preplanned_doe_multi_objective,2.0,af55425015c1452d7d9dae6282fb5c32784e04a12082a73f0872ccba8d124d10,2009,completed,0.5014997702325186,0.49722312757427584,
doe-mo-rep-2,repeated_preplanned_doe_multi_objective,2.0,af55425015c1452d7d9dae6282fb5c32784e04a12082a73f0872ccba8d124d10,2010,completed,0.4881996237531748,0.49560148549272026,
doe-mo-rep-2,repeated_preplanned_doe_multi_objective,2.0,af55425015c1452d7d9dae6282fb5c32784e04a12082a73f0872ccba8d124d10,2011,completed,0.48286548654188405,0.49771188280778594,
doe-mo-rep-2,repeated_preplanned_doe_multi_objective,2.0,af55425015c1452d7d9dae6282fb5c32784e04a12082a73f0872ccba8d124d10,2012,completed,0.49521651865273,0.49063118067318834,
doe-mo-rep-2,repeated_preplanned_doe_multi_objective,2.0,af55425015c1452d7d9dae6282fb5c32784e04a12082a73f0872ccba8d124d10,2013,completed,0.4934064921775921,0.49489389413872065,
doe-mo-rep-2,repeated_preplanned_doe_multi_objective,2.0,af55425015c1452d7d9dae6282fb5c32784e04a12082a73f0872ccba8d124d10,2014,completed,0.481200300731396,0.4946445928822312,
doe-mo-rep-2,repeated_preplanned_doe_multi_objective,2.0,af55425015c1452d7d9dae6282fb5c32784e04a12082a73f0872ccba8d124d10,2015,completed,0.479172943553636,0.49605247991259604,
doe-mo-rep-2,repeated_preplanned_doe_multi_objective,2.0,af55425015c1452d7d9dae6282fb5c32784e04a12082a73f0872ccba8d124d10,2016,completed,0.4825384337896471,0.4908447468207046,
doe-mo-rep-2,repeated_preplanned_doe_multi_objective,2.0,af55425015c1452d7d9dae6282fb5c32784e04a12082a73f0872ccba8d124d10,2017,completed,0.49127715021335183,0.4886841975302922,
doe-mo-rep-2,repeated_preplanned_doe_multi_objective,2.0,af55425015c1452d7d9dae6282fb5c32784e04a12082a73f0872ccba8d124d10,2018,completed,0.49740143042616713,0.4924440014284012,
doe-mo-rep-2,repeated_preplanned_doe_multi_objective,2.0,af55425015c1452d7d9dae6282fb5c32784e04a12082a73f0872ccba8d124d10,2019,completed,0.4798810938513678,0.48938534508636206,
doe-mo-rep-2,repeated_preplanned_doe_multi_objective,2.0,af55425015c1452d7d9dae6282fb5c32784e04a12082a73f0872ccba8d124d10,2020,completed,0.4921329961001303,0.4931448544277782,
doe-so-rep-2,repeated_preplanned_doe_single_objective,2.0,9d7c4e74ff1568700970bc620a7b8be082f43cb0bfc04b29a1d791dfea9e2028,2001,completed,0.4751183194324913,0.46866876182653505,
doe-so-rep-2,repeated_preplanned_doe_single_objective,2.0,9d7c4e74ff1568700970bc620a7b8be082f43cb0bfc04b29a1d791dfea9e2028,2002,completed,0.48091816524918657,0.4689310825721539,
doe-so-rep-2,repeated_preplanned_doe_single_objective,2.0,9d7c4e74ff1568700970bc620a7b8be082f43cb0bfc04b29a1d791dfea9e2028,2003,completed,0.459445286334745,0.4649749039041509,
doe-so-rep-2,repeated_preplanned_doe_single_objective,2.0,9d7c4e74ff1568700970bc620a7b8be082f43cb0bfc04b29a1d791dfea9e2028,2004,completed,0.46490573980021543,0.4645480690063279,
doe-so-rep-2,repeated_preplanned_doe_single_objective,2.0,9d7c4e74ff1568700970bc620a7b8be082f43cb0bfc04b29a1d791dfea9e2028,2005,completed,0.4572170171849771,0.4723356396907691,
doe-so-rep-2,repeated_preplanned_doe_single_objective,2.0,9d7c4e74ff1568700970bc620a7b8be082f43cb0bfc04b29a1d791dfea9e2028,2006,completed,0.47336604722605524,0.4709112158100828,
doe-so-rep-2,repeated_preplanned_doe_single_objective,2.0,9d7c4e74ff1568700970bc620a7b8be082f43cb0bfc04b29a1d791dfea9e2028,2007,completed,0.4570330674963435,0.46507376640596004,
doe-so-rep-2,repeated_preplanned_doe_single_objective,2.0,9d7c4e74ff1568700970bc620a7b8be082f43cb0bfc04b29a1d791dfea9e2028,2008,completed,0.4687506231820256,0.46924643200828026,
doe-so-rep-2,repeated_preplanned_doe_single_objective,2.0,9d7c4e74ff1568700970bc620a7b8be082f43cb0bfc04b29a1d791dfea9e2028,2009,completed,0.48041493990842693,0.47204189357598164,
doe-so-rep-2,repeated_preplanned_doe_single_objective,2.0,9d7c4e74ff1568700970bc620a7b8be082f43cb0bfc04b29a1d791dfea9e2028,2010,completed,0.4686062378327744,0.4725289678990777,
doe-so-rep-2,repeated_preplanned_doe_single_objective,2.0,9d7c4e74ff1568700970bc620a7b8be082f43cb0bfc04b29a1d791dfea9e2028,2011,completed,0.4705326297501655,0.4729659949809411,
doe-so-rep-2,repeated_preplanned_doe_single_objective,2.0,9d7c4e74ff1568700970bc620a7b8be082f43cb0bfc04b29a1d791dfea9e2028,2012,completed,0.4753837714676779,0.46569745845692406,
doe-so-rep-2,repeated_preplanned_doe_single_objective,2.0,9d7c4e74ff1568700970bc620a7b8be082f43cb0bfc04b29a1d791dfea9e2028,2013,completed,0.47214075050566956,0.46920880663846937,
doe-so-rep-2,repeated_preplanned_doe_single_objective,2.0,9d7c4e74ff1568700970bc620a7b8be082f43cb0bfc04b29a1d791dfea9e2028,2014,completed,0.458569220628145,0.4638440483211268,
doe-so-rep-2,repeated_preplanned_doe_single_objective,2.0,9d7c4e74ff1568700970bc620a7b8be082f43cb0bfc04b29a1d791dfea9e2028,2015,completed,0.45627369889918196,0.4701226198953921,
doe-so-rep-2,repeated_preplanned_doe_single_objective,2.0,9d7c4e74ff1568700970bc620a7b8be082f43cb0bfc04b29a1d791dfea9e2028,2016,completed,0.45968173722401456,0.463927534578103,
doe-so-rep-2,repeated_preplanned_doe_single_objective,2.0,9d7c4e74ff1568700970bc620a7b8be082f43cb0bfc04b29a1d791dfea9e2028,2017,completed,0.4785500324859321,0.47100879508311694,
doe-so-rep-2,repeated_preplanned_doe_single_objective,2.0,9d7c4e74ff1568700970bc620a7b8be082f43cb0bfc04b29a1d791dfea9e2028,2018,completed,0.47676636459162325,0.46866267539305334,
doe-so-rep-2,repeated_preplanned_doe_single_objective,2.0,9d7c4e74ff1568700970bc620a7b8be082f43cb0bfc04b29a1d791dfea9e2028,2019,completed,0.46889288783659566,0.4702376113517394,
doe-so-rep-2,repeated_preplanned_doe_single_objective,2.0,9d7c4e74ff1568700970bc620a7b8be082f43cb0bfc04b29a1d791dfea9e2028,2020,completed,0.47188976464833565,0.46687643731362266,
doe-mo-rep-3,repeated_preplanned_doe_multi_objective,3.0,af55425015c1452d7d9dae6282fb5c32784e04a12082a73f0872ccba8d124d10,2001,completed,0.48854051716430497,0.4952138078063745,
doe-mo-rep-3,repeated_preplanned_doe_multi_objective,3.0,af55425015c1452d7d9dae6282fb5c32784e04a12082a73f0872ccba8d124d10,2002,completed,0.49872856372264485,0.48847351939855616,
doe-mo-rep-3,repeated_preplanned_doe_multi_objective,3.0,af55425015c1452d7d9dae6282fb5c32784e04a12082a73f0872ccba8d124d10,2003,completed,0.48388978176529035,0.49220400069808184,
doe-mo-rep-3,repeated_preplanned_doe_multi_objective,3.0,af55425015c1452d7d9dae6282fb5c32784e04a12082a73f0872ccba8d124d10,2004,completed,0.4881739883964319,0.49127853621199946,
doe-mo-rep-3,repeated_preplanned_doe_multi_objective,3.0,af55425015c1452d7d9dae6282fb5c32784e04a12082a73f0872ccba8d124d10,2005,completed,0.47598880447099934,0.4910944919341155,
doe-mo-rep-3,repeated_preplanned_doe_multi_objective,3.0,af55425015c1452d7d9dae6282fb5c32784e04a12082a73f0872ccba8d124d10,2006,completed,0.48695372662032943,0.4936829002887659,
doe-mo-rep-3,repeated_preplanned_doe_multi_objective,3.0,af55425015c1452d7d9dae6282fb5c32784e04a12082a73f0872ccba8d124d10,2007,completed,0.48035124171031973,0.48759856292989795,
doe-mo-rep-3,repeated_preplanned_doe_multi_objective,3.0,af55425015c1452d7d9dae6282fb5c32784e04a12082a73f0872ccba8d124d10,2008,completed,0.4876739270723537,0.4905733844299198,
doe-mo-rep-3,repeated_preplanned_doe_multi_objective,3.0,af55425015c1452d7d9dae6282fb5c32784e04a12082a73f0872ccba8d124d10,2009,completed,0.5014997702325186,0.49722312757427584,
doe-mo-rep-3,repeated_preplanned_doe_multi_objective,3.0,af55425015c1452d7d9dae6282fb5c32784e04a12082a73f0872ccba8d124d10,2010,completed,0.4881996237531748,0.49560148549272026,
doe-mo-rep-3,repeated_preplanned_doe_multi_objective,3.0,af55425015c1452d7d9dae6282fb5c32784e04a12082a73f0872ccba8d124d10,2011,completed,0.48286548654188405,0.49771188280778594,
doe-mo-rep-3,repeated_preplanned_doe_multi_objective,3.0,af55425015c1452d7d9dae6282fb5c32784e04a12082a73f0872ccba8d124d10,2012,completed,0.49521651865273,0.49063118067318834,
doe-mo-rep-3,repeated_preplanned_doe_multi_objective,3.0,af55425015c1452d7d9dae6282fb5c32784e04a12082a73f0872ccba8d124d10,2013,completed,0.4934064921775921,0.49489389413872065,
doe-mo-rep-3,repeated_preplanned_doe_multi_objective,3.0,af55425015c1452d7d9dae6282fb5c32784e04a12082a73f0872ccba8d124d10,2014,completed,0.481200300731396,0.4946445928822312,
doe-mo-rep-3,repeated_preplanned_doe_multi_objective,3.0,af55425015c1452d7d9dae6282fb5c32784e04a12082a73f0872ccba8d124d10,2015,completed,0.479172943553636,0.49605247991259604,
doe-mo-rep-3,repeated_preplanned_doe_multi_objective,3.0,af55425015c1452d7d9dae6282fb5c32784e04a12082a73f0872ccba8d124d10,2016,completed,0.4825384337896471,0.4908447468207046,
doe-mo-rep-3,repeated_preplanned_doe_multi_objective,3.0,af55425015c1452d7d9dae6282fb5c32784e04a12082a73f0872ccba8d124d10,2017,completed,0.49127715021335183,0.4886841975302922,
doe-mo-rep-3,repeated_preplanned_doe_multi_objective,3.0,af55425015c1452d7d9dae6282fb5c32784e04a12082a73f0872ccba8d124d10,2018,completed,0.49740143042616713,0.4924440014284012,
doe-mo-rep-3,repeated_preplanned_doe_multi_objective,3.0,af55425015c1452d7d9dae6282fb5c32784e04a12082a73f0872ccba8d124d10,2019,completed,0.4798810938513678,0.48938534508636206,
doe-mo-rep-3,repeated_preplanned_doe_multi_objective,3.0,af55425015c1452d7d9dae6282fb5c32784e04a12082a73f0872ccba8d124d10,2020,completed,0.4921329961001303,0.4931448544277782,
doe-so-rep-3,repeated_preplanned_doe_single_objective,3.0,9d7c4e74ff1568700970bc620a7b8be082f43cb0bfc04b29a1d791dfea9e2028,2001,completed,0.4751183194324913,0.46866876182653505,
doe-so-rep-3,repeated_preplanned_doe_single_objective,3.0,9d7c4e74ff1568700970bc620a7b8be082f43cb0bfc04b29a1d791dfea9e2028,2002,completed,0.48091816524918657,0.4689310825721539,
doe-so-rep-3,repeated_preplanned_doe_single_objective,3.0,9d7c4e74ff1568700970bc620a7b8be082f43cb0bfc04b29a1d791dfea9e2028,2003,completed,0.459445286334745,0.4649749039041509,
doe-so-rep-3,repeated_preplanned_doe_single_objective,3.0,9d7c4e74ff1568700970bc620a7b8be082f43cb0bfc04b29a1d791dfea9e2028,2004,completed,0.46490573980021543,0.4645480690063279,
doe-so-rep-3,repeated_preplanned_doe_single_objective,3.0,9d7c4e74ff1568700970bc620a7b8be082f43cb0bfc04b29a1d791dfea9e2028,2005,completed,0.4572170171849771,0.4723356396907691,
doe-so-rep-3,repeated_preplanned_doe_single_objective,3.0,9d7c4e74ff1568700970bc620a7b8be082f43cb0bfc04b29a1d791dfea9e2028,2006,completed,0.47336604722605524,0.4709112158100828,
doe-so-rep-3,repeated_preplanned_doe_single_objective,3.0,9d7c4e74ff1568700970bc620a7b8be082f43cb0bfc04b29a1d791dfea9e2028,2007,completed,0.4570330674963435,0.46507376640596004,
doe-so-rep-3,repeated_preplanned_doe_single_objective,3.0,9d7c4e74ff1568700970bc620a7b8be082f43cb0bfc04b29a1d791dfea9e2028,2008,completed,0.4687506231820256,0.46924643200828026,
doe-so-rep-3,repeated_preplanned_doe_single_objective,3.0,9d7c4e74ff1568700970bc620a7b8be082f43cb0bfc04b29a1d791dfea9e2028,2009,completed,0.48041493990842693,0.47204189357598164,
doe-so-rep-3,repeated_preplanned_doe_single_objective,3.0,9d7c4e74ff1568700970bc620a7b8be082f43cb0bfc04b29a1d791dfea9e2028,2010,completed,0.4686062378327744,0.4725289678990777,
doe-so-rep-3,repeated_preplanned_doe_single_objective,3.0,9d7c4e74ff1568700970bc620a7b8be082f43cb0bfc04b29a1d791dfea9e2028,2011,completed,0.4705326297501655,0.4729659949809411,
doe-so-rep-3,repeated_preplanned_doe_single_objective,3.0,9d7c4e74ff1568700970bc620a7b8be082f43cb0bfc04b29a1d791dfea9e2028,2012,completed,0.4753837714676779,0.46569745845692406,
doe-so-rep-3,repeated_preplanned_doe_single_objective,3.0,9d7c4e74ff1568700970bc620a7b8be082f43cb0bfc04b29a1d791dfea9e2028,2013,completed,0.47214075050566956,0.46920880663846937,
doe-so-rep-3,repeated_preplanned_doe_single_objective,3.0,9d7c4e74ff1568700970bc620a7b8be082f43cb0bfc04b29a1d791dfea9e2028,2014,completed,0.458569220628145,0.4638440483211268,
doe-so-rep-3,repeated_preplanned_doe_single_objective,3.0,9d7c4e74ff1568700970bc620a7b8be082f43cb0bfc04b29a1d791dfea9e2028,2015,completed,0.45627369889918196,0.4701226198953921,
doe-so-rep-3,repeated_preplanned_doe_single_objective,3.0,9d7c4e74ff1568700970bc620a7b8be082f43cb0bfc04b29a1d791dfea9e2028,2016,completed,0.45968173722401456,0.463927534578103,
doe-so-rep-3,repeated_preplanned_doe_single_objective,3.0,9d7c4e74ff1568700970bc620a7b8be082f43cb0bfc04b29a1d791dfea9e2028,2017,completed,0.4785500324859321,0.47100879508311694,
doe-so-rep-3,repeated_preplanned_doe_single_objective,3.0,9d7c4e74ff1568700970bc620a7b8be082f43cb0bfc04b29a1d791dfea9e2028,2018,completed,0.47676636459162325,0.46866267539305334,
doe-so-rep-3,repeated_preplanned_doe_single_objective,3.0,9d7c4e74ff1568700970bc620a7b8be082f43cb0bfc04b29a1d791dfea9e2028,2019,completed,0.46889288783659566,0.4702376113517394,
doe-so-rep-3,repeated_preplanned_doe_single_objective,3.0,9d7c4e74ff1568700970bc620a7b8be082f43cb0bfc04b29a1d791dfea9e2028,2020,completed,0.47188976464833565,0.46687643731362266,
doe-mo-rep-4,repeated_preplanned_doe_multi_objective,4.0,dbc360f946cb51ab99d51eebcfa635f229f822aad483000464bf73292e81c536,2001,completed,0.4869960469407517,0.4974161225978242,
doe-mo-rep-4,repeated_preplanned_doe_multi_objective,4.0,dbc360f946cb51ab99d51eebcfa635f229f822aad483000464bf73292e81c536,2002,completed,0.49568765310264945,0.4907022314342625,
doe-mo-rep-4,repeated_preplanned_doe_multi_objective,4.0,dbc360f946cb51ab99d51eebcfa635f229f822aad483000464bf73292e81c536,2003,completed,0.4812435205957271,0.4915548961978475,
doe-mo-rep-4,repeated_preplanned_doe_multi_objective,4.0,dbc360f946cb51ab99d51eebcfa635f229f822aad483000464bf73292e81c536,2004,completed,0.47870998703145895,0.4910331019786713,
doe-mo-rep-4,repeated_preplanned_doe_multi_objective,4.0,dbc360f946cb51ab99d51eebcfa635f229f822aad483000464bf73292e81c536,2005,completed,0.4783656933440102,0.4908034274775262,
doe-mo-rep-4,repeated_preplanned_doe_multi_objective,4.0,dbc360f946cb51ab99d51eebcfa635f229f822aad483000464bf73292e81c536,2006,completed,0.4844919231935144,0.49415498215109144,
doe-mo-rep-4,repeated_preplanned_doe_multi_objective,4.0,dbc360f946cb51ab99d51eebcfa635f229f822aad483000464bf73292e81c536,2007,completed,0.478974778672835,0.49676213077464715,
doe-mo-rep-4,repeated_preplanned_doe_multi_objective,4.0,dbc360f946cb51ab99d51eebcfa635f229f822aad483000464bf73292e81c536,2008,completed,0.4833740907832834,0.4918423631365653,
doe-mo-rep-4,repeated_preplanned_doe_multi_objective,4.0,dbc360f946cb51ab99d51eebcfa635f229f822aad483000464bf73292e81c536,2009,completed,0.49828731034906,0.49575909677780355,
doe-mo-rep-4,repeated_preplanned_doe_multi_objective,4.0,dbc360f946cb51ab99d51eebcfa635f229f822aad483000464bf73292e81c536,2010,completed,0.4895977434161509,0.49582227060840284,
doe-mo-rep-4,repeated_preplanned_doe_multi_objective,4.0,dbc360f946cb51ab99d51eebcfa635f229f822aad483000464bf73292e81c536,2011,completed,0.4855341870666936,0.4974676639928203,
doe-mo-rep-4,repeated_preplanned_doe_multi_objective,4.0,dbc360f946cb51ab99d51eebcfa635f229f822aad483000464bf73292e81c536,2012,completed,0.49757094243444333,0.49133742079257525,
doe-mo-rep-4,repeated_preplanned_doe_multi_objective,4.0,dbc360f946cb51ab99d51eebcfa635f229f822aad483000464bf73292e81c536,2013,completed,0.49310768269220556,0.49465374480332763,
doe-mo-rep-4,repeated_preplanned_doe_multi_objective,4.0,dbc360f946cb51ab99d51eebcfa635f229f822aad483000464bf73292e81c536,2014,completed,0.48175754940437054,0.4911735971756907,
doe-mo-rep-4,repeated_preplanned_doe_multi_objective,4.0,dbc360f946cb51ab99d51eebcfa635f229f822aad483000464bf73292e81c536,2015,completed,0.47707509599750897,0.49354830097466207,
doe-mo-rep-4,repeated_preplanned_doe_multi_objective,4.0,dbc360f946cb51ab99d51eebcfa635f229f822aad483000464bf73292e81c536,2016,completed,0.48282452385789,0.4941235301835473,
doe-mo-rep-4,repeated_preplanned_doe_multi_objective,4.0,dbc360f946cb51ab99d51eebcfa635f229f822aad483000464bf73292e81c536,2017,completed,0.4884262981322339,0.4909553330240334,
doe-mo-rep-4,repeated_preplanned_doe_multi_objective,4.0,dbc360f946cb51ab99d51eebcfa635f229f822aad483000464bf73292e81c536,2018,completed,0.49501768078756886,0.49050736962801006,
doe-mo-rep-4,repeated_preplanned_doe_multi_objective,4.0,dbc360f946cb51ab99d51eebcfa635f229f822aad483000464bf73292e81c536,2019,completed,0.48486700996390325,0.4946299274523098,
doe-mo-rep-4,repeated_preplanned_doe_multi_objective,4.0,dbc360f946cb51ab99d51eebcfa635f229f822aad483000464bf73292e81c536,2020,completed,0.4910692928508661,0.4942856416974896,
doe-so-rep-4,repeated_preplanned_doe_single_objective,4.0,9d7c4e74ff1568700970bc620a7b8be082f43cb0bfc04b29a1d791dfea9e2028,2001,completed,0.4751183194324913,0.46866876182653505,
doe-so-rep-4,repeated_preplanned_doe_single_objective,4.0,9d7c4e74ff1568700970bc620a7b8be082f43cb0bfc04b29a1d791dfea9e2028,2002,completed,0.48091816524918657,0.4689310825721539,
doe-so-rep-4,repeated_preplanned_doe_single_objective,4.0,9d7c4e74ff1568700970bc620a7b8be082f43cb0bfc04b29a1d791dfea9e2028,2003,completed,0.459445286334745,0.4649749039041509,
doe-so-rep-4,repeated_preplanned_doe_single_objective,4.0,9d7c4e74ff1568700970bc620a7b8be082f43cb0bfc04b29a1d791dfea9e2028,2004,completed,0.46490573980021543,0.4645480690063279,
doe-so-rep-4,repeated_preplanned_doe_single_objective,4.0,9d7c4e74ff1568700970bc620a7b8be082f43cb0bfc04b29a1d791dfea9e2028,2005,completed,0.4572170171849771,0.4723356396907691,
doe-so-rep-4,repeated_preplanned_doe_single_objective,4.0,9d7c4e74ff1568700970bc620a7b8be082f43cb0bfc04b29a1d791dfea9e2028,2006,completed,0.47336604722605524,0.4709112158100828,
doe-so-rep-4,repeated_preplanned_doe_single_objective,4.0,9d7c4e74ff1568700970bc620a7b8be082f43cb0bfc04b29a1d791dfea9e2028,2007,completed,0.4570330674963435,0.46507376640596004,
doe-so-rep-4,repeated_preplanned_doe_single_objective,4.0,9d7c4e74ff1568700970bc620a7b8be082f43cb0bfc04b29a1d791dfea9e2028,2008,completed,0.4687506231820256,0.46924643200828026,
doe-so-rep-4,repeated_preplanned_doe_single_objective,4.0,9d7c4e74ff1568700970bc620a7b8be082f43cb0bfc04b29a1d791dfea9e2028,2009,completed,0.48041493990842693,0.47204189357598164,
doe-so-rep-4,repeated_preplanned_doe_single_objective,4.0,9d7c4e74ff1568700970bc620a7b8be082f43cb0bfc04b29a1d791dfea9e2028,2010,completed,0.4686062378327744,0.4725289678990777,
doe-so-rep-4,repeated_preplanned_doe_single_objective,4.0,9d7c4e74ff1568700970bc620a7b8be082f43cb0bfc04b29a1d791dfea9e2028,2011,completed,0.4705326297501655,0.4729659949809411,
doe-so-rep-4,repeated_preplanned_doe_single_objective,4.0,9d7c4e74ff1568700970bc620a7b8be082f43cb0bfc04b29a1d791dfea9e2028,2012,completed,0.4753837714676779,0.46569745845692406,
doe-so-rep-4,repeated_preplanned_doe_single_objective,4.0,9d7c4e74ff1568700970bc620a7b8be082f43cb0bfc04b29a1d791dfea9e2028,2013,completed,0.47214075050566956,0.46920880663846937,
doe-so-rep-4,repeated_preplanned_doe_single_objective,4.0,9d7c4e74ff1568700970bc620a7b8be082f43cb0bfc04b29a1d791dfea9e2028,2014,completed,0.458569220628145,0.4638440483211268,
doe-so-rep-4,repeated_preplanned_doe_single_objective,4.0,9d7c4e74ff1568700970bc620a7b8be082f43cb0bfc04b29a1d791dfea9e2028,2015,completed,0.45627369889918196,0.4701226198953921,
doe-so-rep-4,repeated_preplanned_doe_single_objective,4.0,9d7c4e74ff1568700970bc620a7b8be082f43cb0bfc04b29a1d791dfea9e2028,2016,completed,0.45968173722401456,0.463927534578103,
doe-so-rep-4,repeated_preplanned_doe_single_objective,4.0,9d7c4e74ff1568700970bc620a7b8be082f43cb0bfc04b29a1d791dfea9e2028,2017,completed,0.4785500324859321,0.47100879508311694,
doe-so-rep-4,repeated_preplanned_doe_single_objective,4.0,9d7c4e74ff1568700970bc620a7b8be082f43cb0bfc04b29a1d791dfea9e2028,2018,completed,0.47676636459162325,0.46866267539305334,
doe-so-rep-4,repeated_preplanned_doe_single_objective,4.0,9d7c4e74ff1568700970bc620a7b8be082f43cb0bfc04b29a1d791dfea9e2028,2019,completed,0.46889288783659566,0.4702376113517394,
doe-so-rep-4,repeated_preplanned_doe_single_objective,4.0,9d7c4e74ff1568700970bc620a7b8be082f43cb0bfc04b29a1d791dfea9e2028,2020,completed,0.47188976464833565,0.46687643731362266,
doe-mo-rep-5,repeated_preplanned_doe_multi_objective,5.0,ba429d6cbe998969496fbb10da0e1af89a79be0dd20097c7747a8390d353572b,2001,completed,0.4942603101737478,0.5027312029696099,
doe-mo-rep-5,repeated_preplanned_doe_multi_objective,5.0,ba429d6cbe998969496fbb10da0e1af89a79be0dd20097c7747a8390d353572b,2002,completed,0.5062270769629916,0.4954381479559129,
doe-mo-rep-5,repeated_preplanned_doe_multi_objective,5.0,ba429d6cbe998969496fbb10da0e1af89a79be0dd20097c7747a8390d353572b,2003,completed,0.48632720052347106,0.4963181301963929,
doe-mo-rep-5,repeated_preplanned_doe_multi_objective,5.0,ba429d6cbe998969496fbb10da0e1af89a79be0dd20097c7747a8390d353572b,2004,completed,0.49388246587495527,0.4992219608365632,
doe-mo-rep-5,repeated_preplanned_doe_multi_objective,5.0,ba429d6cbe998969496fbb10da0e1af89a79be0dd20097c7747a8390d353572b,2005,completed,0.4826872759518024,0.49509406437578085,
doe-mo-rep-5,repeated_preplanned_doe_multi_objective,5.0,ba429d6cbe998969496fbb10da0e1af89a79be0dd20097c7747a8390d353572b,2006,completed,0.4982554448007379,0.5052007040450949,
doe-mo-rep-5,repeated_preplanned_doe_multi_objective,5.0,ba429d6cbe998969496fbb10da0e1af89a79be0dd20097c7747a8390d353572b,2007,completed,0.48674596290073696,0.4955844529441376,
doe-mo-rep-5,repeated_preplanned_doe_multi_objective,5.0,ba429d6cbe998969496fbb10da0e1af89a79be0dd20097c7747a8390d353572b,2008,completed,0.49049017810135825,0.4988245869199633,
doe-mo-rep-5,repeated_preplanned_doe_multi_objective,5.0,ba429d6cbe998969496fbb10da0e1af89a79be0dd20097c7747a8390d353572b,2009,completed,0.5072399712024516,0.5041907330306491,
doe-mo-rep-5,repeated_preplanned_doe_multi_objective,5.0,ba429d6cbe998969496fbb10da0e1af89a79be0dd20097c7747a8390d353572b,2010,completed,0.49327312384739563,0.4991684504212242,
doe-mo-rep-5,repeated_preplanned_doe_multi_objective,5.0,ba429d6cbe998969496fbb10da0e1af89a79be0dd20097c7747a8390d353572b,2011,completed,0.4923461065555705,0.4985187570868507,
doe-mo-rep-5,repeated_preplanned_doe_multi_objective,5.0,ba429d6cbe998969496fbb10da0e1af89a79be0dd20097c7747a8390d353572b,2012,completed,0.5105699635368671,0.5046700712087017,
doe-mo-rep-5,repeated_preplanned_doe_multi_objective,5.0,ba429d6cbe998969496fbb10da0e1af89a79be0dd20097c7747a8390d353572b,2013,completed,0.5043970563840001,0.5075879030358327,
doe-mo-rep-5,repeated_preplanned_doe_multi_objective,5.0,ba429d6cbe998969496fbb10da0e1af89a79be0dd20097c7747a8390d353572b,2014,completed,0.48597362883621237,0.4968004353639802,
doe-mo-rep-5,repeated_preplanned_doe_multi_objective,5.0,ba429d6cbe998969496fbb10da0e1af89a79be0dd20097c7747a8390d353572b,2015,completed,0.4889421887929914,0.5010113020753858,
doe-mo-rep-5,repeated_preplanned_doe_multi_objective,5.0,ba429d6cbe998969496fbb10da0e1af89a79be0dd20097c7747a8390d353572b,2016,completed,0.4910142324177735,0.5017262781296541,
doe-mo-rep-5,repeated_preplanned_doe_multi_objective,5.0,ba429d6cbe998969496fbb10da0e1af89a79be0dd20097c7747a8390d353572b,2017,completed,0.5018790055816963,0.5025181331950158,
doe-mo-rep-5,repeated_preplanned_doe_multi_objective,5.0,ba429d6cbe998969496fbb10da0e1af89a79be0dd20097c7747a8390d353572b,2018,completed,0.5022830071763963,0.49897780282401505,
doe-mo-rep-5,repeated_preplanned_doe_multi_objective,5.0,ba429d6cbe998969496fbb10da0e1af89a79be0dd20097c7747a8390d353572b,2019,completed,0.4939459954073789,0.49972688186733755,
doe-mo-rep-5,repeated_preplanned_doe_multi_objective,5.0,ba429d6cbe998969496fbb10da0e1af89a79be0dd20097c7747a8390d353572b,2020,completed,0.49680407757482276,0.5035473704367135,
doe-so-rep-5,repeated_preplanned_doe_single_objective,5.0,9d7c4e74ff1568700970bc620a7b8be082f43cb0bfc04b29a1d791dfea9e2028,2001,completed,0.4751183194324913,0.46866876182653505,
doe-so-rep-5,repeated_preplanned_doe_single_objective,5.0,9d7c4e74ff1568700970bc620a7b8be082f43cb0bfc04b29a1d791dfea9e2028,2002,completed,0.48091816524918657,0.4689310825721539,
doe-so-rep-5,repeated_preplanned_doe_single_objective,5.0,9d7c4e74ff1568700970bc620a7b8be082f43cb0bfc04b29a1d791dfea9e2028,2003,completed,0.459445286334745,0.4649749039041509,
doe-so-rep-5,repeated_preplanned_doe_single_objective,5.0,9d7c4e74ff1568700970bc620a7b8be082f43cb0bfc04b29a1d791dfea9e2028,2004,completed,0.46490573980021543,0.4645480690063279,
doe-so-rep-5,repeated_preplanned_doe_single_objective,5.0,9d7c4e74ff1568700970bc620a7b8be082f43cb0bfc04b29a1d791dfea9e2028,2005,completed,0.4572170171849771,0.4723356396907691,
doe-so-rep-5,repeated_preplanned_doe_single_objective,5.0,9d7c4e74ff1568700970bc620a7b8be082f43cb0bfc04b29a1d791dfea9e2028,2006,completed,0.47336604722605524,0.4709112158100828,
doe-so-rep-5,repeated_preplanned_doe_single_objective,5.0,9d7c4e74ff1568700970bc620a7b8be082f43cb0bfc04b29a1d791dfea9e2028,2007,completed,0.4570330674963435,0.46507376640596004,
doe-so-rep-5,repeated_preplanned_doe_single_objective,5.0,9d7c4e74ff1568700970bc620a7b8be082f43cb0bfc04b29a1d791dfea9e2028,2008,completed,0.4687506231820256,0.46924643200828026,
doe-so-rep-5,repeated_preplanned_doe_single_objective,5.0,9d7c4e74ff1568700970bc620a7b8be082f43cb0bfc04b29a1d791dfea9e2028,2009,completed,0.48041493990842693,0.47204189357598164,
doe-so-rep-5,repeated_preplanned_doe_single_objective,5.0,9d7c4e74ff1568700970bc620a7b8be082f43cb0bfc04b29a1d791dfea9e2028,2010,completed,0.4686062378327744,0.4725289678990777,
doe-so-rep-5,repeated_preplanned_doe_single_objective,5.0,9d7c4e74ff1568700970bc620a7b8be082f43cb0bfc04b29a1d791dfea9e2028,2011,completed,0.4705326297501655,0.4729659949809411,
doe-so-rep-5,repeated_preplanned_doe_single_objective,5.0,9d7c4e74ff1568700970bc620a7b8be082f43cb0bfc04b29a1d791dfea9e2028,2012,completed,0.4753837714676779,0.46569745845692406,
doe-so-rep-5,repeated_preplanned_doe_single_objective,5.0,9d7c4e74ff1568700970bc620a7b8be082f43cb0bfc04b29a1d791dfea9e2028,2013,completed,0.47214075050566956,0.46920880663846937,
doe-so-rep-5,repeated_preplanned_doe_single_objective,5.0,9d7c4e74ff1568700970bc620a7b8be082f43cb0bfc04b29a1d791dfea9e2028,2014,completed,0.458569220628145,0.4638440483211268,
doe-so-rep-5,repeated_preplanned_doe_single_objective,5.0,9d7c4e74ff1568700970bc620a7b8be082f43cb0bfc04b29a1d791dfea9e2028,2015,completed,0.45627369889918196,0.4701226198953921,
doe-so-rep-5,repeated_preplanned_doe_single_objective,5.0,9d7c4e74ff1568700970bc620a7b8be082f43cb0bfc04b29a1d791dfea9e2028,2016,completed,0.45968173722401456,0.463927534578103,
doe-so-rep-5,repeated_preplanned_doe_single_objective,5.0,9d7c4e74ff1568700970bc620a7b8be082f43cb0bfc04b29a1d791dfea9e2028,2017,completed,0.4785500324859321,0.47100879508311694,
doe-so-rep-5,repeated_preplanned_doe_single_objective,5.0,9d7c4e74ff1568700970bc620a7b8be082f43cb0bfc04b29a1d791dfea9e2028,2018,completed,0.47676636459162325,0.46866267539305334,
doe-so-rep-5,repeated_preplanned_doe_single_objective,5.0,9d7c4e74ff1568700970bc620a7b8be082f43cb0bfc04b29a1d791dfea9e2028,2019,completed,0.46889288783659566,0.4702376113517394,
doe-so-rep-5,repeated_preplanned_doe_single_objective,5.0,9d7c4e74ff1568700970bc620a7b8be082f43cb0bfc04b29a1d791dfea9e2028,2020,completed,0.47188976464833565,0.46687643731362266,
doe-mo-rep-6,repeated_preplanned_doe_multi_objective,6.0,4df87a1d630e896c492ed7e128f61b47b3ea990b476cbde9a3eb218fec2cb31e,2001,completed,0.4802965734594438,0.48284286982290014,
doe-mo-rep-6,repeated_preplanned_doe_multi_objective,6.0,4df87a1d630e896c492ed7e128f61b47b3ea990b476cbde9a3eb218fec2cb31e,2002,completed,0.4900259925331629,0.47804406837451313,
doe-mo-rep-6,repeated_preplanned_doe_multi_objective,6.0,4df87a1d630e896c492ed7e128f61b47b3ea990b476cbde9a3eb218fec2cb31e,2003,completed,0.4730421376375906,0.4819784677726845,
doe-mo-rep-6,repeated_preplanned_doe_multi_objective,6.0,4df87a1d630e896c492ed7e128f61b47b3ea990b476cbde9a3eb218fec2cb31e,2004,completed,0.4794147029244603,0.4801821279800796,
doe-mo-rep-6,repeated_preplanned_doe_multi_objective,6.0,4df87a1d630e896c492ed7e128f61b47b3ea990b476cbde9a3eb218fec2cb31e,2005,completed,0.4662059983558167,0.47871055966761905,
doe-mo-rep-6,repeated_preplanned_doe_multi_objective,6.0,4df87a1d630e896c492ed7e128f61b47b3ea990b476cbde9a3eb218fec2cb31e,2006,completed,0.48663077805068033,0.4852468374170836,
doe-mo-rep-6,repeated_preplanned_doe_multi_objective,6.0,4df87a1d630e896c492ed7e128f61b47b3ea990b476cbde9a3eb218fec2cb31e,2007,completed,0.4737065767244829,0.48184410135105077,
doe-mo-rep-6,repeated_preplanned_doe_multi_objective,6.0,4df87a1d630e896c492ed7e128f61b47b3ea990b476cbde9a3eb218fec2cb31e,2008,completed,0.4805548303874844,0.4863586918032195,
doe-mo-rep-6,repeated_preplanned_doe_multi_objective,6.0,4df87a1d630e896c492ed7e128f61b47b3ea990b476cbde9a3eb218fec2cb31e,2009,completed,0.4966792981839022,0.4862167821268735,
doe-mo-rep-6,repeated_preplanned_doe_multi_objective,6.0,4df87a1d630e896c492ed7e128f61b47b3ea990b476cbde9a3eb218fec2cb31e,2010,completed,0.48303976882425864,0.48093064339223685,
doe-mo-rep-6,repeated_preplanned_doe_multi_objective,6.0,4df87a1d630e896c492ed7e128f61b47b3ea990b476cbde9a3eb218fec2cb31e,2011,completed,0.4843648514652108,0.4819479075661911,
doe-mo-rep-6,repeated_preplanned_doe_multi_objective,6.0,4df87a1d630e896c492ed7e128f61b47b3ea990b476cbde9a3eb218fec2cb31e,2012,completed,0.4893472082563697,0.4841782475571462,
doe-mo-rep-6,repeated_preplanned_doe_multi_objective,6.0,4df87a1d630e896c492ed7e128f61b47b3ea990b476cbde9a3eb218fec2cb31e,2013,completed,0.4957949459947178,0.4939148557341199,
doe-mo-rep-6,repeated_preplanned_doe_multi_objective,6.0,4df87a1d630e896c492ed7e128f61b47b3ea990b476cbde9a3eb218fec2cb31e,2014,completed,0.47549339348403763,0.4798604318572586,
doe-mo-rep-6,repeated_preplanned_doe_multi_objective,6.0,4df87a1d630e896c492ed7e128f61b47b3ea990b476cbde9a3eb218fec2cb31e,2015,completed,0.47167551952811154,0.48556750032876733,
doe-mo-rep-6,repeated_preplanned_doe_multi_objective,6.0,4df87a1d630e896c492ed7e128f61b47b3ea990b476cbde9a3eb218fec2cb31e,2016,completed,0.474538468632144,0.48109847198887445,
doe-mo-rep-6,repeated_preplanned_doe_multi_objective,6.0,4df87a1d630e896c492ed7e128f61b47b3ea990b476cbde9a3eb218fec2cb31e,2017,completed,0.491143789442589,0.4878494817443516,
doe-mo-rep-6,repeated_preplanned_doe_multi_objective,6.0,4df87a1d630e896c492ed7e128f61b47b3ea990b476cbde9a3eb218fec2cb31e,2018,completed,0.488735294947828,0.48097991739825396,
doe-mo-rep-6,repeated_preplanned_doe_multi_objective,6.0,4df87a1d630e896c492ed7e128f61b47b3ea990b476cbde9a3eb218fec2cb31e,2019,completed,0.4812204266534409,0.48505587529926864,
doe-mo-rep-6,repeated_preplanned_doe_multi_objective,6.0,4df87a1d630e896c492ed7e128f61b47b3ea990b476cbde9a3eb218fec2cb31e,2020,completed,0.4811924612299676,0.48451555229799226,
doe-so-rep-6,repeated_preplanned_doe_single_objective,6.0,9d7c4e74ff1568700970bc620a7b8be082f43cb0bfc04b29a1d791dfea9e2028,2001,completed,0.4751183194324913,0.46866876182653505,
doe-so-rep-6,repeated_preplanned_doe_single_objective,6.0,9d7c4e74ff1568700970bc620a7b8be082f43cb0bfc04b29a1d791dfea9e2028,2002,completed,0.48091816524918657,0.4689310825721539,
doe-so-rep-6,repeated_preplanned_doe_single_objective,6.0,9d7c4e74ff1568700970bc620a7b8be082f43cb0bfc04b29a1d791dfea9e2028,2003,completed,0.459445286334745,0.4649749039041509,
doe-so-rep-6,repeated_preplanned_doe_single_objective,6.0,9d7c4e74ff1568700970bc620a7b8be082f43cb0bfc04b29a1d791dfea9e2028,2004,completed,0.46490573980021543,0.4645480690063279,
doe-so-rep-6,repeated_preplanned_doe_single_objective,6.0,9d7c4e74ff1568700970bc620a7b8be082f43cb0bfc04b29a1d791dfea9e2028,2005,completed,0.4572170171849771,0.4723356396907691,
doe-so-rep-6,repeated_preplanned_doe_single_objective,6.0,9d7c4e74ff1568700970bc620a7b8be082f43cb0bfc04b29a1d791dfea9e2028,2006,completed,0.47336604722605524,0.4709112158100828,
doe-so-rep-6,repeated_preplanned_doe_single_objective,6.0,9d7c4e74ff1568700970bc620a7b8be082f43cb0bfc04b29a1d791dfea9e2028,2007,completed,0.4570330674963435,0.46507376640596004,
doe-so-rep-6,repeated_preplanned_doe_single_objective,6.0,9d7c4e74ff1568700970bc620a7b8be082f43cb0bfc04b29a1d791dfea9e2028,2008,completed,0.4687506231820256,0.46924643200828026,
doe-so-rep-6,repeated_preplanned_doe_single_objective,6.0,9d7c4e74ff1568700970bc620a7b8be082f43cb0bfc04b29a1d791dfea9e2028,2009,completed,0.48041493990842693,0.47204189357598164,
doe-so-rep-6,repeated_preplanned_doe_single_objective,6.0,9d7c4e74ff1568700970bc620a7b8be082f43cb0bfc04b29a1d791dfea9e2028,2010,completed,0.4686062378327744,0.4725289678990777,
doe-so-rep-6,repeated_preplanned_doe_single_objective,6.0,9d7c4e74ff1568700970bc620a7b8be082f43cb0bfc04b29a1d791dfea9e2028,2011,completed,0.4705326297501655,0.4729659949809411,
doe-so-rep-6,repeated_preplanned_doe_single_objective,6.0,9d7c4e74ff1568700970bc620a7b8be082f43cb0bfc04b29a1d791dfea9e2028,2012,completed,0.4753837714676779,0.46569745845692406,
doe-so-rep-6,repeated_preplanned_doe_single_objective,6.0,9d7c4e74ff1568700970bc620a7b8be082f43cb0bfc04b29a1d791dfea9e2028,2013,completed,0.47214075050566956,0.46920880663846937,
doe-so-rep-6,repeated_preplanned_doe_single_objective,6.0,9d7c4e74ff1568700970bc620a7b8be082f43cb0bfc04b29a1d791dfea9e2028,2014,completed,0.458569220628145,0.4638440483211268,
doe-so-rep-6,repeated_preplanned_doe_single_objective,6.0,9d7c4e74ff1568700970bc620a7b8be082f43cb0bfc04b29a1d791dfea9e2028,2015,completed,0.45627369889918196,0.4701226198953921,
doe-so-rep-6,repeated_preplanned_doe_single_objective,6.0,9d7c4e74ff1568700970bc620a7b8be082f43cb0bfc04b29a1d791dfea9e2028,2016,completed,0.45968173722401456,0.463927534578103,
doe-so-rep-6,repeated_preplanned_doe_single_objective,6.0,9d7c4e74ff1568700970bc620a7b8be082f43cb0bfc04b29a1d791dfea9e2028,2017,completed,0.4785500324859321,0.47100879508311694,
doe-so-rep-6,repeated_preplanned_doe_single_objective,6.0,9d7c4e74ff1568700970bc620a7b8be082f43cb0bfc04b29a1d791dfea9e2028,2018,completed,0.47676636459162325,0.46866267539305334,
doe-so-rep-6,repeated_preplanned_doe_single_objective,6.0,9d7c4e74ff1568700970bc620a7b8be082f43cb0bfc04b29a1d791dfea9e2028,2019,completed,0.46889288783659566,0.4702376113517394,
doe-so-rep-6,repeated_preplanned_doe_single_objective,6.0,9d7c4e74ff1568700970bc620a7b8be082f43cb0bfc04b29a1d791dfea9e2028,2020,completed,0.47188976464833565,0.46687643731362266,
doe-mo-rep-7,repeated_preplanned_doe_multi_objective,7.0,54040c23c0768e60ec7f803c09a82d330912dadc419e881bcdf6778ef01400e6,2001,completed,0.4876843491347056,0.4959308530291812,
doe-mo-rep-7,repeated_preplanned_doe_multi_objective,7.0,54040c23c0768e60ec7f803c09a82d330912dadc419e881bcdf6778ef01400e6,2002,completed,0.5007310209798663,0.49503038249580483,
doe-mo-rep-7,repeated_preplanned_doe_multi_objective,7.0,54040c23c0768e60ec7f803c09a82d330912dadc419e881bcdf6778ef01400e6,2003,completed,0.48267832683596695,0.49329241639630056,
doe-mo-rep-7,repeated_preplanned_doe_multi_objective,7.0,54040c23c0768e60ec7f803c09a82d330912dadc419e881bcdf6778ef01400e6,2004,completed,0.4924405292859259,0.5010916498163076,
doe-mo-rep-7,repeated_preplanned_doe_multi_objective,7.0,54040c23c0768e60ec7f803c09a82d330912dadc419e881bcdf6778ef01400e6,2005,completed,0.4836777932897569,0.500773848108632,
doe-mo-rep-7,repeated_preplanned_doe_multi_objective,7.0,54040c23c0768e60ec7f803c09a82d330912dadc419e881bcdf6778ef01400e6,2006,completed,0.49008468610805384,0.5011269066301197,
doe-mo-rep-7,repeated_preplanned_doe_multi_objective,7.0,54040c23c0768e60ec7f803c09a82d330912dadc419e881bcdf6778ef01400e6,2007,completed,0.4778914307934488,0.4958240380019603,
doe-mo-rep-7,repeated_preplanned_doe_multi_objective,7.0,54040c23c0768e60ec7f803c09a82d330912dadc419e881bcdf6778ef01400e6,2008,completed,0.4910657285164533,0.4953970658361241,
doe-mo-rep-7,repeated_preplanned_doe_multi_objective,7.0,54040c23c0768e60ec7f803c09a82d330912dadc419e881bcdf6778ef01400e6,2009,completed,0.49943449562107545,0.5014583453853941,
doe-mo-rep-7,repeated_preplanned_doe_multi_objective,7.0,54040c23c0768e60ec7f803c09a82d330912dadc419e881bcdf6778ef01400e6,2010,completed,0.49199357759391227,0.49996112822976974,
doe-mo-rep-7,repeated_preplanned_doe_multi_objective,7.0,54040c23c0768e60ec7f803c09a82d330912dadc419e881bcdf6778ef01400e6,2011,completed,0.48932972572330546,0.5016225277363435,
doe-mo-rep-7,repeated_preplanned_doe_multi_objective,7.0,54040c23c0768e60ec7f803c09a82d330912dadc419e881bcdf6778ef01400e6,2012,completed,0.5023588529687761,0.49986251555637534,
doe-mo-rep-7,repeated_preplanned_doe_multi_objective,7.0,54040c23c0768e60ec7f803c09a82d330912dadc419e881bcdf6778ef01400e6,2013,completed,0.4977556541751682,0.5010708608009146,
doe-mo-rep-7,repeated_preplanned_doe_multi_objective,7.0,54040c23c0768e60ec7f803c09a82d330912dadc419e881bcdf6778ef01400e6,2014,completed,0.483847790803794,0.49828641285681363,
doe-mo-rep-7,repeated_preplanned_doe_multi_objective,7.0,54040c23c0768e60ec7f803c09a82d330912dadc419e881bcdf6778ef01400e6,2015,completed,0.4825549326975156,0.49851920258708377,
doe-mo-rep-7,repeated_preplanned_doe_multi_objective,7.0,54040c23c0768e60ec7f803c09a82d330912dadc419e881bcdf6778ef01400e6,2016,completed,0.4815047073355363,0.49230940796993666,
doe-mo-rep-7,repeated_preplanned_doe_multi_objective,7.0,54040c23c0768e60ec7f803c09a82d330912dadc419e881bcdf6778ef01400e6,2017,completed,0.49390970118233296,0.5002156960646905,
doe-mo-rep-7,repeated_preplanned_doe_multi_objective,7.0,54040c23c0768e60ec7f803c09a82d330912dadc419e881bcdf6778ef01400e6,2018,completed,0.5023616084225029,0.4979494244076136,
doe-mo-rep-7,repeated_preplanned_doe_multi_objective,7.0,54040c23c0768e60ec7f803c09a82d330912dadc419e881bcdf6778ef01400e6,2019,completed,0.4835117393692113,0.4933130883232877,
doe-mo-rep-7,repeated_preplanned_doe_multi_objective,7.0,54040c23c0768e60ec7f803c09a82d330912dadc419e881bcdf6778ef01400e6,2020,completed,0.4945693251095265,0.5015507671968314,
doe-so-rep-7,repeated_preplanned_doe_single_objective,7.0,9d7c4e74ff1568700970bc620a7b8be082f43cb0bfc04b29a1d791dfea9e2028,2001,completed,0.4751183194324913,0.46866876182653505,
doe-so-rep-7,repeated_preplanned_doe_single_objective,7.0,9d7c4e74ff1568700970bc620a7b8be082f43cb0bfc04b29a1d791dfea9e2028,2002,completed,0.48091816524918657,0.4689310825721539,
doe-so-rep-7,repeated_preplanned_doe_single_objective,7.0,9d7c4e74ff1568700970bc620a7b8be082f43cb0bfc04b29a1d791dfea9e2028,2003,completed,0.459445286334745,0.4649749039041509,
doe-so-rep-7,repeated_preplanned_doe_single_objective,7.0,9d7c4e74ff1568700970bc620a7b8be082f43cb0bfc04b29a1d791dfea9e2028,2004,completed,0.46490573980021543,0.4645480690063279,
doe-so-rep-7,repeated_preplanned_doe_single_objective,7.0,9d7c4e74ff1568700970bc620a7b8be082f43cb0bfc04b29a1d791dfea9e2028,2005,completed,0.4572170171849771,0.4723356396907691,
doe-so-rep-7,repeated_preplanned_doe_single_objective,7.0,9d7c4e74ff1568700970bc620a7b8be082f43cb0bfc04b29a1d791dfea9e2028,2006,completed,0.47336604722605524,0.4709112158100828,
doe-so-rep-7,repeated_preplanned_doe_single_objective,7.0,9d7c4e74ff1568700970bc620a7b8be082f43cb0bfc04b29a1d791dfea9e2028,2007,completed,0.4570330674963435,0.46507376640596004,
doe-so-rep-7,repeated_preplanned_doe_single_objective,7.0,9d7c4e74ff1568700970bc620a7b8be082f43cb0bfc04b29a1d791dfea9e2028,2008,completed,0.4687506231820256,0.46924643200828026,
doe-so-rep-7,repeated_preplanned_doe_single_objective,7.0,9d7c4e74ff1568700970bc620a7b8be082f43cb0bfc04b29a1d791dfea9e2028,2009,completed,0.48041493990842693,0.47204189357598164,
doe-so-rep-7,repeated_preplanned_doe_single_objective,7.0,9d7c4e74ff1568700970bc620a7b8be082f43cb0bfc04b29a1d791dfea9e2028,2010,completed,0.4686062378327744,0.4725289678990777,
doe-so-rep-7,repeated_preplanned_doe_single_objective,7.0,9d7c4e74ff1568700970bc620a7b8be082f43cb0bfc04b29a1d791dfea9e2028,2011,completed,0.4705326297501655,0.4729659949809411,
doe-so-rep-7,repeated_preplanned_doe_single_objective,7.0,9d7c4e74ff1568700970bc620a7b8be082f43cb0bfc04b29a1d791dfea9e2028,2012,completed,0.4753837714676779,0.46569745845692406,
doe-so-rep-7,repeated_preplanned_doe_single_objective,7.0,9d7c4e74ff1568700970bc620a7b8be082f43cb0bfc04b29a1d791dfea9e2028,2013,completed,0.47214075050566956,0.46920880663846937,
doe-so-rep-7,repeated_preplanned_doe_single_objective,7.0,9d7c4e74ff1568700970bc620a7b8be082f43cb0bfc04b29a1d791dfea9e2028,2014,completed,0.458569220628145,0.4638440483211268,
doe-so-rep-7,repeated_preplanned_doe_single_objective,7.0,9d7c4e74ff1568700970bc620a7b8be082f43cb0bfc04b29a1d791dfea9e2028,2015,completed,0.45627369889918196,0.4701226198953921,
doe-so-rep-7,repeated_preplanned_doe_single_objective,7.0,9d7c4e74ff1568700970bc620a7b8be082f43cb0bfc04b29a1d791dfea9e2028,2016,completed,0.45968173722401456,0.463927534578103,
doe-so-rep-7,repeated_preplanned_doe_single_objective,7.0,9d7c4e74ff1568700970bc620a7b8be082f43cb0bfc04b29a1d791dfea9e2028,2017,completed,0.4785500324859321,0.47100879508311694,
doe-so-rep-7,repeated_preplanned_doe_single_objective,7.0,9d7c4e74ff1568700970bc620a7b8be082f43cb0bfc04b29a1d791dfea9e2028,2018,completed,0.47676636459162325,0.46866267539305334,
doe-so-rep-7,repeated_preplanned_doe_single_objective,7.0,9d7c4e74ff1568700970bc620a7b8be082f43cb0bfc04b29a1d791dfea9e2028,2019,completed,0.46889288783659566,0.4702376113517394,
doe-so-rep-7,repeated_preplanned_doe_single_objective,7.0,9d7c4e74ff1568700970bc620a7b8be082f43cb0bfc04b29a1d791dfea9e2028,2020,completed,0.47188976464833565,0.46687643731362266,
doe-mo-rep-8,repeated_preplanned_doe_multi_objective,8.0,6419a9198c229c5de88b0b9d496a26d597ea3156e14174c525a3f78a52bcdec8,2001,completed,0.4758533367640094,0.4770914223461627,
doe-mo-rep-8,repeated_preplanned_doe_multi_objective,8.0,6419a9198c229c5de88b0b9d496a26d597ea3156e14174c525a3f78a52bcdec8,2002,completed,0.4919685923543806,0.47854060032566265,
doe-mo-rep-8,repeated_preplanned_doe_multi_objective,8.0,6419a9198c229c5de88b0b9d496a26d597ea3156e14174c525a3f78a52bcdec8,2003,completed,0.4700385013378309,0.4775005327085245,
doe-mo-rep-8,repeated_preplanned_doe_multi_objective,8.0,6419a9198c229c5de88b0b9d496a26d597ea3156e14174c525a3f78a52bcdec8,2004,completed,0.47678194813677377,0.4794564153751765,
doe-mo-rep-8,repeated_preplanned_doe_multi_objective,8.0,6419a9198c229c5de88b0b9d496a26d597ea3156e14174c525a3f78a52bcdec8,2005,completed,0.46201304028672874,0.48265084797529867,
doe-mo-rep-8,repeated_preplanned_doe_multi_objective,8.0,6419a9198c229c5de88b0b9d496a26d597ea3156e14174c525a3f78a52bcdec8,2006,completed,0.47672949246849755,0.47555837219527375,
doe-mo-rep-8,repeated_preplanned_doe_multi_objective,8.0,6419a9198c229c5de88b0b9d496a26d597ea3156e14174c525a3f78a52bcdec8,2007,completed,0.47022667927392825,0.48042151515563936,
doe-mo-rep-8,repeated_preplanned_doe_multi_objective,8.0,6419a9198c229c5de88b0b9d496a26d597ea3156e14174c525a3f78a52bcdec8,2008,completed,0.4736497933665923,0.4774743645997538,
doe-mo-rep-8,repeated_preplanned_doe_multi_objective,8.0,6419a9198c229c5de88b0b9d496a26d597ea3156e14174c525a3f78a52bcdec8,2009,completed,0.4900779692185032,0.4821585074103659,
doe-mo-rep-8,repeated_preplanned_doe_multi_objective,8.0,6419a9198c229c5de88b0b9d496a26d597ea3156e14174c525a3f78a52bcdec8,2010,completed,0.4788915505387817,0.48018179348366424,
doe-mo-rep-8,repeated_preplanned_doe_multi_objective,8.0,6419a9198c229c5de88b0b9d496a26d597ea3156e14174c525a3f78a52bcdec8,2011,completed,0.4736766982433506,0.4804123549624427,
doe-mo-rep-8,repeated_preplanned_doe_multi_objective,8.0,6419a9198c229c5de88b0b9d496a26d597ea3156e14174c525a3f78a52bcdec8,2012,completed,0.486808727901891,0.47533764882550356,
doe-mo-rep-8,repeated_preplanned_doe_multi_objective,8.0,6419a9198c229c5de88b0b9d496a26d597ea3156e14174c525a3f78a52bcdec8,2013,completed,0.4803376239271323,0.47812297905827333,
doe-mo-rep-8,repeated_preplanned_doe_multi_objective,8.0,6419a9198c229c5de88b0b9d496a26d597ea3156e14174c525a3f78a52bcdec8,2014,completed,0.4702221316704401,0.4758784919572084,
doe-mo-rep-8,repeated_preplanned_doe_multi_objective,8.0,6419a9198c229c5de88b0b9d496a26d597ea3156e14174c525a3f78a52bcdec8,2015,completed,0.4664476500581332,0.4780765260381198,
doe-mo-rep-8,repeated_preplanned_doe_multi_objective,8.0,6419a9198c229c5de88b0b9d496a26d597ea3156e14174c525a3f78a52bcdec8,2016,completed,0.4666196381083445,0.470940806492654,
doe-mo-rep-8,repeated_preplanned_doe_multi_objective,8.0,6419a9198c229c5de88b0b9d496a26d597ea3156e14174c525a3f78a52bcdec8,2017,completed,0.4870746679618856,0.48142201257682615,
doe-mo-rep-8,repeated_preplanned_doe_multi_objective,8.0,6419a9198c229c5de88b0b9d496a26d597ea3156e14174c525a3f78a52bcdec8,2018,completed,0.485392657946504,0.47453096364271485,
doe-mo-rep-8,repeated_preplanned_doe_multi_objective,8.0,6419a9198c229c5de88b0b9d496a26d597ea3156e14174c525a3f78a52bcdec8,2019,completed,0.4779728676587852,0.4780831414637107,
doe-mo-rep-8,repeated_preplanned_doe_multi_objective,8.0,6419a9198c229c5de88b0b9d496a26d597ea3156e14174c525a3f78a52bcdec8,2020,completed,0.47740593929714426,0.47635108146690014,
doe-so-rep-8,repeated_preplanned_doe_single_objective,8.0,9d7c4e74ff1568700970bc620a7b8be082f43cb0bfc04b29a1d791dfea9e2028,2001,completed,0.4751183194324913,0.46866876182653505,
doe-so-rep-8,repeated_preplanned_doe_single_objective,8.0,9d7c4e74ff1568700970bc620a7b8be082f43cb0bfc04b29a1d791dfea9e2028,2002,completed,0.48091816524918657,0.4689310825721539,
doe-so-rep-8,repeated_preplanned_doe_single_objective,8.0,9d7c4e74ff1568700970bc620a7b8be082f43cb0bfc04b29a1d791dfea9e2028,2003,completed,0.459445286334745,0.4649749039041509,
doe-so-rep-8,repeated_preplanned_doe_single_objective,8.0,9d7c4e74ff1568700970bc620a7b8be082f43cb0bfc04b29a1d791dfea9e2028,2004,completed,0.46490573980021543,0.4645480690063279,
doe-so-rep-8,repeated_preplanned_doe_single_objective,8.0,9d7c4e74ff1568700970bc620a7b8be082f43cb0bfc04b29a1d791dfea9e2028,2005,completed,0.4572170171849771,0.4723356396907691,
doe-so-rep-8,repeated_preplanned_doe_single_objective,8.0,9d7c4e74ff1568700970bc620a7b8be082f43cb0bfc04b29a1d791dfea9e2028,2006,completed,0.47336604722605524,0.4709112158100828,
doe-so-rep-8,repeated_preplanned_doe_single_objective,8.0,9d7c4e74ff1568700970bc620a7b8be082f43cb0bfc04b29a1d791dfea9e2028,2007,completed,0.4570330674963435,0.46507376640596004,
doe-so-rep-8,repeated_preplanned_doe_single_objective,8.0,9d7c4e74ff1568700970bc620a7b8be082f43cb0bfc04b29a1d791dfea9e2028,2008,completed,0.4687506231820256,0.46924643200828026,
doe-so-rep-8,repeated_preplanned_doe_single_objective,8.0,9d7c4e74ff1568700970bc620a7b8be082f43cb0bfc04b29a1d791dfea9e2028,2009,completed,0.48041493990842693,0.47204189357598164,
doe-so-rep-8,repeated_preplanned_doe_single_objective,8.0,9d7c4e74ff1568700970bc620a7b8be082f43cb0bfc04b29a1d791dfea9e2028,2010,completed,0.4686062378327744,0.4725289678990777,
doe-so-rep-8,repeated_preplanned_doe_single_objective,8.0,9d7c4e74ff1568700970bc620a7b8be082f43cb0bfc04b29a1d791dfea9e2028,2011,completed,0.4705326297501655,0.4729659949809411,
doe-so-rep-8,repeated_preplanned_doe_single_objective,8.0,9d7c4e74ff1568700970bc620a7b8be082f43cb0bfc04b29a1d791dfea9e2028,2012,completed,0.4753837714676779,0.46569745845692406,
doe-so-rep-8,repeated_preplanned_doe_single_objective,8.0,9d7c4e74ff1568700970bc620a7b8be082f43cb0bfc04b29a1d791dfea9e2028,2013,completed,0.47214075050566956,0.46920880663846937,
doe-so-rep-8,repeated_preplanned_doe_single_objective,8.0,9d7c4e74ff1568700970bc620a7b8be082f43cb0bfc04b29a1d791dfea9e2028,2014,completed,0.458569220628145,0.4638440483211268,
doe-so-rep-8,repeated_preplanned_doe_single_objective,8.0,9d7c4e74ff1568700970bc620a7b8be082f43cb0bfc04b29a1d791dfea9e2028,2015,completed,0.45627369889918196,0.4701226198953921,
doe-so-rep-8,repeated_preplanned_doe_single_objective,8.0,9d7c4e74ff1568700970bc620a7b8be082f43cb0bfc04b29a1d791dfea9e2028,2016,completed,0.45968173722401456,0.463927534578103,
doe-so-rep-8,repeated_preplanned_doe_single_objective,8.0,9d7c4e74ff1568700970bc620a7b8be082f43cb0bfc04b29a1d791dfea9e2028,2017,completed,0.4785500324859321,0.47100879508311694,
doe-so-rep-8,repeated_preplanned_doe_single_objective,8.0,9d7c4e74ff1568700970bc620a7b8be082f43cb0bfc04b29a1d791dfea9e2028,2018,completed,0.47676636459162325,0.46866267539305334,
doe-so-rep-8,repeated_preplanned_doe_single_objective,8.0,9d7c4e74ff1568700970bc620a7b8be082f43cb0bfc04b29a1d791dfea9e2028,2019,completed,0.46889288783659566,0.4702376113517394,
doe-so-rep-8,repeated_preplanned_doe_single_objective,8.0,9d7c4e74ff1568700970bc620a7b8be082f43cb0bfc04b29a1d791dfea9e2028,2020,completed,0.47188976464833565,0.46687643731362266,
doe-mo-rep-9,repeated_preplanned_doe_multi_objective,9.0,7bc701058a3f9c1c31bf416e1ac2c035c51128d912bd1604d75f0a7bbf125030,2001,completed,0.47062116378969715,0.47724867899189216,
doe-mo-rep-9,repeated_preplanned_doe_multi_objective,9.0,7bc701058a3f9c1c31bf416e1ac2c035c51128d912bd1604d75f0a7bbf125030,2002,completed,0.4921617981890962,0.4686624706438708,
doe-mo-rep-9,repeated_preplanned_doe_multi_objective,9.0,7bc701058a3f9c1c31bf416e1ac2c035c51128d912bd1604d75f0a7bbf125030,2003,completed,0.4689449077244268,0.4708871663845853,
doe-mo-rep-9,repeated_preplanned_doe_multi_objective,9.0,7bc701058a3f9c1c31bf416e1ac2c035c51128d912bd1604d75f0a7bbf125030,2004,completed,0.4747992474112287,0.47484732123758744,
doe-mo-rep-9,repeated_preplanned_doe_multi_objective,9.0,7bc701058a3f9c1c31bf416e1ac2c035c51128d912bd1604d75f0a7bbf125030,2005,completed,0.4618301696891861,0.4731146787874348,
doe-mo-rep-9,repeated_preplanned_doe_multi_objective,9.0,7bc701058a3f9c1c31bf416e1ac2c035c51128d912bd1604d75f0a7bbf125030,2006,completed,0.4761230514518051,0.4768301413500995,
doe-mo-rep-9,repeated_preplanned_doe_multi_objective,9.0,7bc701058a3f9c1c31bf416e1ac2c035c51128d912bd1604d75f0a7bbf125030,2007,completed,0.46672335318490077,0.47518445566159334,
doe-mo-rep-9,repeated_preplanned_doe_multi_objective,9.0,7bc701058a3f9c1c31bf416e1ac2c035c51128d912bd1604d75f0a7bbf125030,2008,completed,0.47358353293820715,0.47598807509321456,
doe-mo-rep-9,repeated_preplanned_doe_multi_objective,9.0,7bc701058a3f9c1c31bf416e1ac2c035c51128d912bd1604d75f0a7bbf125030,2009,completed,0.48861086737922405,0.47789954074655433,
doe-mo-rep-9,repeated_preplanned_doe_multi_objective,9.0,7bc701058a3f9c1c31bf416e1ac2c035c51128d912bd1604d75f0a7bbf125030,2010,completed,0.47102354108454264,0.47362438044294897,
doe-mo-rep-9,repeated_preplanned_doe_multi_objective,9.0,7bc701058a3f9c1c31bf416e1ac2c035c51128d912bd1604d75f0a7bbf125030,2011,completed,0.4720310865466191,0.47505860707560066,
doe-mo-rep-9,repeated_preplanned_doe_multi_objective,9.0,7bc701058a3f9c1c31bf416e1ac2c035c51128d912bd1604d75f0a7bbf125030,2012,completed,0.4880376093329127,0.4769693306727031,
doe-mo-rep-9,repeated_preplanned_doe_multi_objective,9.0,7bc701058a3f9c1c31bf416e1ac2c035c51128d912bd1604d75f0a7bbf125030,2013,completed,0.4809234506641998,0.4779959014881897,
doe-mo-rep-9,repeated_preplanned_doe_multi_objective,9.0,7bc701058a3f9c1c31bf416e1ac2c035c51128d912bd1604d75f0a7bbf125030,2014,completed,0.46913886747096095,0.47563390109556564,
doe-mo-rep-9,repeated_preplanned_doe_multi_objective,9.0,7bc701058a3f9c1c31bf416e1ac2c035c51128d912bd1604d75f0a7bbf125030,2015,completed,0.4673745538242462,0.4727248602378192,
doe-mo-rep-9,repeated_preplanned_doe_multi_objective,9.0,7bc701058a3f9c1c31bf416e1ac2c035c51128d912bd1604d75f0a7bbf125030,2016,completed,0.47595966462066946,0.4791012365325027,
doe-mo-rep-9,repeated_preplanned_doe_multi_objective,9.0,7bc701058a3f9c1c31bf416e1ac2c035c51128d912bd1604d75f0a7bbf125030,2017,completed,0.48220990756164295,0.47777868771354937,
doe-mo-rep-9,repeated_preplanned_doe_multi_objective,9.0,7bc701058a3f9c1c31bf416e1ac2c035c51128d912bd1604d75f0a7bbf125030,2018,completed,0.4864066703923157,0.4747440170331125,
doe-mo-rep-9,repeated_preplanned_doe_multi_objective,9.0,7bc701058a3f9c1c31bf416e1ac2c035c51128d912bd1604d75f0a7bbf125030,2019,completed,0.47722575360398733,0.4728394792403723,
doe-mo-rep-9,repeated_preplanned_doe_multi_objective,9.0,7bc701058a3f9c1c31bf416e1ac2c035c51128d912bd1604d75f0a7bbf125030,2020,completed,0.4764021198994298,0.4751282559254829,
doe-so-rep-9,repeated_preplanned_doe_single_objective,9.0,9d7c4e74ff1568700970bc620a7b8be082f43cb0bfc04b29a1d791dfea9e2028,2001,completed,0.4751183194324913,0.46866876182653505,
doe-so-rep-9,repeated_preplanned_doe_single_objective,9.0,9d7c4e74ff1568700970bc620a7b8be082f43cb0bfc04b29a1d791dfea9e2028,2002,completed,0.48091816524918657,0.4689310825721539,
doe-so-rep-9,repeated_preplanned_doe_single_objective,9.0,9d7c4e74ff1568700970bc620a7b8be082f43cb0bfc04b29a1d791dfea9e2028,2003,completed,0.459445286334745,0.4649749039041509,
doe-so-rep-9,repeated_preplanned_doe_single_objective,9.0,9d7c4e74ff1568700970bc620a7b8be082f43cb0bfc04b29a1d791dfea9e2028,2004,completed,0.46490573980021543,0.4645480690063279,
doe-so-rep-9,repeated_preplanned_doe_single_objective,9.0,9d7c4e74ff1568700970bc620a7b8be082f43cb0bfc04b29a1d791dfea9e2028,2005,completed,0.4572170171849771,0.4723356396907691,
doe-so-rep-9,repeated_preplanned_doe_single_objective,9.0,9d7c4e74ff1568700970bc620a7b8be082f43cb0bfc04b29a1d791dfea9e2028,2006,completed,0.47336604722605524,0.4709112158100828,
doe-so-rep-9,repeated_preplanned_doe_single_objective,9.0,9d7c4e74ff1568700970bc620a7b8be082f43cb0bfc04b29a1d791dfea9e2028,2007,completed,0.4570330674963435,0.46507376640596004,
doe-so-rep-9,repeated_preplanned_doe_single_objective,9.0,9d7c4e74ff1568700970bc620a7b8be082f43cb0bfc04b29a1d791dfea9e2028,2008,completed,0.4687506231820256,0.46924643200828026,
doe-so-rep-9,repeated_preplanned_doe_single_objective,9.0,9d7c4e74ff1568700970bc620a7b8be082f43cb0bfc04b29a1d791dfea9e2028,2009,completed,0.48041493990842693,0.47204189357598164,
doe-so-rep-9,repeated_preplanned_doe_single_objective,9.0,9d7c4e74ff1568700970bc620a7b8be082f43cb0bfc04b29a1d791dfea9e2028,2010,completed,0.4686062378327744,0.4725289678990777,
doe-so-rep-9,repeated_preplanned_doe_single_objective,9.0,9d7c4e74ff1568700970bc620a7b8be082f43cb0bfc04b29a1d791dfea9e2028,2011,completed,0.4705326297501655,0.4729659949809411,
doe-so-rep-9,repeated_preplanned_doe_single_objective,9.0,9d7c4e74ff1568700970bc620a7b8be082f43cb0bfc04b29a1d791dfea9e2028,2012,completed,0.4753837714676779,0.46569745845692406,
doe-so-rep-9,repeated_preplanned_doe_single_objective,9.0,9d7c4e74ff1568700970bc620a7b8be082f43cb0bfc04b29a1d791dfea9e2028,2013,completed,0.47214075050566956,0.46920880663846937,
doe-so-rep-9,repeated_preplanned_doe_single_objective,9.0,9d7c4e74ff1568700970bc620a7b8be082f43cb0bfc04b29a1d791dfea9e2028,2014,completed,0.458569220628145,0.4638440483211268,
doe-so-rep-9,repeated_preplanned_doe_single_objective,9.0,9d7c4e74ff1568700970bc620a7b8be082f43cb0bfc04b29a1d791dfea9e2028,2015,completed,0.45627369889918196,0.4701226198953921,
doe-so-rep-9,repeated_preplanned_doe_single_objective,9.0,9d7c4e74ff1568700970bc620a7b8be082f43cb0bfc04b29a1d791dfea9e2028,2016,completed,0.45968173722401456,0.463927534578103,
doe-so-rep-9,repeated_preplanned_doe_single_objective,9.0,9d7c4e74ff1568700970bc620a7b8be082f43cb0bfc04b29a1d791dfea9e2028,2017,completed,0.4785500324859321,0.47100879508311694,
doe-so-rep-9,repeated_preplanned_doe_single_objective,9.0,9d7c4e74ff1568700970bc620a7b8be082f43cb0bfc04b29a1d791dfea9e2028,2018,completed,0.47676636459162325,0.46866267539305334,
doe-so-rep-9,repeated_preplanned_doe_single_objective,9.0,9d7c4e74ff1568700970bc620a7b8be082f43cb0bfc04b29a1d791dfea9e2028,2019,completed,0.46889288783659566,0.4702376113517394,
doe-so-rep-9,repeated_preplanned_doe_single_objective,9.0,9d7c4e74ff1568700970bc620a7b8be082f43cb0bfc04b29a1d791dfea9e2028,2020,completed,0.47188976464833565,0.46687643731362266,
doe-mo-rep-10,repeated_preplanned_doe_multi_objective,10.0,18f2990fed9e1bc04d31b503fd1e4bee6065b23afe0026f5750621e5cad348aa,2001,completed,0.4728089629188476,0.48636106902804765,
doe-mo-rep-10,repeated_preplanned_doe_multi_objective,10.0,18f2990fed9e1bc04d31b503fd1e4bee6065b23afe0026f5750621e5cad348aa,2002,completed,0.4958629002165412,0.48860990059201437,
doe-mo-rep-10,repeated_preplanned_doe_multi_objective,10.0,18f2990fed9e1bc04d31b503fd1e4bee6065b23afe0026f5750621e5cad348aa,2003,completed,0.4730527354167039,0.47985020586951804,
doe-mo-rep-10,repeated_preplanned_doe_multi_objective,10.0,18f2990fed9e1bc04d31b503fd1e4bee6065b23afe0026f5750621e5cad348aa,2004,completed,0.47885784074539833,0.4864332044978618,
doe-mo-rep-10,repeated_preplanned_doe_multi_objective,10.0,18f2990fed9e1bc04d31b503fd1e4bee6065b23afe0026f5750621e5cad348aa,2005,completed,0.466686758313257,0.4840631884335034,
doe-mo-rep-10,repeated_preplanned_doe_multi_objective,10.0,18f2990fed9e1bc04d31b503fd1e4bee6065b23afe0026f5750621e5cad348aa,2006,completed,0.4719052414403559,0.4851720337367132,
doe-mo-rep-10,repeated_preplanned_doe_multi_objective,10.0,18f2990fed9e1bc04d31b503fd1e4bee6065b23afe0026f5750621e5cad348aa,2007,completed,0.47598953642135644,0.48652437430897055,
doe-mo-rep-10,repeated_preplanned_doe_multi_objective,10.0,18f2990fed9e1bc04d31b503fd1e4bee6065b23afe0026f5750621e5cad348aa,2008,completed,0.47826230795920327,0.4780469976955668,
doe-mo-rep-10,repeated_preplanned_doe_multi_objective,10.0,18f2990fed9e1bc04d31b503fd1e4bee6065b23afe0026f5750621e5cad348aa,2009,completed,0.49447301467146026,0.48021729116193185,
doe-mo-rep-10,repeated_preplanned_doe_multi_objective,10.0,18f2990fed9e1bc04d31b503fd1e4bee6065b23afe0026f5750621e5cad348aa,2010,completed,0.4826554246155038,0.48220926188979824,
doe-mo-rep-10,repeated_preplanned_doe_multi_objective,10.0,18f2990fed9e1bc04d31b503fd1e4bee6065b23afe0026f5750621e5cad348aa,2011,completed,0.47919925833994853,0.49532742478279035,
doe-mo-rep-10,repeated_preplanned_doe_multi_objective,10.0,18f2990fed9e1bc04d31b503fd1e4bee6065b23afe0026f5750621e5cad348aa,2012,completed,0.4891321458647501,0.4795296182798261,
doe-mo-rep-10,repeated_preplanned_doe_multi_objective,10.0,18f2990fed9e1bc04d31b503fd1e4bee6065b23afe0026f5750621e5cad348aa,2013,completed,0.4838228654202084,0.4860967998461411,
doe-mo-rep-10,repeated_preplanned_doe_multi_objective,10.0,18f2990fed9e1bc04d31b503fd1e4bee6065b23afe0026f5750621e5cad348aa,2014,completed,0.4722067000439144,0.4805056616872265,
doe-mo-rep-10,repeated_preplanned_doe_multi_objective,10.0,18f2990fed9e1bc04d31b503fd1e4bee6065b23afe0026f5750621e5cad348aa,2015,completed,0.4707364471581563,0.4787384964316162,
doe-mo-rep-10,repeated_preplanned_doe_multi_objective,10.0,18f2990fed9e1bc04d31b503fd1e4bee6065b23afe0026f5750621e5cad348aa,2016,completed,0.4701694657110145,0.47681782585755095,
doe-mo-rep-10,repeated_preplanned_doe_multi_objective,10.0,18f2990fed9e1bc04d31b503fd1e4bee6065b23afe0026f5750621e5cad348aa,2017,completed,0.48546804855209935,0.48382652898302203,
doe-mo-rep-10,repeated_preplanned_doe_multi_objective,10.0,18f2990fed9e1bc04d31b503fd1e4bee6065b23afe0026f5750621e5cad348aa,2018,completed,0.487408315020764,0.48330696479832214,
doe-mo-rep-10,repeated_preplanned_doe_multi_objective,10.0,18f2990fed9e1bc04d31b503fd1e4bee6065b23afe0026f5750621e5cad348aa,2019,completed,0.47811653824489203,0.48422853007697736,
doe-mo-rep-10,repeated_preplanned_doe_multi_objective,10.0,18f2990fed9e1bc04d31b503fd1e4bee6065b23afe0026f5750621e5cad348aa,2020,completed,0.4795240863302736,0.487299482661205,
doe-so-rep-10,repeated_preplanned_doe_single_objective,10.0,9d7c4e74ff1568700970bc620a7b8be082f43cb0bfc04b29a1d791dfea9e2028,2001,completed,0.4751183194324913,0.46866876182653505,
doe-so-rep-10,repeated_preplanned_doe_single_objective,10.0,9d7c4e74ff1568700970bc620a7b8be082f43cb0bfc04b29a1d791dfea9e2028,2002,completed,0.48091816524918657,0.4689310825721539,
doe-so-rep-10,repeated_preplanned_doe_single_objective,10.0,9d7c4e74ff1568700970bc620a7b8be082f43cb0bfc04b29a1d791dfea9e2028,2003,completed,0.459445286334745,0.4649749039041509,
doe-so-rep-10,repeated_preplanned_doe_single_objective,10.0,9d7c4e74ff1568700970bc620a7b8be082f43cb0bfc04b29a1d791dfea9e2028,2004,completed,0.46490573980021543,0.4645480690063279,
doe-so-rep-10,repeated_preplanned_doe_single_objective,10.0,9d7c4e74ff1568700970bc620a7b8be082f43cb0bfc04b29a1d791dfea9e2028,2005,completed,0.4572170171849771,0.4723356396907691,
doe-so-rep-10,repeated_preplanned_doe_single_objective,10.0,9d7c4e74ff1568700970bc620a7b8be082f43cb0bfc04b29a1d791dfea9e2028,2006,completed,0.47336604722605524,0.4709112158100828,
doe-so-rep-10,repeated_preplanned_doe_single_objective,10.0,9d7c4e74ff1568700970bc620a7b8be082f43cb0bfc04b29a1d791dfea9e2028,2007,completed,0.4570330674963435,0.46507376640596004,
doe-so-rep-10,repeated_preplanned_doe_single_objective,10.0,9d7c4e74ff1568700970bc620a7b8be082f43cb0bfc04b29a1d791dfea9e2028,2008,completed,0.4687506231820256,0.46924643200828026,
doe-so-rep-10,repeated_preplanned_doe_single_objective,10.0,9d7c4e74ff1568700970bc620a7b8be082f43cb0bfc04b29a1d791dfea9e2028,2009,completed,0.48041493990842693,0.47204189357598164,
doe-so-rep-10,repeated_preplanned_doe_single_objective,10.0,9d7c4e74ff1568700970bc620a7b8be082f43cb0bfc04b29a1d791dfea9e2028,2010,completed,0.4686062378327744,0.4725289678990777,
doe-so-rep-10,repeated_preplanned_doe_single_objective,10.0,9d7c4e74ff1568700970bc620a7b8be082f43cb0bfc04b29a1d791dfea9e2028,2011,completed,0.4705326297501655,0.4729659949809411,
doe-so-rep-10,repeated_preplanned_doe_single_objective,10.0,9d7c4e74ff1568700970bc620a7b8be082f43cb0bfc04b29a1d791dfea9e2028,2012,completed,0.4753837714676779,0.46569745845692406,
doe-so-rep-10,repeated_preplanned_doe_single_objective,10.0,9d7c4e74ff1568700970bc620a7b8be082f43cb0bfc04b29a1d791dfea9e2028,2013,completed,0.47214075050566956,0.46920880663846937,
doe-so-rep-10,repeated_preplanned_doe_single_objective,10.0,9d7c4e74ff1568700970bc620a7b8be082f43cb0bfc04b29a1d791dfea9e2028,2014,completed,0.458569220628145,0.4638440483211268,
doe-so-rep-10,repeated_preplanned_doe_single_objective,10.0,9d7c4e74ff1568700970bc620a7b8be082f43cb0bfc04b29a1d791dfea9e2028,2015,completed,0.45627369889918196,0.4701226198953921,
doe-so-rep-10,repeated_preplanned_doe_single_objective,10.0,9d7c4e74ff1568700970bc620a7b8be082f43cb0bfc04b29a1d791dfea9e2028,2016,completed,0.45968173722401456,0.463927534578103,
doe-so-rep-10,repeated_preplanned_doe_single_objective,10.0,9d7c4e74ff1568700970bc620a7b8be082f43cb0bfc04b29a1d791dfea9e2028,2017,completed,0.4785500324859321,0.47100879508311694,
doe-so-rep-10,repeated_preplanned_doe_single_objective,10.0,9d7c4e74ff1568700970bc620a7b8be082f43cb0bfc04b29a1d791dfea9e2028,2018,completed,0.47676636459162325,0.46866267539305334,
doe-so-rep-10,repeated_preplanned_doe_single_objective,10.0,9d7c4e74ff1568700970bc620a7b8be082f43cb0bfc04b29a1d791dfea9e2028,2019,completed,0.46889288783659566,0.4702376113517394,
doe-so-rep-10,repeated_preplanned_doe_single_objective,10.0,9d7c4e74ff1568700970bc620a7b8be082f43cb0bfc04b29a1d791dfea9e2028,2020,completed,0.47188976464833565,0.46687643731362266,
doe-mo-rep-11,repeated_preplanned_doe_multi_objective,11.0,25504c815fab540daa7163dd0b33e23dcdfccdc93c4872f2d50d2abbadb1a35e,2001,completed,0.48316266049920015,0.48710747206999316,
doe-mo-rep-11,repeated_preplanned_doe_multi_objective,11.0,25504c815fab540daa7163dd0b33e23dcdfccdc93c4872f2d50d2abbadb1a35e,2002,completed,0.49718348838156917,0.4909892725051604,
doe-mo-rep-11,repeated_preplanned_doe_multi_objective,11.0,25504c815fab540daa7163dd0b33e23dcdfccdc93c4872f2d50d2abbadb1a35e,2003,completed,0.47427325131539133,0.4856927217220658,
doe-mo-rep-11,repeated_preplanned_doe_multi_objective,11.0,25504c815fab540daa7163dd0b33e23dcdfccdc93c4872f2d50d2abbadb1a35e,2004,completed,0.48431342627561713,0.488944123537209,
doe-mo-rep-11,repeated_preplanned_doe_multi_objective,11.0,25504c815fab540daa7163dd0b33e23dcdfccdc93c4872f2d50d2abbadb1a35e,2005,completed,0.470540503770922,0.48801142404538855,
doe-mo-rep-11,repeated_preplanned_doe_multi_objective,11.0,25504c815fab540daa7163dd0b33e23dcdfccdc93c4872f2d50d2abbadb1a35e,2006,completed,0.4810953447587467,0.4879629739888424,
doe-mo-rep-11,repeated_preplanned_doe_multi_objective,11.0,25504c815fab540daa7163dd0b33e23dcdfccdc93c4872f2d50d2abbadb1a35e,2007,completed,0.47185568277756185,0.4821690989782117,
doe-mo-rep-11,repeated_preplanned_doe_multi_objective,11.0,25504c815fab540daa7163dd0b33e23dcdfccdc93c4872f2d50d2abbadb1a35e,2008,completed,0.47735737829853997,0.483416246511887,
doe-mo-rep-11,repeated_preplanned_doe_multi_objective,11.0,25504c815fab540daa7163dd0b33e23dcdfccdc93c4872f2d50d2abbadb1a35e,2009,completed,0.49212543130252345,0.4967151312727899,
doe-mo-rep-11,repeated_preplanned_doe_multi_objective,11.0,25504c815fab540daa7163dd0b33e23dcdfccdc93c4872f2d50d2abbadb1a35e,2010,completed,0.483573917927366,0.491627692009729,
doe-mo-rep-11,repeated_preplanned_doe_multi_objective,11.0,25504c815fab540daa7163dd0b33e23dcdfccdc93c4872f2d50d2abbadb1a35e,2011,completed,0.4842830051646165,0.49539511104898754,
doe-mo-rep-11,repeated_preplanned_doe_multi_objective,11.0,25504c815fab540daa7163dd0b33e23dcdfccdc93c4872f2d50d2abbadb1a35e,2012,completed,0.49120755090512375,0.48360334795236465,
doe-mo-rep-11,repeated_preplanned_doe_multi_objective,11.0,25504c815fab540daa7163dd0b33e23dcdfccdc93c4872f2d50d2abbadb1a35e,2013,completed,0.4832576751491662,0.49334729328595195,
doe-mo-rep-11,repeated_preplanned_doe_multi_objective,11.0,25504c815fab540daa7163dd0b33e23dcdfccdc93c4872f2d50d2abbadb1a35e,2014,completed,0.4785859071906643,0.4851793851197897,
doe-mo-rep-11,repeated_preplanned_doe_multi_objective,11.0,25504c815fab540daa7163dd0b33e23dcdfccdc93c4872f2d50d2abbadb1a35e,2015,completed,0.47705119919872163,0.4912373334721036,
doe-mo-rep-11,repeated_preplanned_doe_multi_objective,11.0,25504c815fab540daa7163dd0b33e23dcdfccdc93c4872f2d50d2abbadb1a35e,2016,completed,0.47629259797311413,0.48773590098834685,
doe-mo-rep-11,repeated_preplanned_doe_multi_objective,11.0,25504c815fab540daa7163dd0b33e23dcdfccdc93c4872f2d50d2abbadb1a35e,2017,completed,0.49024000599777684,0.4928439881025736,
doe-mo-rep-11,repeated_preplanned_doe_multi_objective,11.0,25504c815fab540daa7163dd0b33e23dcdfccdc93c4872f2d50d2abbadb1a35e,2018,completed,0.4930709496063121,0.48593674640118184,
doe-mo-rep-11,repeated_preplanned_doe_multi_objective,11.0,25504c815fab540daa7163dd0b33e23dcdfccdc93c4872f2d50d2abbadb1a35e,2019,completed,0.4809662865395286,0.4903493181548521,
doe-mo-rep-11,repeated_preplanned_doe_multi_objective,11.0,25504c815fab540daa7163dd0b33e23dcdfccdc93c4872f2d50d2abbadb1a35e,2020,completed,0.4850456929866075,0.4930781858611055,
doe-so-rep-11,repeated_preplanned_doe_single_objective,11.0,9d7c4e74ff1568700970bc620a7b8be082f43cb0bfc04b29a1d791dfea9e2028,2001,completed,0.4751183194324913,0.46866876182653505,
doe-so-rep-11,repeated_preplanned_doe_single_objective,11.0,9d7c4e74ff1568700970bc620a7b8be082f43cb0bfc04b29a1d791dfea9e2028,2002,completed,0.48091816524918657,0.4689310825721539,
doe-so-rep-11,repeated_preplanned_doe_single_objective,11.0,9d7c4e74ff1568700970bc620a7b8be082f43cb0bfc04b29a1d791dfea9e2028,2003,completed,0.459445286334745,0.4649749039041509,
doe-so-rep-11,repeated_preplanned_doe_single_objective,11.0,9d7c4e74ff1568700970bc620a7b8be082f43cb0bfc04b29a1d791dfea9e2028,2004,completed,0.46490573980021543,0.4645480690063279,
doe-so-rep-11,repeated_preplanned_doe_single_objective,11.0,9d7c4e74ff1568700970bc620a7b8be082f43cb0bfc04b29a1d791dfea9e2028,2005,completed,0.4572170171849771,0.4723356396907691,
doe-so-rep-11,repeated_preplanned_doe_single_objective,11.0,9d7c4e74ff1568700970bc620a7b8be082f43cb0bfc04b29a1d791dfea9e2028,2006,completed,0.47336604722605524,0.4709112158100828,
doe-so-rep-11,repeated_preplanned_doe_single_objective,11.0,9d7c4e74ff1568700970bc620a7b8be082f43cb0bfc04b29a1d791dfea9e2028,2007,completed,0.4570330674963435,0.46507376640596004,
doe-so-rep-11,repeated_preplanned_doe_single_objective,11.0,9d7c4e74ff1568700970bc620a7b8be082f43cb0bfc04b29a1d791dfea9e2028,2008,completed,0.4687506231820256,0.46924643200828026,
doe-so-rep-11,repeated_preplanned_doe_single_objective,11.0,9d7c4e74ff1568700970bc620a7b8be082f43cb0bfc04b29a1d791dfea9e2028,2009,completed,0.48041493990842693,0.47204189357598164,
doe-so-rep-11,repeated_preplanned_doe_single_objective,11.0,9d7c4e74ff1568700970bc620a7b8be082f43cb0bfc04b29a1d791dfea9e2028,2010,completed,0.4686062378327744,0.4725289678990777,
doe-so-rep-11,repeated_preplanned_doe_single_objective,11.0,9d7c4e74ff1568700970bc620a7b8be082f43cb0bfc04b29a1d791dfea9e2028,2011,completed,0.4705326297501655,0.4729659949809411,
doe-so-rep-11,repeated_preplanned_doe_single_objective,11.0,9d7c4e74ff1568700970bc620a7b8be082f43cb0bfc04b29a1d791dfea9e2028,2012,completed,0.4753837714676779,0.46569745845692406,
doe-so-rep-11,repeated_preplanned_doe_single_objective,11.0,9d7c4e74ff1568700970bc620a7b8be082f43cb0bfc04b29a1d791dfea9e2028,2013,completed,0.47214075050566956,0.46920880663846937,
doe-so-rep-11,repeated_preplanned_doe_single_objective,11.0,9d7c4e74ff1568700970bc620a7b8be082f43cb0bfc04b29a1d791dfea9e2028,2014,completed,0.458569220628145,0.4638440483211268,
doe-so-rep-11,repeated_preplanned_doe_single_objective,11.0,9d7c4e74ff1568700970bc620a7b8be082f43cb0bfc04b29a1d791dfea9e2028,2015,completed,0.45627369889918196,0.4701226198953921,
doe-so-rep-11,repeated_preplanned_doe_single_objective,11.0,9d7c4e74ff1568700970bc620a7b8be082f43cb0bfc04b29a1d791dfea9e2028,2016,completed,0.45968173722401456,0.463927534578103,
doe-so-rep-11,repeated_preplanned_doe_single_objective,11.0,9d7c4e74ff1568700970bc620a7b8be082f43cb0bfc04b29a1d791dfea9e2028,2017,completed,0.4785500324859321,0.47100879508311694,
doe-so-rep-11,repeated_preplanned_doe_single_objective,11.0,9d7c4e74ff1568700970bc620a7b8be082f43cb0bfc04b29a1d791dfea9e2028,2018,completed,0.47676636459162325,0.46866267539305334,
doe-so-rep-11,repeated_preplanned_doe_single_objective,11.0,9d7c4e74ff1568700970bc620a7b8be082f43cb0bfc04b29a1d791dfea9e2028,2019,completed,0.46889288783659566,0.4702376113517394,
doe-so-rep-11,repeated_preplanned_doe_single_objective,11.0,9d7c4e74ff1568700970bc620a7b8be082f43cb0bfc04b29a1d791dfea9e2028,2020,completed,0.47188976464833565,0.46687643731362266,
doe-mo-rep-12,repeated_preplanned_doe_multi_objective,12.0,304c1d10dc1c3acdf3794b161c0dbf60aa7c74d126a672dfc4d90431d083bedd,2001,completed,0.4794902268455962,0.48341118562502045,
doe-mo-rep-12,repeated_preplanned_doe_multi_objective,12.0,304c1d10dc1c3acdf3794b161c0dbf60aa7c74d126a672dfc4d90431d083bedd,2002,completed,0.4943277922680283,0.48260738003277137,
doe-mo-rep-12,repeated_preplanned_doe_multi_objective,12.0,304c1d10dc1c3acdf3794b161c0dbf60aa7c74d126a672dfc4d90431d083bedd,2003,completed,0.4726553444063193,0.4805005175286042,
doe-mo-rep-12,repeated_preplanned_doe_multi_objective,12.0,304c1d10dc1c3acdf3794b161c0dbf60aa7c74d126a672dfc4d90431d083bedd,2004,completed,0.4803650484609346,0.4854244568996285,
doe-mo-rep-12,repeated_preplanned_doe_multi_objective,12.0,304c1d10dc1c3acdf3794b161c0dbf60aa7c74d126a672dfc4d90431d083bedd,2005,completed,0.4635484530563282,0.48316905734859295,
doe-mo-rep-12,repeated_preplanned_doe_multi_objective,12.0,304c1d10dc1c3acdf3794b161c0dbf60aa7c74d126a672dfc4d90431d083bedd,2006,completed,0.4802759667195796,0.484762637802051,
doe-mo-rep-12,repeated_preplanned_doe_multi_objective,12.0,304c1d10dc1c3acdf3794b161c0dbf60aa7c74d126a672dfc4d90431d083bedd,2007,completed,0.4708369215147517,0.48187558182369283,
doe-mo-rep-12,repeated_preplanned_doe_multi_objective,12.0,304c1d10dc1c3acdf3794b161c0dbf60aa7c74d126a672dfc4d90431d083bedd,2008,completed,0.47965685004407793,0.4800467127869507,
doe-mo-rep-12,repeated_preplanned_doe_multi_objective,12.0,304c1d10dc1c3acdf3794b161c0dbf60aa7c74d126a672dfc4d90431d083bedd,2009,completed,0.49133678349039633,0.48328163323549644,
doe-mo-rep-12,repeated_preplanned_doe_multi_objective,12.0,304c1d10dc1c3acdf3794b161c0dbf60aa7c74d126a672dfc4d90431d083bedd,2010,completed,0.4799769695017761,0.4819169215633862,
doe-mo-rep-12,repeated_preplanned_doe_multi_objective,12.0,304c1d10dc1c3acdf3794b161c0dbf60aa7c74d126a672dfc4d90431d083bedd,2011,completed,0.47793270641181257,0.4819002627834659,
doe-mo-rep-12,repeated_preplanned_doe_multi_objective,12.0,304c1d10dc1c3acdf3794b161c0dbf60aa7c74d126a672dfc4d90431d083bedd,2012,completed,0.48824775475391785,0.47592300975035273,
doe-mo-rep-12,repeated_preplanned_doe_multi_objective,12.0,304c1d10dc1c3acdf3794b161c0dbf60aa7c74d126a672dfc4d90431d083bedd,2013,completed,0.4853336165274078,0.48377668790150746,
doe-mo-rep-12,repeated_preplanned_doe_multi_objective,12.0,304c1d10dc1c3acdf3794b161c0dbf60aa7c74d126a672dfc4d90431d083bedd,2014,completed,0.47428062779335084,0.4803120091500452,
doe-mo-rep-12,repeated_preplanned_doe_multi_objective,12.0,304c1d10dc1c3acdf3794b161c0dbf60aa7c74d126a672dfc4d90431d083bedd,2015,completed,0.4680110707668957,0.4805091999596123,
doe-mo-rep-12,repeated_preplanned_doe_multi_objective,12.0,304c1d10dc1c3acdf3794b161c0dbf60aa7c74d126a672dfc4d90431d083bedd,2016,completed,0.4677942072739457,0.47643783171613907,
doe-mo-rep-12,repeated_preplanned_doe_multi_objective,12.0,304c1d10dc1c3acdf3794b161c0dbf60aa7c74d126a672dfc4d90431d083bedd,2017,completed,0.4871333904673028,0.483457142736354,
doe-mo-rep-12,repeated_preplanned_doe_multi_objective,12.0,304c1d10dc1c3acdf3794b161c0dbf60aa7c74d126a672dfc4d90431d083bedd,2018,completed,0.4880092441409148,0.48296686268224587,
doe-mo-rep-12,repeated_preplanned_doe_multi_objective,12.0,304c1d10dc1c3acdf3794b161c0dbf60aa7c74d126a672dfc4d90431d083bedd,2019,completed,0.47967034342650017,0.4842580887200698,
doe-mo-rep-12,repeated_preplanned_doe_multi_objective,12.0,304c1d10dc1c3acdf3794b161c0dbf60aa7c74d126a672dfc4d90431d083bedd,2020,completed,0.478470619026558,0.48593856984973083,
doe-so-rep-12,repeated_preplanned_doe_single_objective,12.0,9d7c4e74ff1568700970bc620a7b8be082f43cb0bfc04b29a1d791dfea9e2028,2001,completed,0.4751183194324913,0.46866876182653505,
doe-so-rep-12,repeated_preplanned_doe_single_objective,12.0,9d7c4e74ff1568700970bc620a7b8be082f43cb0bfc04b29a1d791dfea9e2028,2002,completed,0.48091816524918657,0.4689310825721539,
doe-so-rep-12,repeated_preplanned_doe_single_objective,12.0,9d7c4e74ff1568700970bc620a7b8be082f43cb0bfc04b29a1d791dfea9e2028,2003,completed,0.459445286334745,0.4649749039041509,
doe-so-rep-12,repeated_preplanned_doe_single_objective,12.0,9d7c4e74ff1568700970bc620a7b8be082f43cb0bfc04b29a1d791dfea9e2028,2004,completed,0.46490573980021543,0.4645480690063279,
doe-so-rep-12,repeated_preplanned_doe_single_objective,12.0,9d7c4e74ff1568700970bc620a7b8be082f43cb0bfc04b29a1d791dfea9e2028,2005,completed,0.4572170171849771,0.4723356396907691,
doe-so-rep-12,repeated_preplanned_doe_single_objective,12.0,9d7c4e74ff1568700970bc620a7b8be082f43cb0bfc04b29a1d791dfea9e2028,2006,completed,0.47336604722605524,0.4709112158100828,
doe-so-rep-12,repeated_preplanned_doe_single_objective,12.0,9d7c4e74ff1568700970bc620a7b8be082f43cb0bfc04b29a1d791dfea9e2028,2007,completed,0.4570330674963435,0.46507376640596004,
doe-so-rep-12,repeated_preplanned_doe_single_objective,12.0,9d7c4e74ff1568700970bc620a7b8be082f43cb0bfc04b29a1d791dfea9e2028,2008,completed,0.4687506231820256,0.46924643200828026,
doe-so-rep-12,repeated_preplanned_doe_single_objective,12.0,9d7c4e74ff1568700970bc620a7b8be082f43cb0bfc04b29a1d791dfea9e2028,2009,completed,0.48041493990842693,0.47204189357598164,
doe-so-rep-12,repeated_preplanned_doe_single_objective,12.0,9d7c4e74ff1568700970bc620a7b8be082f43cb0bfc04b29a1d791dfea9e2028,2010,completed,0.4686062378327744,0.4725289678990777,
doe-so-rep-12,repeated_preplanned_doe_single_objective,12.0,9d7c4e74ff1568700970bc620a7b8be082f43cb0bfc04b29a1d791dfea9e2028,2011,completed,0.4705326297501655,0.4729659949809411,
doe-so-rep-12,repeated_preplanned_doe_single_objective,12.0,9d7c4e74ff1568700970bc620a7b8be082f43cb0bfc04b29a1d791dfea9e2028,2012,completed,0.4753837714676779,0.46569745845692406,
doe-so-rep-12,repeated_preplanned_doe_single_objective,12.0,9d7c4e74ff1568700970bc620a7b8be082f43cb0bfc04b29a1d791dfea9e2028,2013,completed,0.47214075050566956,0.46920880663846937,
doe-so-rep-12,repeated_preplanned_doe_single_objective,12.0,9d7c4e74ff1568700970bc620a7b8be082f43cb0bfc04b29a1d791dfea9e2028,2014,completed,0.458569220628145,0.4638440483211268,
doe-so-rep-12,repeated_preplanned_doe_single_objective,12.0,9d7c4e74ff1568700970bc620a7b8be082f43cb0bfc04b29a1d791dfea9e2028,2015,completed,0.45627369889918196,0.4701226198953921,
doe-so-rep-12,repeated_preplanned_doe_single_objective,12.0,9d7c4e74ff1568700970bc620a7b8be082f43cb0bfc04b29a1d791dfea9e2028,2016,completed,0.45968173722401456,0.463927534578103,
doe-so-rep-12,repeated_preplanned_doe_single_objective,12.0,9d7c4e74ff1568700970bc620a7b8be082f43cb0bfc04b29a1d791dfea9e2028,2017,completed,0.4785500324859321,0.47100879508311694,
doe-so-rep-12,repeated_preplanned_doe_single_objective,12.0,9d7c4e74ff1568700970bc620a7b8be082f43cb0bfc04b29a1d791dfea9e2028,2018,completed,0.47676636459162325,0.46866267539305334,
doe-so-rep-12,repeated_preplanned_doe_single_objective,12.0,9d7c4e74ff1568700970bc620a7b8be082f43cb0bfc04b29a1d791dfea9e2028,2019,completed,0.46889288783659566,0.4702376113517394,
doe-so-rep-12,repeated_preplanned_doe_single_objective,12.0,9d7c4e74ff1568700970bc620a7b8be082f43cb0bfc04b29a1d791dfea9e2028,2020,completed,0.47188976464833565,0.46687643731362266,
doe-mo-rep-13,repeated_preplanned_doe_multi_objective,13.0,25504c815fab540daa7163dd0b33e23dcdfccdc93c4872f2d50d2abbadb1a35e,2001,completed,0.48316266049920015,0.48710747206999316,
doe-mo-rep-13,repeated_preplanned_doe_multi_objective,13.0,25504c815fab540daa7163dd0b33e23dcdfccdc93c4872f2d50d2abbadb1a35e,2002,completed,0.49718348838156917,0.4909892725051604,
doe-mo-rep-13,repeated_preplanned_doe_multi_objective,13.0,25504c815fab540daa7163dd0b33e23dcdfccdc93c4872f2d50d2abbadb1a35e,2003,completed,0.47427325131539133,0.4856927217220658,
doe-mo-rep-13,repeated_preplanned_doe_multi_objective,13.0,25504c815fab540daa7163dd0b33e23dcdfccdc93c4872f2d50d2abbadb1a35e,2004,completed,0.48431342627561713,0.488944123537209,
doe-mo-rep-13,repeated_preplanned_doe_multi_objective,13.0,25504c815fab540daa7163dd0b33e23dcdfccdc93c4872f2d50d2abbadb1a35e,2005,completed,0.470540503770922,0.48801142404538855,
doe-mo-rep-13,repeated_preplanned_doe_multi_objective,13.0,25504c815fab540daa7163dd0b33e23dcdfccdc93c4872f2d50d2abbadb1a35e,2006,completed,0.4810953447587467,0.4879629739888424,
doe-mo-rep-13,repeated_preplanned_doe_multi_objective,13.0,25504c815fab540daa7163dd0b33e23dcdfccdc93c4872f2d50d2abbadb1a35e,2007,completed,0.47185568277756185,0.4821690989782117,
doe-mo-rep-13,repeated_preplanned_doe_multi_objective,13.0,25504c815fab540daa7163dd0b33e23dcdfccdc93c4872f2d50d2abbadb1a35e,2008,completed,0.47735737829853997,0.483416246511887,
doe-mo-rep-13,repeated_preplanned_doe_multi_objective,13.0,25504c815fab540daa7163dd0b33e23dcdfccdc93c4872f2d50d2abbadb1a35e,2009,completed,0.49212543130252345,0.4967151312727899,
doe-mo-rep-13,repeated_preplanned_doe_multi_objective,13.0,25504c815fab540daa7163dd0b33e23dcdfccdc93c4872f2d50d2abbadb1a35e,2010,completed,0.483573917927366,0.491627692009729,
doe-mo-rep-13,repeated_preplanned_doe_multi_objective,13.0,25504c815fab540daa7163dd0b33e23dcdfccdc93c4872f2d50d2abbadb1a35e,2011,completed,0.4842830051646165,0.49539511104898754,
doe-mo-rep-13,repeated_preplanned_doe_multi_objective,13.0,25504c815fab540daa7163dd0b33e23dcdfccdc93c4872f2d50d2abbadb1a35e,2012,completed,0.49120755090512375,0.48360334795236465,
doe-mo-rep-13,repeated_preplanned_doe_multi_objective,13.0,25504c815fab540daa7163dd0b33e23dcdfccdc93c4872f2d50d2abbadb1a35e,2013,completed,0.4832576751491662,0.49334729328595195,
doe-mo-rep-13,repeated_preplanned_doe_multi_objective,13.0,25504c815fab540daa7163dd0b33e23dcdfccdc93c4872f2d50d2abbadb1a35e,2014,completed,0.4785859071906643,0.4851793851197897,
doe-mo-rep-13,repeated_preplanned_doe_multi_objective,13.0,25504c815fab540daa7163dd0b33e23dcdfccdc93c4872f2d50d2abbadb1a35e,2015,completed,0.47705119919872163,0.4912373334721036,
doe-mo-rep-13,repeated_preplanned_doe_multi_objective,13.0,25504c815fab540daa7163dd0b33e23dcdfccdc93c4872f2d50d2abbadb1a35e,2016,completed,0.47629259797311413,0.48773590098834685,
doe-mo-rep-13,repeated_preplanned_doe_multi_objective,13.0,25504c815fab540daa7163dd0b33e23dcdfccdc93c4872f2d50d2abbadb1a35e,2017,completed,0.49024000599777684,0.4928439881025736,
doe-mo-rep-13,repeated_preplanned_doe_multi_objective,13.0,25504c815fab540daa7163dd0b33e23dcdfccdc93c4872f2d50d2abbadb1a35e,2018,completed,0.4930709496063121,0.48593674640118184,
doe-mo-rep-13,repeated_preplanned_doe_multi_objective,13.0,25504c815fab540daa7163dd0b33e23dcdfccdc93c4872f2d50d2abbadb1a35e,2019,completed,0.4809662865395286,0.4903493181548521,
doe-mo-rep-13,repeated_preplanned_doe_multi_objective,13.0,25504c815fab540daa7163dd0b33e23dcdfccdc93c4872f2d50d2abbadb1a35e,2020,completed,0.4850456929866075,0.4930781858611055,
doe-so-rep-13,repeated_preplanned_doe_single_objective,13.0,9d7c4e74ff1568700970bc620a7b8be082f43cb0bfc04b29a1d791dfea9e2028,2001,completed,0.4751183194324913,0.46866876182653505,
doe-so-rep-13,repeated_preplanned_doe_single_objective,13.0,9d7c4e74ff1568700970bc620a7b8be082f43cb0bfc04b29a1d791dfea9e2028,2002,completed,0.48091816524918657,0.4689310825721539,
doe-so-rep-13,repeated_preplanned_doe_single_objective,13.0,9d7c4e74ff1568700970bc620a7b8be082f43cb0bfc04b29a1d791dfea9e2028,2003,completed,0.459445286334745,0.4649749039041509,
doe-so-rep-13,repeated_preplanned_doe_single_objective,13.0,9d7c4e74ff1568700970bc620a7b8be082f43cb0bfc04b29a1d791dfea9e2028,2004,completed,0.46490573980021543,0.4645480690063279,
doe-so-rep-13,repeated_preplanned_doe_single_objective,13.0,9d7c4e74ff1568700970bc620a7b8be082f43cb0bfc04b29a1d791dfea9e2028,2005,completed,0.4572170171849771,0.4723356396907691,
doe-so-rep-13,repeated_preplanned_doe_single_objective,13.0,9d7c4e74ff1568700970bc620a7b8be082f43cb0bfc04b29a1d791dfea9e2028,2006,completed,0.47336604722605524,0.4709112158100828,
doe-so-rep-13,repeated_preplanned_doe_single_objective,13.0,9d7c4e74ff1568700970bc620a7b8be082f43cb0bfc04b29a1d791dfea9e2028,2007,completed,0.4570330674963435,0.46507376640596004,
doe-so-rep-13,repeated_preplanned_doe_single_objective,13.0,9d7c4e74ff1568700970bc620a7b8be082f43cb0bfc04b29a1d791dfea9e2028,2008,completed,0.4687506231820256,0.46924643200828026,
doe-so-rep-13,repeated_preplanned_doe_single_objective,13.0,9d7c4e74ff1568700970bc620a7b8be082f43cb0bfc04b29a1d791dfea9e2028,2009,completed,0.48041493990842693,0.47204189357598164,
doe-so-rep-13,repeated_preplanned_doe_single_objective,13.0,9d7c4e74ff1568700970bc620a7b8be082f43cb0bfc04b29a1d791dfea9e2028,2010,completed,0.4686062378327744,0.4725289678990777,
doe-so-rep-13,repeated_preplanned_doe_single_objective,13.0,9d7c4e74ff1568700970bc620a7b8be082f43cb0bfc04b29a1d791dfea9e2028,2011,completed,0.4705326297501655,0.4729659949809411,
doe-so-rep-13,repeated_preplanned_doe_single_objective,13.0,9d7c4e74ff1568700970bc620a7b8be082f43cb0bfc04b29a1d791dfea9e2028,2012,completed,0.4753837714676779,0.46569745845692406,
doe-so-rep-13,repeated_preplanned_doe_single_objective,13.0,9d7c4e74ff1568700970bc620a7b8be082f43cb0bfc04b29a1d791dfea9e2028,2013,completed,0.47214075050566956,0.46920880663846937,
doe-so-rep-13,repeated_preplanned_doe_single_objective,13.0,9d7c4e74ff1568700970bc620a7b8be082f43cb0bfc04b29a1d791dfea9e2028,2014,completed,0.458569220628145,0.4638440483211268,
doe-so-rep-13,repeated_preplanned_doe_single_objective,13.0,9d7c4e74ff1568700970bc620a7b8be082f43cb0bfc04b29a1d791dfea9e2028,2015,completed,0.45627369889918196,0.4701226198953921,
doe-so-rep-13,repeated_preplanned_doe_single_objective,13.0,9d7c4e74ff1568700970bc620a7b8be082f43cb0bfc04b29a1d791dfea9e2028,2016,completed,0.45968173722401456,0.463927534578103,
doe-so-rep-13,repeated_preplanned_doe_single_objective,13.0,9d7c4e74ff1568700970bc620a7b8be082f43cb0bfc04b29a1d791dfea9e2028,2017,completed,0.4785500324859321,0.47100879508311694,
doe-so-rep-13,repeated_preplanned_doe_single_objective,13.0,9d7c4e74ff1568700970bc620a7b8be082f43cb0bfc04b29a1d791dfea9e2028,2018,completed,0.47676636459162325,0.46866267539305334,
doe-so-rep-13,repeated_preplanned_doe_single_objective,13.0,9d7c4e74ff1568700970bc620a7b8be082f43cb0bfc04b29a1d791dfea9e2028,2019,completed,0.46889288783659566,0.4702376113517394,
doe-so-rep-13,repeated_preplanned_doe_single_objective,13.0,9d7c4e74ff1568700970bc620a7b8be082f43cb0bfc04b29a1d791dfea9e2028,2020,completed,0.47188976464833565,0.46687643731362266,
doe-mo-rep-14,repeated_preplanned_doe_multi_objective,14.0,c4cd31e1038fdbb1744550883cc1fb53614d53872d0a45b1dd51d867e64d4268,2001,completed,0.49615260017882223,0.5044486417963913,
doe-mo-rep-14,repeated_preplanned_doe_multi_objective,14.0,c4cd31e1038fdbb1744550883cc1fb53614d53872d0a45b1dd51d867e64d4268,2002,completed,0.5056922079495361,0.5003977293621323,
doe-mo-rep-14,repeated_preplanned_doe_multi_objective,14.0,c4cd31e1038fdbb1744550883cc1fb53614d53872d0a45b1dd51d867e64d4268,2003,completed,0.4856266522695865,0.49969409604664794,
doe-mo-rep-14,repeated_preplanned_doe_multi_objective,14.0,c4cd31e1038fdbb1744550883cc1fb53614d53872d0a45b1dd51d867e64d4268,2004,completed,0.495769947112035,0.5026465720750941,
doe-mo-rep-14,repeated_preplanned_doe_multi_objective,14.0,c4cd31e1038fdbb1744550883cc1fb53614d53872d0a45b1dd51d867e64d4268,2005,completed,0.4836985739171331,0.49939978805730056,
doe-mo-rep-14,repeated_preplanned_doe_multi_objective,14.0,c4cd31e1038fdbb1744550883cc1fb53614d53872d0a45b1dd51d867e64d4268,2006,completed,0.49686749976752886,0.5003585765723482,
doe-mo-rep-14,repeated_preplanned_doe_multi_objective,14.0,c4cd31e1038fdbb1744550883cc1fb53614d53872d0a45b1dd51d867e64d4268,2007,completed,0.4892440364279844,0.5031218473864822,
doe-mo-rep-14,repeated_preplanned_doe_multi_objective,14.0,c4cd31e1038fdbb1744550883cc1fb53614d53872d0a45b1dd51d867e64d4268,2008,completed,0.4945314802714135,0.5010981286550373,
doe-mo-rep-14,repeated_preplanned_doe_multi_objective,14.0,c4cd31e1038fdbb1744550883cc1fb53614d53872d0a45b1dd51d867e64d4268,2009,completed,0.5075427883300557,0.5067710385946067,
doe-mo-rep-14,repeated_preplanned_doe_multi_objective,14.0,c4cd31e1038fdbb1744550883cc1fb53614d53872d0a45b1dd51d867e64d4268,2010,completed,0.49330989530787883,0.5010255408173194,
doe-mo-rep-14,repeated_preplanned_doe_multi_objective,14.0,c4cd31e1038fdbb1744550883cc1fb53614d53872d0a45b1dd51d867e64d4268,2011,completed,0.49367292773149396,0.504651307217701,
doe-mo-rep-14,repeated_preplanned_doe_multi_objective,14.0,c4cd31e1038fdbb1744550883cc1fb53614d53872d0a45b1dd51d867e64d4268,2012,completed,0.5067813624133218,0.4991748216613475,
doe-mo-rep-14,repeated_preplanned_doe_multi_objective,14.0,c4cd31e1038fdbb1744550883cc1fb53614d53872d0a45b1dd51d867e64d4268,2013,completed,0.5034568806329475,0.5039402971499697,
doe-mo-rep-14,repeated_preplanned_doe_multi_objective,14.0,c4cd31e1038fdbb1744550883cc1fb53614d53872d0a45b1dd51d867e64d4268,2014,completed,0.48969478361156776,0.5024281566786756,
doe-mo-rep-14,repeated_preplanned_doe_multi_objective,14.0,c4cd31e1038fdbb1744550883cc1fb53614d53872d0a45b1dd51d867e64d4268,2015,completed,0.48914502924102,0.5048446594843028,
doe-mo-rep-14,repeated_preplanned_doe_multi_objective,14.0,c4cd31e1038fdbb1744550883cc1fb53614d53872d0a45b1dd51d867e64d4268,2016,completed,0.49155407393614314,0.5039756156069654,
doe-mo-rep-14,repeated_preplanned_doe_multi_objective,14.0,c4cd31e1038fdbb1744550883cc1fb53614d53872d0a45b1dd51d867e64d4268,2017,completed,0.5018793344492698,0.5061432266862659,
doe-mo-rep-14,repeated_preplanned_doe_multi_objective,14.0,c4cd31e1038fdbb1744550883cc1fb53614d53872d0a45b1dd51d867e64d4268,2018,completed,0.508723977351848,0.5020594661157294,
doe-mo-rep-14,repeated_preplanned_doe_multi_objective,14.0,c4cd31e1038fdbb1744550883cc1fb53614d53872d0a45b1dd51d867e64d4268,2019,completed,0.49121958323156906,0.5007598461812387,
doe-mo-rep-14,repeated_preplanned_doe_multi_objective,14.0,c4cd31e1038fdbb1744550883cc1fb53614d53872d0a45b1dd51d867e64d4268,2020,completed,0.4999817091146311,0.5054214717788618,
doe-so-rep-14,repeated_preplanned_doe_single_objective,14.0,9d7c4e74ff1568700970bc620a7b8be082f43cb0bfc04b29a1d791dfea9e2028,2001,completed,0.4751183194324913,0.46866876182653505,
doe-so-rep-14,repeated_preplanned_doe_single_objective,14.0,9d7c4e74ff1568700970bc620a7b8be082f43cb0bfc04b29a1d791dfea9e2028,2002,completed,0.48091816524918657,0.4689310825721539,
doe-so-rep-14,repeated_preplanned_doe_single_objective,14.0,9d7c4e74ff1568700970bc620a7b8be082f43cb0bfc04b29a1d791dfea9e2028,2003,completed,0.459445286334745,0.4649749039041509,
doe-so-rep-14,repeated_preplanned_doe_single_objective,14.0,9d7c4e74ff1568700970bc620a7b8be082f43cb0bfc04b29a1d791dfea9e2028,2004,completed,0.46490573980021543,0.4645480690063279,
doe-so-rep-14,repeated_preplanned_doe_single_objective,14.0,9d7c4e74ff1568700970bc620a7b8be082f43cb0bfc04b29a1d791dfea9e2028,2005,completed,0.4572170171849771,0.4723356396907691,
doe-so-rep-14,repeated_preplanned_doe_single_objective,14.0,9d7c4e74ff1568700970bc620a7b8be082f43cb0bfc04b29a1d791dfea9e2028,2006,completed,0.47336604722605524,0.4709112158100828,
doe-so-rep-14,repeated_preplanned_doe_single_objective,14.0,9d7c4e74ff1568700970bc620a7b8be082f43cb0bfc04b29a1d791dfea9e2028,2007,completed,0.4570330674963435,0.46507376640596004,
doe-so-rep-14,repeated_preplanned_doe_single_objective,14.0,9d7c4e74ff1568700970bc620a7b8be082f43cb0bfc04b29a1d791dfea9e2028,2008,completed,0.4687506231820256,0.46924643200828026,
doe-so-rep-14,repeated_preplanned_doe_single_objective,14.0,9d7c4e74ff1568700970bc620a7b8be082f43cb0bfc04b29a1d791dfea9e2028,2009,completed,0.48041493990842693,0.47204189357598164,
doe-so-rep-14,repeated_preplanned_doe_single_objective,14.0,9d7c4e74ff1568700970bc620a7b8be082f43cb0bfc04b29a1d791dfea9e2028,2010,completed,0.4686062378327744,0.4725289678990777,
doe-so-rep-14,repeated_preplanned_doe_single_objective,14.0,9d7c4e74ff1568700970bc620a7b8be082f43cb0bfc04b29a1d791dfea9e2028,2011,completed,0.4705326297501655,0.4729659949809411,
doe-so-rep-14,repeated_preplanned_doe_single_objective,14.0,9d7c4e74ff1568700970bc620a7b8be082f43cb0bfc04b29a1d791dfea9e2028,2012,completed,0.4753837714676779,0.46569745845692406,
doe-so-rep-14,repeated_preplanned_doe_single_objective,14.0,9d7c4e74ff1568700970bc620a7b8be082f43cb0bfc04b29a1d791dfea9e2028,2013,completed,0.47214075050566956,0.46920880663846937,
doe-so-rep-14,repeated_preplanned_doe_single_objective,14.0,9d7c4e74ff1568700970bc620a7b8be082f43cb0bfc04b29a1d791dfea9e2028,2014,completed,0.458569220628145,0.4638440483211268,
doe-so-rep-14,repeated_preplanned_doe_single_objective,14.0,9d7c4e74ff1568700970bc620a7b8be082f43cb0bfc04b29a1d791dfea9e2028,2015,completed,0.45627369889918196,0.4701226198953921,
doe-so-rep-14,repeated_preplanned_doe_single_objective,14.0,9d7c4e74ff1568700970bc620a7b8be082f43cb0bfc04b29a1d791dfea9e2028,2016,completed,0.45968173722401456,0.463927534578103,
doe-so-rep-14,repeated_preplanned_doe_single_objective,14.0,9d7c4e74ff1568700970bc620a7b8be082f43cb0bfc04b29a1d791dfea9e2028,2017,completed,0.4785500324859321,0.47100879508311694,
doe-so-rep-14,repeated_preplanned_doe_single_objective,14.0,9d7c4e74ff1568700970bc620a7b8be082f43cb0bfc04b29a1d791dfea9e2028,2018,completed,0.47676636459162325,0.46866267539305334,
doe-so-rep-14,repeated_preplanned_doe_single_objective,14.0,9d7c4e74ff1568700970bc620a7b8be082f43cb0bfc04b29a1d791dfea9e2028,2019,completed,0.46889288783659566,0.4702376113517394,
doe-so-rep-14,repeated_preplanned_doe_single_objective,14.0,9d7c4e74ff1568700970bc620a7b8be082f43cb0bfc04b29a1d791dfea9e2028,2020,completed,0.47188976464833565,0.46687643731362266,
doe-mo-rep-15,repeated_preplanned_doe_multi_objective,15.0,4df87a1d630e896c492ed7e128f61b47b3ea990b476cbde9a3eb218fec2cb31e,2001,completed,0.4802965734594438,0.48284286982290014,
doe-mo-rep-15,repeated_preplanned_doe_multi_objective,15.0,4df87a1d630e896c492ed7e128f61b47b3ea990b476cbde9a3eb218fec2cb31e,2002,completed,0.4900259925331629,0.47804406837451313,
doe-mo-rep-15,repeated_preplanned_doe_multi_objective,15.0,4df87a1d630e896c492ed7e128f61b47b3ea990b476cbde9a3eb218fec2cb31e,2003,completed,0.4730421376375906,0.4819784677726845,
doe-mo-rep-15,repeated_preplanned_doe_multi_objective,15.0,4df87a1d630e896c492ed7e128f61b47b3ea990b476cbde9a3eb218fec2cb31e,2004,completed,0.4794147029244603,0.4801821279800796,
doe-mo-rep-15,repeated_preplanned_doe_multi_objective,15.0,4df87a1d630e896c492ed7e128f61b47b3ea990b476cbde9a3eb218fec2cb31e,2005,completed,0.4662059983558167,0.47871055966761905,
doe-mo-rep-15,repeated_preplanned_doe_multi_objective,15.0,4df87a1d630e896c492ed7e128f61b47b3ea990b476cbde9a3eb218fec2cb31e,2006,completed,0.48663077805068033,0.4852468374170836,
doe-mo-rep-15,repeated_preplanned_doe_multi_objective,15.0,4df87a1d630e896c492ed7e128f61b47b3ea990b476cbde9a3eb218fec2cb31e,2007,completed,0.4737065767244829,0.48184410135105077,
doe-mo-rep-15,repeated_preplanned_doe_multi_objective,15.0,4df87a1d630e896c492ed7e128f61b47b3ea990b476cbde9a3eb218fec2cb31e,2008,completed,0.4805548303874844,0.4863586918032195,
doe-mo-rep-15,repeated_preplanned_doe_multi_objective,15.0,4df87a1d630e896c492ed7e128f61b47b3ea990b476cbde9a3eb218fec2cb31e,2009,completed,0.4966792981839022,0.4862167821268735,
doe-mo-rep-15,repeated_preplanned_doe_multi_objective,15.0,4df87a1d630e896c492ed7e128f61b47b3ea990b476cbde9a3eb218fec2cb31e,2010,completed,0.48303976882425864,0.48093064339223685,
doe-mo-rep-15,repeated_preplanned_doe_multi_objective,15.0,4df87a1d630e896c492ed7e128f61b47b3ea990b476cbde9a3eb218fec2cb31e,2011,completed,0.4843648514652108,0.4819479075661911,
doe-mo-rep-15,repeated_preplanned_doe_multi_objective,15.0,4df87a1d630e896c492ed7e128f61b47b3ea990b476cbde9a3eb218fec2cb31e,2012,completed,0.4893472082563697,0.4841782475571462,
doe-mo-rep-15,repeated_preplanned_doe_multi_objective,15.0,4df87a1d630e896c492ed7e128f61b47b3ea990b476cbde9a3eb218fec2cb31e,2013,completed,0.4957949459947178,0.4939148557341199,
doe-mo-rep-15,repeated_preplanned_doe_multi_objective,15.0,4df87a1d630e896c492ed7e128f61b47b3ea990b476cbde9a3eb218fec2cb31e,2014,completed,0.47549339348403763,0.4798604318572586,
doe-mo-rep-15,repeated_preplanned_doe_multi_objective,15.0,4df87a1d630e896c492ed7e128f61b47b3ea990b476cbde9a3eb218fec2cb31e,2015,completed,0.47167551952811154,0.48556750032876733,
doe-mo-rep-15,repeated_preplanned_doe_multi_objective,15.0,4df87a1d630e896c492ed7e128f61b47b3ea990b476cbde9a3eb218fec2cb31e,2016,completed,0.474538468632144,0.48109847198887445,
doe-mo-rep-15,repeated_preplanned_doe_multi_objective,15.0,4df87a1d630e896c492ed7e128f61b47b3ea990b476cbde9a3eb218fec2cb31e,2017,completed,0.491143789442589,0.4878494817443516,
doe-mo-rep-15,repeated_preplanned_doe_multi_objective,15.0,4df87a1d630e896c492ed7e128f61b47b3ea990b476cbde9a3eb218fec2cb31e,2018,completed,0.488735294947828,0.48097991739825396,
doe-mo-rep-15,repeated_preplanned_doe_multi_objective,15.0,4df87a1d630e896c492ed7e128f61b47b3ea990b476cbde9a3eb218fec2cb31e,2019,completed,0.4812204266534409,0.48505587529926864,
doe-mo-rep-15,repeated_preplanned_doe_multi_objective,15.0,4df87a1d630e896c492ed7e128f61b47b3ea990b476cbde9a3eb218fec2cb31e,2020,completed,0.4811924612299676,0.48451555229799226,
doe-so-rep-15,repeated_preplanned_doe_single_objective,15.0,9d7c4e74ff1568700970bc620a7b8be082f43cb0bfc04b29a1d791dfea9e2028,2001,completed,0.4751183194324913,0.46866876182653505,
doe-so-rep-15,repeated_preplanned_doe_single_objective,15.0,9d7c4e74ff1568700970bc620a7b8be082f43cb0bfc04b29a1d791dfea9e2028,2002,completed,0.48091816524918657,0.4689310825721539,
doe-so-rep-15,repeated_preplanned_doe_single_objective,15.0,9d7c4e74ff1568700970bc620a7b8be082f43cb0bfc04b29a1d791dfea9e2028,2003,completed,0.459445286334745,0.4649749039041509,
doe-so-rep-15,repeated_preplanned_doe_single_objective,15.0,9d7c4e74ff1568700970bc620a7b8be082f43cb0bfc04b29a1d791dfea9e2028,2004,completed,0.46490573980021543,0.4645480690063279,
doe-so-rep-15,repeated_preplanned_doe_single_objective,15.0,9d7c4e74ff1568700970bc620a7b8be082f43cb0bfc04b29a1d791dfea9e2028,2005,completed,0.4572170171849771,0.4723356396907691,
doe-so-rep-15,repeated_preplanned_doe_single_objective,15.0,9d7c4e74ff1568700970bc620a7b8be082f43cb0bfc04b29a1d791dfea9e2028,2006,completed,0.47336604722605524,0.4709112158100828,
doe-so-rep-15,repeated_preplanned_doe_single_objective,15.0,9d7c4e74ff1568700970bc620a7b8be082f43cb0bfc04b29a1d791dfea9e2028,2007,completed,0.4570330674963435,0.46507376640596004,
doe-so-rep-15,repeated_preplanned_doe_single_objective,15.0,9d7c4e74ff1568700970bc620a7b8be082f43cb0bfc04b29a1d791dfea9e2028,2008,completed,0.4687506231820256,0.46924643200828026,
doe-so-rep-15,repeated_preplanned_doe_single_objective,15.0,9d7c4e74ff1568700970bc620a7b8be082f43cb0bfc04b29a1d791dfea9e2028,2009,completed,0.48041493990842693,0.47204189357598164,
doe-so-rep-15,repeated_preplanned_doe_single_objective,15.0,9d7c4e74ff1568700970bc620a7b8be082f43cb0bfc04b29a1d791dfea9e2028,2010,completed,0.4686062378327744,0.4725289678990777,
doe-so-rep-15,repeated_preplanned_doe_single_objective,15.0,9d7c4e74ff1568700970bc620a7b8be082f43cb0bfc04b29a1d791dfea9e2028,2011,completed,0.4705326297501655,0.4729659949809411,
doe-so-rep-15,repeated_preplanned_doe_single_objective,15.0,9d7c4e74ff1568700970bc620a7b8be082f43cb0bfc04b29a1d791dfea9e2028,2012,completed,0.4753837714676779,0.46569745845692406,
doe-so-rep-15,repeated_preplanned_doe_single_objective,15.0,9d7c4e74ff1568700970bc620a7b8be082f43cb0bfc04b29a1d791dfea9e2028,2013,completed,0.47214075050566956,0.46920880663846937,
doe-so-rep-15,repeated_preplanned_doe_single_objective,15.0,9d7c4e74ff1568700970bc620a7b8be082f43cb0bfc04b29a1d791dfea9e2028,2014,completed,0.458569220628145,0.4638440483211268,
doe-so-rep-15,repeated_preplanned_doe_single_objective,15.0,9d7c4e74ff1568700970bc620a7b8be082f43cb0bfc04b29a1d791dfea9e2028,2015,completed,0.45627369889918196,0.4701226198953921,
doe-so-rep-15,repeated_preplanned_doe_single_objective,15.0,9d7c4e74ff1568700970bc620a7b8be082f43cb0bfc04b29a1d791dfea9e2028,2016,completed,0.45968173722401456,0.463927534578103,
doe-so-rep-15,repeated_preplanned_doe_single_objective,15.0,9d7c4e74ff1568700970bc620a7b8be082f43cb0bfc04b29a1d791dfea9e2028,2017,completed,0.4785500324859321,0.47100879508311694,
doe-so-rep-15,repeated_preplanned_doe_single_objective,15.0,9d7c4e74ff1568700970bc620a7b8be082f43cb0bfc04b29a1d791dfea9e2028,2018,completed,0.47676636459162325,0.46866267539305334,
doe-so-rep-15,repeated_preplanned_doe_single_objective,15.0,9d7c4e74ff1568700970bc620a7b8be082f43cb0bfc04b29a1d791dfea9e2028,2019,completed,0.46889288783659566,0.4702376113517394,
doe-so-rep-15,repeated_preplanned_doe_single_objective,15.0,9d7c4e74ff1568700970bc620a7b8be082f43cb0bfc04b29a1d791dfea9e2028,2020,completed,0.47188976464833565,0.46687643731362266,
doe-mo-rep-16,repeated_preplanned_doe_multi_objective,16.0,184d32c1bc54c7033e28a8174889d40655018a10f69948eacf129cc26510b34e,2001,completed,0.49080021335136836,0.4945600070563795,
doe-mo-rep-16,repeated_preplanned_doe_multi_objective,16.0,184d32c1bc54c7033e28a8174889d40655018a10f69948eacf129cc26510b34e,2002,completed,0.5024784070994609,0.49474953377713765,
doe-mo-rep-16,repeated_preplanned_doe_multi_objective,16.0,184d32c1bc54c7033e28a8174889d40655018a10f69948eacf129cc26510b34e,2003,completed,0.48213299981020735,0.4978957611272809,
doe-mo-rep-16,repeated_preplanned_doe_multi_objective,16.0,184d32c1bc54c7033e28a8174889d40655018a10f69948eacf129cc26510b34e,2004,completed,0.4839334951284611,0.49339744317638434,
doe-mo-rep-16,repeated_preplanned_doe_multi_objective,16.0,184d32c1bc54c7033e28a8174889d40655018a10f69948eacf129cc26510b34e,2005,completed,0.48078856960867244,0.4946459116658271,
doe-mo-rep-16,repeated_preplanned_doe_multi_objective,16.0,184d32c1bc54c7033e28a8174889d40655018a10f69948eacf129cc26510b34e,2006,completed,0.48911873479119206,0.4910646265115904,
doe-mo-rep-16,repeated_preplanned_doe_multi_objective,16.0,184d32c1bc54c7033e28a8174889d40655018a10f69948eacf129cc26510b34e,2007,completed,0.4805008421083387,0.49638926890000706,
doe-mo-rep-16,repeated_preplanned_doe_multi_objective,16.0,184d32c1bc54c7033e28a8174889d40655018a10f69948eacf129cc26510b34e,2008,completed,0.49049454161098305,0.48808840822151506,
doe-mo-rep-16,repeated_preplanned_doe_multi_objective,16.0,184d32c1bc54c7033e28a8174889d40655018a10f69948eacf129cc26510b34e,2009,completed,0.49444679594688795,0.49748287827594323,
doe-mo-rep-16,repeated_preplanned_doe_multi_objective,16.0,184d32c1bc54c7033e28a8174889d40655018a10f69948eacf129cc26510b34e,2010,completed,0.4881599118687243,0.49998780390203384,
doe-mo-rep-16,repeated_preplanned_doe_multi_objective,16.0,184d32c1bc54c7033e28a8174889d40655018a10f69948eacf129cc26510b34e,2011,completed,0.49092879340835993,0.4978520183587813,
doe-mo-rep-16,repeated_preplanned_doe_multi_objective,16.0,184d32c1bc54c7033e28a8174889d40655018a10f69948eacf129cc26510b34e,2012,completed,0.49957451114545964,0.4940167436635373,
doe-mo-rep-16,repeated_preplanned_doe_multi_objective,16.0,184d32c1bc54c7033e28a8174889d40655018a10f69948eacf129cc26510b34e,2013,completed,0.49420276091149157,0.4938125073014757,
doe-mo-rep-16,repeated_preplanned_doe_multi_objective,16.0,184d32c1bc54c7033e28a8174889d40655018a10f69948eacf129cc26510b34e,2014,completed,0.48007707484445195,0.4946887388091985,
doe-mo-rep-16,repeated_preplanned_doe_multi_objective,16.0,184d32c1bc54c7033e28a8174889d40655018a10f69948eacf129cc26510b34e,2015,completed,0.4769718380621475,0.4976114936581013,
doe-mo-rep-16,repeated_preplanned_doe_multi_objective,16.0,184d32c1bc54c7033e28a8174889d40655018a10f69948eacf129cc26510b34e,2016,completed,0.48120949862770795,0.4896152112618517,
doe-mo-rep-16,repeated_preplanned_doe_multi_objective,16.0,184d32c1bc54c7033e28a8174889d40655018a10f69948eacf129cc26510b34e,2017,completed,0.4927129333125745,0.49611822123898686,
doe-mo-rep-16,repeated_preplanned_doe_multi_objective,16.0,184d32c1bc54c7033e28a8174889d40655018a10f69948eacf129cc26510b34e,2018,completed,0.4945192792239273,0.49089772653870384,
doe-mo-rep-16,repeated_preplanned_doe_multi_objective,16.0,184d32c1bc54c7033e28a8174889d40655018a10f69948eacf129cc26510b34e,2019,completed,0.4849154101517813,0.4879786540596091,
doe-mo-rep-16,repeated_preplanned_doe_multi_objective,16.0,184d32c1bc54c7033e28a8174889d40655018a10f69948eacf129cc26510b34e,2020,completed,0.4909802190233322,0.4960234302098249,
doe-so-rep-16,repeated_preplanned_doe_single_objective,16.0,9d7c4e74ff1568700970bc620a7b8be082f43cb0bfc04b29a1d791dfea9e2028,2001,completed,0.4751183194324913,0.46866876182653505,
doe-so-rep-16,repeated_preplanned_doe_single_objective,16.0,9d7c4e74ff1568700970bc620a7b8be082f43cb0bfc04b29a1d791dfea9e2028,2002,completed,0.48091816524918657,0.4689310825721539,
doe-so-rep-16,repeated_preplanned_doe_single_objective,16.0,9d7c4e74ff1568700970bc620a7b8be082f43cb0bfc04b29a1d791dfea9e2028,2003,completed,0.459445286334745,0.4649749039041509,
doe-so-rep-16,repeated_preplanned_doe_single_objective,16.0,9d7c4e74ff1568700970bc620a7b8be082f43cb0bfc04b29a1d791dfea9e2028,2004,completed,0.46490573980021543,0.4645480690063279,
doe-so-rep-16,repeated_preplanned_doe_single_objective,16.0,9d7c4e74ff1568700970bc620a7b8be082f43cb0bfc04b29a1d791dfea9e2028,2005,completed,0.4572170171849771,0.4723356396907691,
doe-so-rep-16,repeated_preplanned_doe_single_objective,16.0,9d7c4e74ff1568700970bc620a7b8be082f43cb0bfc04b29a1d791dfea9e2028,2006,completed,0.47336604722605524,0.4709112158100828,
doe-so-rep-16,repeated_preplanned_doe_single_objective,16.0,9d7c4e74ff1568700970bc620a7b8be082f43cb0bfc04b29a1d791dfea9e2028,2007,completed,0.4570330674963435,0.46507376640596004,
doe-so-rep-16,repeated_preplanned_doe_single_objective,16.0,9d7c4e74ff1568700970bc620a7b8be082f43cb0bfc04b29a1d791dfea9e2028,2008,completed,0.4687506231820256,0.46924643200828026,
doe-so-rep-16,repeated_preplanned_doe_single_objective,16.0,9d7c4e74ff1568700970bc620a7b8be082f43cb0bfc04b29a1d791dfea9e2028,2009,completed,0.48041493990842693,0.47204189357598164,
doe-so-rep-16,repeated_preplanned_doe_single_objective,16.0,9d7c4e74ff1568700970bc620a7b8be082f43cb0bfc04b29a1d791dfea9e2028,2010,completed,0.4686062378327744,0.4725289678990777,
doe-so-rep-16,repeated_preplanned_doe_single_objective,16.0,9d7c4e74ff1568700970bc620a7b8be082f43cb0bfc04b29a1d791dfea9e2028,2011,completed,0.4705326297501655,0.4729659949809411,
doe-so-rep-16,repeated_preplanned_doe_single_objective,16.0,9d7c4e74ff1568700970bc620a7b8be082f43cb0bfc04b29a1d791dfea9e2028,2012,completed,0.4753837714676779,0.46569745845692406,
doe-so-rep-16,repeated_preplanned_doe_single_objective,16.0,9d7c4e74ff1568700970bc620a7b8be082f43cb0bfc04b29a1d791dfea9e2028,2013,completed,0.47214075050566956,0.46920880663846937,
doe-so-rep-16,repeated_preplanned_doe_single_objective,16.0,9d7c4e74ff1568700970bc620a7b8be082f43cb0bfc04b29a1d791dfea9e2028,2014,completed,0.458569220628145,0.4638440483211268,
doe-so-rep-16,repeated_preplanned_doe_single_objective,16.0,9d7c4e74ff1568700970bc620a7b8be082f43cb0bfc04b29a1d791dfea9e2028,2015,completed,0.45627369889918196,0.4701226198953921,
doe-so-rep-16,repeated_preplanned_doe_single_objective,16.0,9d7c4e74ff1568700970bc620a7b8be082f43cb0bfc04b29a1d791dfea9e2028,2016,completed,0.45968173722401456,0.463927534578103,
doe-so-rep-16,repeated_preplanned_doe_single_objective,16.0,9d7c4e74ff1568700970bc620a7b8be082f43cb0bfc04b29a1d791dfea9e2028,2017,completed,0.4785500324859321,0.47100879508311694,
doe-so-rep-16,repeated_preplanned_doe_single_objective,16.0,9d7c4e74ff1568700970bc620a7b8be082f43cb0bfc04b29a1d791dfea9e2028,2018,completed,0.47676636459162325,0.46866267539305334,
doe-so-rep-16,repeated_preplanned_doe_single_objective,16.0,9d7c4e74ff1568700970bc620a7b8be082f43cb0bfc04b29a1d791dfea9e2028,2019,completed,0.46889288783659566,0.4702376113517394,
doe-so-rep-16,repeated_preplanned_doe_single_objective,16.0,9d7c4e74ff1568700970bc620a7b8be082f43cb0bfc04b29a1d791dfea9e2028,2020,completed,0.47188976464833565,0.46687643731362266,
doe-mo-rep-17,repeated_preplanned_doe_multi_objective,17.0,25504c815fab540daa7163dd0b33e23dcdfccdc93c4872f2d50d2abbadb1a35e,2001,completed,0.48316266049920015,0.48710747206999316,
doe-mo-rep-17,repeated_preplanned_doe_multi_objective,17.0,25504c815fab540daa7163dd0b33e23dcdfccdc93c4872f2d50d2abbadb1a35e,2002,completed,0.49718348838156917,0.4909892725051604,
doe-mo-rep-17,repeated_preplanned_doe_multi_objective,17.0,25504c815fab540daa7163dd0b33e23dcdfccdc93c4872f2d50d2abbadb1a35e,2003,completed,0.47427325131539133,0.4856927217220658,
doe-mo-rep-17,repeated_preplanned_doe_multi_objective,17.0,25504c815fab540daa7163dd0b33e23dcdfccdc93c4872f2d50d2abbadb1a35e,2004,completed,0.48431342627561713,0.488944123537209,
doe-mo-rep-17,repeated_preplanned_doe_multi_objective,17.0,25504c815fab540daa7163dd0b33e23dcdfccdc93c4872f2d50d2abbadb1a35e,2005,completed,0.470540503770922,0.48801142404538855,
doe-mo-rep-17,repeated_preplanned_doe_multi_objective,17.0,25504c815fab540daa7163dd0b33e23dcdfccdc93c4872f2d50d2abbadb1a35e,2006,completed,0.4810953447587467,0.4879629739888424,
doe-mo-rep-17,repeated_preplanned_doe_multi_objective,17.0,25504c815fab540daa7163dd0b33e23dcdfccdc93c4872f2d50d2abbadb1a35e,2007,completed,0.47185568277756185,0.4821690989782117,
doe-mo-rep-17,repeated_preplanned_doe_multi_objective,17.0,25504c815fab540daa7163dd0b33e23dcdfccdc93c4872f2d50d2abbadb1a35e,2008,completed,0.47735737829853997,0.483416246511887,
doe-mo-rep-17,repeated_preplanned_doe_multi_objective,17.0,25504c815fab540daa7163dd0b33e23dcdfccdc93c4872f2d50d2abbadb1a35e,2009,completed,0.49212543130252345,0.4967151312727899,
doe-mo-rep-17,repeated_preplanned_doe_multi_objective,17.0,25504c815fab540daa7163dd0b33e23dcdfccdc93c4872f2d50d2abbadb1a35e,2010,completed,0.483573917927366,0.491627692009729,
doe-mo-rep-17,repeated_preplanned_doe_multi_objective,17.0,25504c815fab540daa7163dd0b33e23dcdfccdc93c4872f2d50d2abbadb1a35e,2011,completed,0.4842830051646165,0.49539511104898754,
doe-mo-rep-17,repeated_preplanned_doe_multi_objective,17.0,25504c815fab540daa7163dd0b33e23dcdfccdc93c4872f2d50d2abbadb1a35e,2012,completed,0.49120755090512375,0.48360334795236465,
doe-mo-rep-17,repeated_preplanned_doe_multi_objective,17.0,25504c815fab540daa7163dd0b33e23dcdfccdc93c4872f2d50d2abbadb1a35e,2013,completed,0.4832576751491662,0.49334729328595195,
doe-mo-rep-17,repeated_preplanned_doe_multi_objective,17.0,25504c815fab540daa7163dd0b33e23dcdfccdc93c4872f2d50d2abbadb1a35e,2014,completed,0.4785859071906643,0.4851793851197897,
doe-mo-rep-17,repeated_preplanned_doe_multi_objective,17.0,25504c815fab540daa7163dd0b33e23dcdfccdc93c4872f2d50d2abbadb1a35e,2015,completed,0.47705119919872163,0.4912373334721036,
doe-mo-rep-17,repeated_preplanned_doe_multi_objective,17.0,25504c815fab540daa7163dd0b33e23dcdfccdc93c4872f2d50d2abbadb1a35e,2016,completed,0.47629259797311413,0.48773590098834685,
doe-mo-rep-17,repeated_preplanned_doe_multi_objective,17.0,25504c815fab540daa7163dd0b33e23dcdfccdc93c4872f2d50d2abbadb1a35e,2017,completed,0.49024000599777684,0.4928439881025736,
doe-mo-rep-17,repeated_preplanned_doe_multi_objective,17.0,25504c815fab540daa7163dd0b33e23dcdfccdc93c4872f2d50d2abbadb1a35e,2018,completed,0.4930709496063121,0.48593674640118184,
doe-mo-rep-17,repeated_preplanned_doe_multi_objective,17.0,25504c815fab540daa7163dd0b33e23dcdfccdc93c4872f2d50d2abbadb1a35e,2019,completed,0.4809662865395286,0.4903493181548521,
doe-mo-rep-17,repeated_preplanned_doe_multi_objective,17.0,25504c815fab540daa7163dd0b33e23dcdfccdc93c4872f2d50d2abbadb1a35e,2020,completed,0.4850456929866075,0.4930781858611055,
doe-so-rep-17,repeated_preplanned_doe_single_objective,17.0,9d7c4e74ff1568700970bc620a7b8be082f43cb0bfc04b29a1d791dfea9e2028,2001,completed,0.4751183194324913,0.46866876182653505,
doe-so-rep-17,repeated_preplanned_doe_single_objective,17.0,9d7c4e74ff1568700970bc620a7b8be082f43cb0bfc04b29a1d791dfea9e2028,2002,completed,0.48091816524918657,0.4689310825721539,
doe-so-rep-17,repeated_preplanned_doe_single_objective,17.0,9d7c4e74ff1568700970bc620a7b8be082f43cb0bfc04b29a1d791dfea9e2028,2003,completed,0.459445286334745,0.4649749039041509,
doe-so-rep-17,repeated_preplanned_doe_single_objective,17.0,9d7c4e74ff1568700970bc620a7b8be082f43cb0bfc04b29a1d791dfea9e2028,2004,completed,0.46490573980021543,0.4645480690063279,
doe-so-rep-17,repeated_preplanned_doe_single_objective,17.0,9d7c4e74ff1568700970bc620a7b8be082f43cb0bfc04b29a1d791dfea9e2028,2005,completed,0.4572170171849771,0.4723356396907691,
doe-so-rep-17,repeated_preplanned_doe_single_objective,17.0,9d7c4e74ff1568700970bc620a7b8be082f43cb0bfc04b29a1d791dfea9e2028,2006,completed,0.47336604722605524,0.4709112158100828,
doe-so-rep-17,repeated_preplanned_doe_single_objective,17.0,9d7c4e74ff1568700970bc620a7b8be082f43cb0bfc04b29a1d791dfea9e2028,2007,completed,0.4570330674963435,0.46507376640596004,
doe-so-rep-17,repeated_preplanned_doe_single_objective,17.0,9d7c4e74ff1568700970bc620a7b8be082f43cb0bfc04b29a1d791dfea9e2028,2008,completed,0.4687506231820256,0.46924643200828026,
doe-so-rep-17,repeated_preplanned_doe_single_objective,17.0,9d7c4e74ff1568700970bc620a7b8be082f43cb0bfc04b29a1d791dfea9e2028,2009,completed,0.48041493990842693,0.47204189357598164,
doe-so-rep-17,repeated_preplanned_doe_single_objective,17.0,9d7c4e74ff1568700970bc620a7b8be082f43cb0bfc04b29a1d791dfea9e2028,2010,completed,0.4686062378327744,0.4725289678990777,
doe-so-rep-17,repeated_preplanned_doe_single_objective,17.0,9d7c4e74ff1568700970bc620a7b8be082f43cb0bfc04b29a1d791dfea9e2028,2011,completed,0.4705326297501655,0.4729659949809411,
doe-so-rep-17,repeated_preplanned_doe_single_objective,17.0,9d7c4e74ff1568700970bc620a7b8be082f43cb0bfc04b29a1d791dfea9e2028,2012,completed,0.4753837714676779,0.46569745845692406,
doe-so-rep-17,repeated_preplanned_doe_single_objective,17.0,9d7c4e74ff1568700970bc620a7b8be082f43cb0bfc04b29a1d791dfea9e2028,2013,completed,0.47214075050566956,0.46920880663846937,
doe-so-rep-17,repeated_preplanned_doe_single_objective,17.0,9d7c4e74ff1568700970bc620a7b8be082f43cb0bfc04b29a1d791dfea9e2028,2014,completed,0.458569220628145,0.4638440483211268,
doe-so-rep-17,repeated_preplanned_doe_single_objective,17.0,9d7c4e74ff1568700970bc620a7b8be082f43cb0bfc04b29a1d791dfea9e2028,2015,completed,0.45627369889918196,0.4701226198953921,
doe-so-rep-17,repeated_preplanned_doe_single_objective,17.0,9d7c4e74ff1568700970bc620a7b8be082f43cb0bfc04b29a1d791dfea9e2028,2016,completed,0.45968173722401456,0.463927534578103,
doe-so-rep-17,repeated_preplanned_doe_single_objective,17.0,9d7c4e74ff1568700970bc620a7b8be082f43cb0bfc04b29a1d791dfea9e2028,2017,completed,0.4785500324859321,0.47100879508311694,
doe-so-rep-17,repeated_preplanned_doe_single_objective,17.0,9d7c4e74ff1568700970bc620a7b8be082f43cb0bfc04b29a1d791dfea9e2028,2018,completed,0.47676636459162325,0.46866267539305334,
doe-so-rep-17,repeated_preplanned_doe_single_objective,17.0,9d7c4e74ff1568700970bc620a7b8be082f43cb0bfc04b29a1d791dfea9e2028,2019,completed,0.46889288783659566,0.4702376113517394,
doe-so-rep-17,repeated_preplanned_doe_single_objective,17.0,9d7c4e74ff1568700970bc620a7b8be082f43cb0bfc04b29a1d791dfea9e2028,2020,completed,0.47188976464833565,0.46687643731362266,
doe-mo-rep-18,repeated_preplanned_doe_multi_objective,18.0,54040c23c0768e60ec7f803c09a82d330912dadc419e881bcdf6778ef01400e6,2001,completed,0.4876843491347056,0.4959308530291812,
doe-mo-rep-18,repeated_preplanned_doe_multi_objective,18.0,54040c23c0768e60ec7f803c09a82d330912dadc419e881bcdf6778ef01400e6,2002,completed,0.5007310209798663,0.49503038249580483,
doe-mo-rep-18,repeated_preplanned_doe_multi_objective,18.0,54040c23c0768e60ec7f803c09a82d330912dadc419e881bcdf6778ef01400e6,2003,completed,0.48267832683596695,0.49329241639630056,
doe-mo-rep-18,repeated_preplanned_doe_multi_objective,18.0,54040c23c0768e60ec7f803c09a82d330912dadc419e881bcdf6778ef01400e6,2004,completed,0.4924405292859259,0.5010916498163076,
doe-mo-rep-18,repeated_preplanned_doe_multi_objective,18.0,54040c23c0768e60ec7f803c09a82d330912dadc419e881bcdf6778ef01400e6,2005,completed,0.4836777932897569,0.500773848108632,
doe-mo-rep-18,repeated_preplanned_doe_multi_objective,18.0,54040c23c0768e60ec7f803c09a82d330912dadc419e881bcdf6778ef01400e6,2006,completed,0.49008468610805384,0.5011269066301197,
doe-mo-rep-18,repeated_preplanned_doe_multi_objective,18.0,54040c23c0768e60ec7f803c09a82d330912dadc419e881bcdf6778ef01400e6,2007,completed,0.4778914307934488,0.4958240380019603,
doe-mo-rep-18,repeated_preplanned_doe_multi_objective,18.0,54040c23c0768e60ec7f803c09a82d330912dadc419e881bcdf6778ef01400e6,2008,completed,0.4910657285164533,0.4953970658361241,
doe-mo-rep-18,repeated_preplanned_doe_multi_objective,18.0,54040c23c0768e60ec7f803c09a82d330912dadc419e881bcdf6778ef01400e6,2009,completed,0.49943449562107545,0.5014583453853941,
doe-mo-rep-18,repeated_preplanned_doe_multi_objective,18.0,54040c23c0768e60ec7f803c09a82d330912dadc419e881bcdf6778ef01400e6,2010,completed,0.49199357759391227,0.49996112822976974,
doe-mo-rep-18,repeated_preplanned_doe_multi_objective,18.0,54040c23c0768e60ec7f803c09a82d330912dadc419e881bcdf6778ef01400e6,2011,completed,0.48932972572330546,0.5016225277363435,
doe-mo-rep-18,repeated_preplanned_doe_multi_objective,18.0,54040c23c0768e60ec7f803c09a82d330912dadc419e881bcdf6778ef01400e6,2012,completed,0.5023588529687761,0.49986251555637534,
doe-mo-rep-18,repeated_preplanned_doe_multi_objective,18.0,54040c23c0768e60ec7f803c09a82d330912dadc419e881bcdf6778ef01400e6,2013,completed,0.4977556541751682,0.5010708608009146,
doe-mo-rep-18,repeated_preplanned_doe_multi_objective,18.0,54040c23c0768e60ec7f803c09a82d330912dadc419e881bcdf6778ef01400e6,2014,completed,0.483847790803794,0.49828641285681363,
doe-mo-rep-18,repeated_preplanned_doe_multi_objective,18.0,54040c23c0768e60ec7f803c09a82d330912dadc419e881bcdf6778ef01400e6,2015,completed,0.4825549326975156,0.49851920258708377,
doe-mo-rep-18,repeated_preplanned_doe_multi_objective,18.0,54040c23c0768e60ec7f803c09a82d330912dadc419e881bcdf6778ef01400e6,2016,completed,0.4815047073355363,0.49230940796993666,
doe-mo-rep-18,repeated_preplanned_doe_multi_objective,18.0,54040c23c0768e60ec7f803c09a82d330912dadc419e881bcdf6778ef01400e6,2017,completed,0.49390970118233296,0.5002156960646905,
doe-mo-rep-18,repeated_preplanned_doe_multi_objective,18.0,54040c23c0768e60ec7f803c09a82d330912dadc419e881bcdf6778ef01400e6,2018,completed,0.5023616084225029,0.4979494244076136,
doe-mo-rep-18,repeated_preplanned_doe_multi_objective,18.0,54040c23c0768e60ec7f803c09a82d330912dadc419e881bcdf6778ef01400e6,2019,completed,0.4835117393692113,0.4933130883232877,
doe-mo-rep-18,repeated_preplanned_doe_multi_objective,18.0,54040c23c0768e60ec7f803c09a82d330912dadc419e881bcdf6778ef01400e6,2020,completed,0.4945693251095265,0.5015507671968314,
doe-so-rep-18,repeated_preplanned_doe_single_objective,18.0,9d7c4e74ff1568700970bc620a7b8be082f43cb0bfc04b29a1d791dfea9e2028,2001,completed,0.4751183194324913,0.46866876182653505,
doe-so-rep-18,repeated_preplanned_doe_single_objective,18.0,9d7c4e74ff1568700970bc620a7b8be082f43cb0bfc04b29a1d791dfea9e2028,2002,completed,0.48091816524918657,0.4689310825721539,
doe-so-rep-18,repeated_preplanned_doe_single_objective,18.0,9d7c4e74ff1568700970bc620a7b8be082f43cb0bfc04b29a1d791dfea9e2028,2003,completed,0.459445286334745,0.4649749039041509,
doe-so-rep-18,repeated_preplanned_doe_single_objective,18.0,9d7c4e74ff1568700970bc620a7b8be082f43cb0bfc04b29a1d791dfea9e2028,2004,completed,0.46490573980021543,0.4645480690063279,
doe-so-rep-18,repeated_preplanned_doe_single_objective,18.0,9d7c4e74ff1568700970bc620a7b8be082f43cb0bfc04b29a1d791dfea9e2028,2005,completed,0.4572170171849771,0.4723356396907691,
doe-so-rep-18,repeated_preplanned_doe_single_objective,18.0,9d7c4e74ff1568700970bc620a7b8be082f43cb0bfc04b29a1d791dfea9e2028,2006,completed,0.47336604722605524,0.4709112158100828,
doe-so-rep-18,repeated_preplanned_doe_single_objective,18.0,9d7c4e74ff1568700970bc620a7b8be082f43cb0bfc04b29a1d791dfea9e2028,2007,completed,0.4570330674963435,0.46507376640596004,
doe-so-rep-18,repeated_preplanned_doe_single_objective,18.0,9d7c4e74ff1568700970bc620a7b8be082f43cb0bfc04b29a1d791dfea9e2028,2008,completed,0.4687506231820256,0.46924643200828026,
doe-so-rep-18,repeated_preplanned_doe_single_objective,18.0,9d7c4e74ff1568700970bc620a7b8be082f43cb0bfc04b29a1d791dfea9e2028,2009,completed,0.48041493990842693,0.47204189357598164,
doe-so-rep-18,repeated_preplanned_doe_single_objective,18.0,9d7c4e74ff1568700970bc620a7b8be082f43cb0bfc04b29a1d791dfea9e2028,2010,completed,0.4686062378327744,0.4725289678990777,
doe-so-rep-18,repeated_preplanned_doe_single_objective,18.0,9d7c4e74ff1568700970bc620a7b8be082f43cb0bfc04b29a1d791dfea9e2028,2011,completed,0.4705326297501655,0.4729659949809411,
doe-so-rep-18,repeated_preplanned_doe_single_objective,18.0,9d7c4e74ff1568700970bc620a7b8be082f43cb0bfc04b29a1d791dfea9e2028,2012,completed,0.4753837714676779,0.46569745845692406,
doe-so-rep-18,repeated_preplanned_doe_single_objective,18.0,9d7c4e74ff1568700970bc620a7b8be082f43cb0bfc04b29a1d791dfea9e2028,2013,completed,0.47214075050566956,0.46920880663846937,
doe-so-rep-18,repeated_preplanned_doe_single_objective,18.0,9d7c4e74ff1568700970bc620a7b8be082f43cb0bfc04b29a1d791dfea9e2028,2014,completed,0.458569220628145,0.4638440483211268,
doe-so-rep-18,repeated_preplanned_doe_single_objective,18.0,9d7c4e74ff1568700970bc620a7b8be082f43cb0bfc04b29a1d791dfea9e2028,2015,completed,0.45627369889918196,0.4701226198953921,
doe-so-rep-18,repeated_preplanned_doe_single_objective,18.0,9d7c4e74ff1568700970bc620a7b8be082f43cb0bfc04b29a1d791dfea9e2028,2016,completed,0.45968173722401456,0.463927534578103,
doe-so-rep-18,repeated_preplanned_doe_single_objective,18.0,9d7c4e74ff1568700970bc620a7b8be082f43cb0bfc04b29a1d791dfea9e2028,2017,completed,0.4785500324859321,0.47100879508311694,
doe-so-rep-18,repeated_preplanned_doe_single_objective,18.0,9d7c4e74ff1568700970bc620a7b8be082f43cb0bfc04b29a1d791dfea9e2028,2018,completed,0.47676636459162325,0.46866267539305334,
doe-so-rep-18,repeated_preplanned_doe_single_objective,18.0,9d7c4e74ff1568700970bc620a7b8be082f43cb0bfc04b29a1d791dfea9e2028,2019,completed,0.46889288783659566,0.4702376113517394,
doe-so-rep-18,repeated_preplanned_doe_single_objective,18.0,9d7c4e74ff1568700970bc620a7b8be082f43cb0bfc04b29a1d791dfea9e2028,2020,completed,0.47188976464833565,0.46687643731362266,
doe-mo-rep-19,repeated_preplanned_doe_multi_objective,19.0,af55425015c1452d7d9dae6282fb5c32784e04a12082a73f0872ccba8d124d10,2001,completed,0.48854051716430497,0.4952138078063745,
doe-mo-rep-19,repeated_preplanned_doe_multi_objective,19.0,af55425015c1452d7d9dae6282fb5c32784e04a12082a73f0872ccba8d124d10,2002,completed,0.49872856372264485,0.48847351939855616,
doe-mo-rep-19,repeated_preplanned_doe_multi_objective,19.0,af55425015c1452d7d9dae6282fb5c32784e04a12082a73f0872ccba8d124d10,2003,completed,0.48388978176529035,0.49220400069808184,
doe-mo-rep-19,repeated_preplanned_doe_multi_objective,19.0,af55425015c1452d7d9dae6282fb5c32784e04a12082a73f0872ccba8d124d10,2004,completed,0.4881739883964319,0.49127853621199946,
doe-mo-rep-19,repeated_preplanned_doe_multi_objective,19.0,af55425015c1452d7d9dae6282fb5c32784e04a12082a73f0872ccba8d124d10,2005,completed,0.47598880447099934,0.4910944919341155,
doe-mo-rep-19,repeated_preplanned_doe_multi_objective,19.0,af55425015c1452d7d9dae6282fb5c32784e04a12082a73f0872ccba8d124d10,2006,completed,0.48695372662032943,0.4936829002887659,
doe-mo-rep-19,repeated_preplanned_doe_multi_objective,19.0,af55425015c1452d7d9dae6282fb5c32784e04a12082a73f0872ccba8d124d10,2007,completed,0.48035124171031973,0.48759856292989795,
doe-mo-rep-19,repeated_preplanned_doe_multi_objective,19.0,af55425015c1452d7d9dae6282fb5c32784e04a12082a73f0872ccba8d124d10,2008,completed,0.4876739270723537,0.4905733844299198,
doe-mo-rep-19,repeated_preplanned_doe_multi_objective,19.0,af55425015c1452d7d9dae6282fb5c32784e04a12082a73f0872ccba8d124d10,2009,completed,0.5014997702325186,0.49722312757427584,
doe-mo-rep-19,repeated_preplanned_doe_multi_objective,19.0,af55425015c1452d7d9dae6282fb5c32784e04a12082a73f0872ccba8d124d10,2010,completed,0.4881996237531748,0.49560148549272026,
doe-mo-rep-19,repeated_preplanned_doe_multi_objective,19.0,af55425015c1452d7d9dae6282fb5c32784e04a12082a73f0872ccba8d124d10,2011,completed,0.48286548654188405,0.49771188280778594,
doe-mo-rep-19,repeated_preplanned_doe_multi_objective,19.0,af55425015c1452d7d9dae6282fb5c32784e04a12082a73f0872ccba8d124d10,2012,completed,0.49521651865273,0.49063118067318834,
doe-mo-rep-19,repeated_preplanned_doe_multi_objective,19.0,af55425015c1452d7d9dae6282fb5c32784e04a12082a73f0872ccba8d124d10,2013,completed,0.4934064921775921,0.49489389413872065,
doe-mo-rep-19,repeated_preplanned_doe_multi_objective,19.0,af55425015c1452d7d9dae6282fb5c32784e04a12082a73f0872ccba8d124d10,2014,completed,0.481200300731396,0.4946445928822312,
doe-mo-rep-19,repeated_preplanned_doe_multi_objective,19.0,af55425015c1452d7d9dae6282fb5c32784e04a12082a73f0872ccba8d124d10,2015,completed,0.479172943553636,0.49605247991259604,
doe-mo-rep-19,repeated_preplanned_doe_multi_objective,19.0,af55425015c1452d7d9dae6282fb5c32784e04a12082a73f0872ccba8d124d10,2016,completed,0.4825384337896471,0.4908447468207046,
doe-mo-rep-19,repeated_preplanned_doe_multi_objective,19.0,af55425015c1452d7d9dae6282fb5c32784e04a12082a73f0872ccba8d124d10,2017,completed,0.49127715021335183,0.4886841975302922,
doe-mo-rep-19,repeated_preplanned_doe_multi_objective,19.0,af55425015c1452d7d9dae6282fb5c32784e04a12082a73f0872ccba8d124d10,2018,completed,0.49740143042616713,0.4924440014284012,
doe-mo-rep-19,repeated_preplanned_doe_multi_objective,19.0,af55425015c1452d7d9dae6282fb5c32784e04a12082a73f0872ccba8d124d10,2019,completed,0.4798810938513678,0.48938534508636206,
doe-mo-rep-19,repeated_preplanned_doe_multi_objective,19.0,af55425015c1452d7d9dae6282fb5c32784e04a12082a73f0872ccba8d124d10,2020,completed,0.4921329961001303,0.4931448544277782,
doe-so-rep-19,repeated_preplanned_doe_single_objective,19.0,9d7c4e74ff1568700970bc620a7b8be082f43cb0bfc04b29a1d791dfea9e2028,2001,completed,0.4751183194324913,0.46866876182653505,
doe-so-rep-19,repeated_preplanned_doe_single_objective,19.0,9d7c4e74ff1568700970bc620a7b8be082f43cb0bfc04b29a1d791dfea9e2028,2002,completed,0.48091816524918657,0.4689310825721539,
doe-so-rep-19,repeated_preplanned_doe_single_objective,19.0,9d7c4e74ff1568700970bc620a7b8be082f43cb0bfc04b29a1d791dfea9e2028,2003,completed,0.459445286334745,0.4649749039041509,
doe-so-rep-19,repeated_preplanned_doe_single_objective,19.0,9d7c4e74ff1568700970bc620a7b8be082f43cb0bfc04b29a1d791dfea9e2028,2004,completed,0.46490573980021543,0.4645480690063279,
doe-so-rep-19,repeated_preplanned_doe_single_objective,19.0,9d7c4e74ff1568700970bc620a7b8be082f43cb0bfc04b29a1d791dfea9e2028,2005,completed,0.4572170171849771,0.4723356396907691,
doe-so-rep-19,repeated_preplanned_doe_single_objective,19.0,9d7c4e74ff1568700970bc620a7b8be082f43cb0bfc04b29a1d791dfea9e2028,2006,completed,0.47336604722605524,0.4709112158100828,
doe-so-rep-19,repeated_preplanned_doe_single_objective,19.0,9d7c4e74ff1568700970bc620a7b8be082f43cb0bfc04b29a1d791dfea9e2028,2007,completed,0.4570330674963435,0.46507376640596004,
doe-so-rep-19,repeated_preplanned_doe_single_objective,19.0,9d7c4e74ff1568700970bc620a7b8be082f43cb0bfc04b29a1d791dfea9e2028,2008,completed,0.4687506231820256,0.46924643200828026,
doe-so-rep-19,repeated_preplanned_doe_single_objective,19.0,9d7c4e74ff1568700970bc620a7b8be082f43cb0bfc04b29a1d791dfea9e2028,2009,completed,0.48041493990842693,0.47204189357598164,
doe-so-rep-19,repeated_preplanned_doe_single_objective,19.0,9d7c4e74ff1568700970bc620a7b8be082f43cb0bfc04b29a1d791dfea9e2028,2010,completed,0.4686062378327744,0.4725289678990777,
doe-so-rep-19,repeated_preplanned_doe_single_objective,19.0,9d7c4e74ff1568700970bc620a7b8be082f43cb0bfc04b29a1d791dfea9e2028,2011,completed,0.4705326297501655,0.4729659949809411,
doe-so-rep-19,repeated_preplanned_doe_single_objective,19.0,9d7c4e74ff1568700970bc620a7b8be082f43cb0bfc04b29a1d791dfea9e2028,2012,completed,0.4753837714676779,0.46569745845692406,
doe-so-rep-19,repeated_preplanned_doe_single_objective,19.0,9d7c4e74ff1568700970bc620a7b8be082f43cb0bfc04b29a1d791dfea9e2028,2013,completed,0.47214075050566956,0.46920880663846937,
doe-so-rep-19,repeated_preplanned_doe_single_objective,19.0,9d7c4e74ff1568700970bc620a7b8be082f43cb0bfc04b29a1d791dfea9e2028,2014,completed,0.458569220628145,0.4638440483211268,
doe-so-rep-19,repeated_preplanned_doe_single_objective,19.0,9d7c4e74ff1568700970bc620a7b8be082f43cb0bfc04b29a1d791dfea9e2028,2015,completed,0.45627369889918196,0.4701226198953921,
doe-so-rep-19,repeated_preplanned_doe_single_objective,19.0,9d7c4e74ff1568700970bc620a7b8be082f43cb0bfc04b29a1d791dfea9e2028,2016,completed,0.45968173722401456,0.463927534578103,
doe-so-rep-19,repeated_preplanned_doe_single_objective,19.0,9d7c4e74ff1568700970bc620a7b8be082f43cb0bfc04b29a1d791dfea9e2028,2017,completed,0.4785500324859321,0.47100879508311694,
doe-so-rep-19,repeated_preplanned_doe_single_objective,19.0,9d7c4e74ff1568700970bc620a7b8be082f43cb0bfc04b29a1d791dfea9e2028,2018,completed,0.47676636459162325,0.46866267539305334,
doe-so-rep-19,repeated_preplanned_doe_single_objective,19.0,9d7c4e74ff1568700970bc620a7b8be082f43cb0bfc04b29a1d791dfea9e2028,2019,completed,0.46889288783659566,0.4702376113517394,
doe-so-rep-19,repeated_preplanned_doe_single_objective,19.0,9d7c4e74ff1568700970bc620a7b8be082f43cb0bfc04b29a1d791dfea9e2028,2020,completed,0.47188976464833565,0.46687643731362266,
doe-mo-historical,historical_preplanned_doe_desirability,,b05e8e5cb67e86681aa9680ef6848e3eace8ed216cde1697d71402cb3dcdd3a8,2001,completed,0.4797009442540395,0.48326443286450954,
doe-mo-historical,historical_preplanned_doe_desirability,,b05e8e5cb67e86681aa9680ef6848e3eace8ed216cde1697d71402cb3dcdd3a8,2002,completed,0.4969713138161122,0.4932070702870329,
doe-mo-historical,historical_preplanned_doe_desirability,,b05e8e5cb67e86681aa9680ef6848e3eace8ed216cde1697d71402cb3dcdd3a8,2003,completed,0.47410679800529953,0.4892232468908097,
doe-mo-historical,historical_preplanned_doe_desirability,,b05e8e5cb67e86681aa9680ef6848e3eace8ed216cde1697d71402cb3dcdd3a8,2004,completed,0.48183106181957036,0.48647856045030524,
doe-mo-historical,historical_preplanned_doe_desirability,,b05e8e5cb67e86681aa9680ef6848e3eace8ed216cde1697d71402cb3dcdd3a8,2005,completed,0.4701437889016469,0.48650046317532014,
doe-mo-historical,historical_preplanned_doe_desirability,,b05e8e5cb67e86681aa9680ef6848e3eace8ed216cde1697d71402cb3dcdd3a8,2006,completed,0.4777699589288864,0.48831191306378446,
doe-mo-historical,historical_preplanned_doe_desirability,,b05e8e5cb67e86681aa9680ef6848e3eace8ed216cde1697d71402cb3dcdd3a8,2007,completed,0.4710012095334284,0.48955819274686085,
doe-mo-historical,historical_preplanned_doe_desirability,,b05e8e5cb67e86681aa9680ef6848e3eace8ed216cde1697d71402cb3dcdd3a8,2008,completed,0.48428331342005954,0.4846335702451271,
doe-mo-historical,historical_preplanned_doe_desirability,,b05e8e5cb67e86681aa9680ef6848e3eace8ed216cde1697d71402cb3dcdd3a8,2009,completed,0.4911772198234909,0.4873956856648162,
doe-mo-historical,historical_preplanned_doe_desirability,,b05e8e5cb67e86681aa9680ef6848e3eace8ed216cde1697d71402cb3dcdd3a8,2010,completed,0.48418551385527275,0.4954916939260383,
doe-mo-historical,historical_preplanned_doe_desirability,,b05e8e5cb67e86681aa9680ef6848e3eace8ed216cde1697d71402cb3dcdd3a8,2011,completed,0.47956086805068193,0.4935641293405894,
doe-mo-historical,historical_preplanned_doe_desirability,,b05e8e5cb67e86681aa9680ef6848e3eace8ed216cde1697d71402cb3dcdd3a8,2012,completed,0.49168679049907754,0.48668995308966617,
doe-mo-historical,historical_preplanned_doe_desirability,,b05e8e5cb67e86681aa9680ef6848e3eace8ed216cde1697d71402cb3dcdd3a8,2013,completed,0.483346077400619,0.4879022173557772,
doe-mo-historical,historical_preplanned_doe_desirability,,b05e8e5cb67e86681aa9680ef6848e3eace8ed216cde1697d71402cb3dcdd3a8,2014,completed,0.47376417908949303,0.48590736826166414,
doe-mo-historical,historical_preplanned_doe_desirability,,b05e8e5cb67e86681aa9680ef6848e3eace8ed216cde1697d71402cb3dcdd3a8,2015,completed,0.4756625618611236,0.4873088812716649,
doe-mo-historical,historical_preplanned_doe_desirability,,b05e8e5cb67e86681aa9680ef6848e3eace8ed216cde1697d71402cb3dcdd3a8,2016,completed,0.47963220286177616,0.4850358919680468,
doe-mo-historical,historical_preplanned_doe_desirability,,b05e8e5cb67e86681aa9680ef6848e3eace8ed216cde1697d71402cb3dcdd3a8,2017,completed,0.4874509713128171,0.4903316727160991,
doe-mo-historical,historical_preplanned_doe_desirability,,b05e8e5cb67e86681aa9680ef6848e3eace8ed216cde1697d71402cb3dcdd3a8,2018,completed,0.4919421780124644,0.48778271326291556,
doe-mo-historical,historical_preplanned_doe_desirability,,b05e8e5cb67e86681aa9680ef6848e3eace8ed216cde1697d71402cb3dcdd3a8,2019,completed,0.4827571636043926,0.4872811127214672,
doe-mo-historical,historical_preplanned_doe_desirability,,b05e8e5cb67e86681aa9680ef6848e3eace8ed216cde1697d71402cb3dcdd3a8,2020,completed,0.4844499283244913,0.49230877424418923,
doe-so-historical,historical_preplanned_doe_single_objective,,0079fbae0ec5b7cb9860026dbe3ae7cd5b95fdd8e21a212d3ac6a254e0f40ddb,2001,completed,0.46660855174522853,0.4659592469582557,
doe-so-historical,historical_preplanned_doe_single_objective,,0079fbae0ec5b7cb9860026dbe3ae7cd5b95fdd8e21a212d3ac6a254e0f40ddb,2002,completed,0.4810791887597966,0.47010806047909226,
doe-so-historical,historical_preplanned_doe_single_objective,,0079fbae0ec5b7cb9860026dbe3ae7cd5b95fdd8e21a212d3ac6a254e0f40ddb,2003,completed,0.4614652653010691,0.4674359428307703,
doe-so-historical,historical_preplanned_doe_single_objective,,0079fbae0ec5b7cb9860026dbe3ae7cd5b95fdd8e21a212d3ac6a254e0f40ddb,2004,completed,0.46696825711183026,0.4664491811154063,
doe-so-historical,historical_preplanned_doe_single_objective,,0079fbae0ec5b7cb9860026dbe3ae7cd5b95fdd8e21a212d3ac6a254e0f40ddb,2005,completed,0.4558467353345583,0.4723673861520517,
doe-so-historical,historical_preplanned_doe_single_objective,,0079fbae0ec5b7cb9860026dbe3ae7cd5b95fdd8e21a212d3ac6a254e0f40ddb,2006,completed,0.47032486119512573,0.4702318048413459,
doe-so-historical,historical_preplanned_doe_single_objective,,0079fbae0ec5b7cb9860026dbe3ae7cd5b95fdd8e21a212d3ac6a254e0f40ddb,2007,completed,0.4600855701969226,0.469194935167998,
doe-so-historical,historical_preplanned_doe_single_objective,,0079fbae0ec5b7cb9860026dbe3ae7cd5b95fdd8e21a212d3ac6a254e0f40ddb,2008,completed,0.46657805004114183,0.4664115377644511,
doe-so-historical,historical_preplanned_doe_single_objective,,0079fbae0ec5b7cb9860026dbe3ae7cd5b95fdd8e21a212d3ac6a254e0f40ddb,2009,completed,0.47916531097013093,0.4738804194482325,
doe-so-historical,historical_preplanned_doe_single_objective,,0079fbae0ec5b7cb9860026dbe3ae7cd5b95fdd8e21a212d3ac6a254e0f40ddb,2010,completed,0.4695763826231921,0.47023514582253667,
doe-so-historical,historical_preplanned_doe_single_objective,,0079fbae0ec5b7cb9860026dbe3ae7cd5b95fdd8e21a212d3ac6a254e0f40ddb,2011,completed,0.4691959587303466,0.47246241586792925,
doe-so-historical,historical_preplanned_doe_single_objective,,0079fbae0ec5b7cb9860026dbe3ae7cd5b95fdd8e21a212d3ac6a254e0f40ddb,2012,completed,0.47845805886160303,0.46722645339979363,
doe-so-historical,historical_preplanned_doe_single_objective,,0079fbae0ec5b7cb9860026dbe3ae7cd5b95fdd8e21a212d3ac6a254e0f40ddb,2013,completed,0.47360445746224206,0.4729767666196345,
doe-so-historical,historical_preplanned_doe_single_objective,,0079fbae0ec5b7cb9860026dbe3ae7cd5b95fdd8e21a212d3ac6a254e0f40ddb,2014,completed,0.46540667850029255,0.4672474467822968,
doe-so-historical,historical_preplanned_doe_single_objective,,0079fbae0ec5b7cb9860026dbe3ae7cd5b95fdd8e21a212d3ac6a254e0f40ddb,2015,completed,0.4577699341499463,0.4701481333561506,
doe-so-historical,historical_preplanned_doe_single_objective,,0079fbae0ec5b7cb9860026dbe3ae7cd5b95fdd8e21a212d3ac6a254e0f40ddb,2016,completed,0.4620664756007974,0.46605797253663467,
doe-so-historical,historical_preplanned_doe_single_objective,,0079fbae0ec5b7cb9860026dbe3ae7cd5b95fdd8e21a212d3ac6a254e0f40ddb,2017,completed,0.47402648413958404,0.470593982830341,
doe-so-historical,historical_preplanned_doe_single_objective,,0079fbae0ec5b7cb9860026dbe3ae7cd5b95fdd8e21a212d3ac6a254e0f40ddb,2018,completed,0.4763857775482635,0.4679417128404175,
doe-so-historical,historical_preplanned_doe_single_objective,,0079fbae0ec5b7cb9860026dbe3ae7cd5b95fdd8e21a212d3ac6a254e0f40ddb,2019,completed,0.47012774084724623,0.46856854151715577,
doe-so-historical,historical_preplanned_doe_single_objective,,0079fbae0ec5b7cb9860026dbe3ae7cd5b95fdd8e21a212d3ac6a254e0f40ddb,2020,completed,0.4688513682371165,0.4651532231658105,
